[Index]
Format=Maihime2.71EX
Version=1.10
Machine=Modular
Date=2026/07/03,08:38:33 
AuthorType=DataGenerator
Author=PT200
Diff=No

[Machines]
IDNUM MCNAME MCNo HeadNo NozzleChange FeederSlot14 DoubleFeeder BulkFeeder StickFeeder TrayFeeder StrayFeeder BGACSP SpecialNozzle LeadChecker LoaderControl TrayMagazine Nozzle FdrSlot FdrTblType JtrayFeeder ManualTray Hs8NzlChg
1 CM602-L 1 1 1 1 1 0 0 0 0 0 0 0 0 0 12 27 0 0 0 0
2 CM602-L 1 2 1 1 1 0 0 0 0 0 0 0 0 0 12 27 0 0 0 0
3 CM602-L 1 3 1 1 1 0 0 0 0 0 0 0 0 0 12 27 0 0 0 0
4 CM602-L 1 4 1 1 1 0 0 0 0 0 0 0 0 0 12 27 0 0 0 0

[LotNames]
Lot Filter AutoChg BaseChg BypassMode Lane MCFileName ProductionID Comment
"TOP_EBT30493093" 0 0 0 0 0 "T_EBT30493093" "" ""

[BoardData]
X=280.000
Y=206.000
Z=1.600
OrgOffsetX=0.000
OrgOffsetY=0.000
OrgType=Right,Rear
Carrier=NO
SecPosOffset=0.000

[BlockAttribute]
IDNUM OX OY OZ B BLK ROT PCBPosition PROGDIST BG
1 0.000 0.000 0.000 0 1 0 0 0 0


[FilterData]
IDNUM FID P

[Individual]
IDNUM MBMark BMark BREC BRMode Vac Mrec CCRec Opti IH HAcc BlockRcgTrans PCBHeightMeasure HeightCorrectMode BothSideMount OptimizeType ProgDistRecog RecChkMount OptMode In1BlkPrtEmpMntPosCancel In1BlkPreventPrtEmp In1BlkStopPredictPrtEmp RefInterfereOpt BadMarkDeliverType PCBHightDeliverType BlkMarkDeliverType
1 NO NO YES 1 YES NO NO YES 0.01 NO 0 NO 1 NO 1 NO NO 0 NO NO NO NO 3 3 3

[FdrTblMode]
IDNUM NowStation FdrTblMode Pass PassLane
1 2 JOINT NO NO
2 2 JOINT YES NO
3 2 JOINT NO NO
4 2 JOINT NO NO

[VNozzleStock]
IDNUM N P SKU

[VStockData]
IDNUM N PA PB PC PD PE PF PG PH PI PJ TA TB TC TD TE TF TG TH TI TJ DA DB SKU

[NozzleLIBNCM]
IDNUM MCNAME MCNo Nozzle NozzleType Diameter Tuph Maxh X Y NozzleName CO LO CorrectHeat VU VD TT MT VA1 VA2 COMMENT Maxs WriteUserName WriteDate
1 "CM602-1" 1 230 1 1.10 13.80 13.80 1.00 0.90 "1005-1608" 1 1 1 5 -2 5 0 -5 -90 "1005-1608" 144 "create" "16:52:02, 2013/01/02"
2 "CM602-1" 1 110 1 0.60 13.80 13.80 0.60 0.60 "1005MM" 1 1 1 5 -2 5 0 -3 -90 "1005" 144 "create" "16:52:02, 2013/01/02"

[MultiPriority]
IDNUM CNO SEQ POS MODE

[RelativePriority]
IDNUM Pri_SEQ Sec_SEQ MODE

[MultiPriorityBlock]
IDNUM CNO SEQ POS MODE

[RelativePriorityBlock]
IDNUM Pri_SEQ Sec_SEQ MODE

[BlockData]
IDNUM O X Y A PARTS BRM C M F PR MB PRISEQ
1 1 151.500 25.250 90.000 1 0 "Q201" 0 0 1000 0 0
2 1 195.150 173.150 180.000 1 0 "Q1309" 0 0 1000 0 0
3 1 100.500 129.840 90.000 2 0 "C340" 0 0 1000 0 0
4 1 100.500 130.840 90.000 2 0 "C341" 0 0 1000 0 0
5 1 169.790 131.900 0.000 2 0 "C1521" 0 0 1000 0 0
6 1 16.800 115.350 0.000 2 0 "C5006" 0 0 1000 0 0
7 1 13.250 56.550 -90.000 3 0 "C6504" 0 0 1000 0 0
8 1 11.450 56.550 90.000 3 0 "C6508" 0 0 1000 0 0
9 1 24.100 22.750 90.000 4 0 "C3410" 0 0 1000 0 0
10 1 149.874 40.975 180.000 4 0 "C4801" 0 0 1000 0 0
11 1 149.874 39.075 0.000 4 0 "C4802" 0 0 1000 0 0
12 1 42.650 145.650 180.000 5 0 "C5312" 0 0 1000 0 0
13 1 57.050 148.800 90.000 5 0 "C5313" 0 0 1000 0 0
14 1 63.900 151.050 -90.000 5 0 "C5316" 0 0 1000 0 0
15 1 72.200 146.400 180.000 5 0 "C5317" 0 0 1000 0 0
16 1 20.650 162.350 0.000 5 0 "C5413" 0 0 1000 0 0
17 1 30.150 161.550 0.000 5 0 "C5414" 0 0 1000 0 0
18 1 31.350 161.550 180.000 5 0 "C5415" 0 0 1000 0 0
19 1 38.200 163.700 180.000 5 0 "C5416" 0 0 1000 0 0
20 1 78.750 187.550 -90.000 6 0 "C4126" 0 0 1000 0 0
21 1 77.950 184.250 -90.000 6 0 "C4128" 0 0 1000 0 0
22 1 102.000 130.340 0.000 7 0 "C339" 0 0 1000 0 0
23 1 236.050 189.350 180.000 8 0 "C2911" 0 0 1000 0 0
24 1 76.450 187.550 -90.000 8 0 "C4127" 0 0 1000 0 0
25 1 25.350 53.500 180.000 8 0 "C6515" 0 0 1000 0 0
26 1 104.750 140.900 180.000 9 0 "C202" 0 0 1000 0 0
27 1 231.850 192.200 0.000 9 0 "C1004" 0 0 1000 0 0
28 1 63.350 180.000 90.000 9 0 "C4110" 0 0 1000 0 0
29 1 19.700 134.400 180.000 9 0 "C10508" 0 0 1000 0 0
30 1 74.450 188.450 90.000 10 0 "C4106" 0 0 1000 0 0
31 1 62.400 139.450 0.000 10 0 "C5305" 0 0 1000 0 0
32 1 93.750 176.350 0.000 11 0 "C104" 0 0 1000 0 0
33 1 109.800 172.600 -90.000 11 0 "C105" 0 0 1000 0 0
34 1 103.500 128.540 90.000 11 0 "C358" 0 0 1000 0 0
35 1 106.200 127.950 90.000 11 0 "C359" 0 0 1000 0 0
36 1 162.640 147.100 90.000 11 0 "C602" 0 0 1000 0 0
37 1 121.140 79.950 -90.000 11 0 "C604" 0 0 1000 0 0
38 1 129.390 82.800 45.000 11 0 "C614" 0 0 1000 0 0
39 1 137.350 74.850 45.000 11 0 "C627" 0 0 1000 0 0
40 1 186.600 80.600 0.000 11 0 "C633" 0 0 1000 0 0
41 1 185.500 80.600 0.000 11 0 "C634" 0 0 1000 0 0
42 1 161.240 127.700 0.000 11 0 "C637" 0 0 1000 0 0
43 1 161.240 122.300 180.000 11 0 "C640" 0 0 1000 0 0
44 1 115.850 173.200 0.000 11 0 "C641" 0 0 1000 0 0
45 1 161.240 98.900 0.000 11 0 "C642" 0 0 1000 0 0
46 1 161.240 93.500 180.000 11 0 "C643" 0 0 1000 0 0
47 1 135.990 144.800 90.000 11 0 "C658" 0 0 1000 0 0
48 1 199.300 177.650 180.000 11 0 "C1301" 0 0 1000 0 0
49 1 197.150 173.250 180.000 11 0 "C1308" 0 0 1000 0 0
50 1 192.300 182.150 180.000 11 0 "C1416" 0 0 1000 0 0
51 1 110.900 29.100 90.000 11 0 "C3204" 0 0 1000 0 0
52 1 42.100 26.800 -90.000 11 0 "C3205" 0 0 1000 0 0
53 1 67.400 20.300 -90.000 11 0 "C3206" 0 0 1000 0 0
54 1 130.000 21.500 -90.000 11 0 "C3207" 0 0 1000 0 0
55 1 27.450 22.750 -90.000 11 0 "C3411" 0 0 1000 0 0
56 1 55.050 186.400 180.000 11 0 "C4100" 0 0 1000 0 0
57 1 47.250 186.750 90.000 11 0 "C4101" 0 0 1000 0 0
58 1 73.350 183.300 90.000 11 0 "C4107" 0 0 1000 0 0
59 1 56.350 178.550 180.000 11 0 "C4124" 0 0 1000 0 0
60 1 57.450 178.550 180.000 11 0 "C4125" 0 0 1000 0 0
61 1 140.474 41.775 90.000 11 0 "C4804" 0 0 1000 0 0
62 1 148.900 44.300 90.000 11 0 "C4805" 0 0 1000 0 0
63 1 147.150 36.700 180.000 11 0 "C4807" 0 0 1000 0 0
64 1 143.750 45.600 90.000 11 0 "C4808" 0 0 1000 0 0
65 1 22.400 125.200 -90.000 11 0 "C5005" 0 0 1000 0 0
66 1 15.250 57.650 90.000 11 0 "C6502" 0 0 1000 0 0
67 1 22.450 57.750 180.000 11 0 "C6503" 0 0 1000 0 0
68 1 22.350 49.050 0.000 11 0 "C6512" 0 0 1000 0 0
69 1 116.800 190.250 0.000 11 0 "C7601" 0 0 1000 0 0
70 1 115.800 190.250 0.000 11 0 "C7602" 0 0 1000 0 0
71 1 115.300 188.250 0.000 11 0 "C7603" 0 0 1000 0 0
72 1 114.300 188.250 0.000 11 0 "C7604" 0 0 1000 0 0
73 1 113.800 190.250 0.000 11 0 "C7605" 0 0 1000 0 0
74 1 112.800 190.250 0.000 11 0 "C7606" 0 0 1000 0 0
75 1 112.300 188.250 0.000 11 0 "C7607" 0 0 1000 0 0
76 1 111.300 188.250 0.000 11 0 "C7608" 0 0 1000 0 0
77 1 110.800 190.250 0.000 11 0 "C7609" 0 0 1000 0 0
78 1 109.800 190.250 0.000 11 0 "C7610" 0 0 1000 0 0
79 1 109.300 188.250 0.000 11 0 "C7611" 0 0 1000 0 0
80 1 108.300 188.250 0.000 11 0 "C7612" 0 0 1000 0 0
81 1 107.800 190.250 0.000 11 0 "C7613" 0 0 1000 0 0
82 1 106.800 190.250 0.000 11 0 "C7614" 0 0 1000 0 0
83 1 106.300 188.250 0.000 11 0 "C7615" 0 0 1000 0 0
84 1 105.300 188.250 0.000 11 0 "C7616" 0 0 1000 0 0
85 1 150.150 190.250 0.000 11 0 "C7617" 0 0 1000 0 0
86 1 149.150 190.250 0.000 11 0 "C7618" 0 0 1000 0 0
87 1 148.650 188.250 0.000 11 0 "C7619" 0 0 1000 0 0
88 1 147.650 188.250 0.000 11 0 "C7620" 0 0 1000 0 0
89 1 147.150 190.250 0.000 11 0 "C7621" 0 0 1000 0 0
90 1 146.150 190.250 0.000 11 0 "C7622" 0 0 1000 0 0
91 1 145.650 188.250 0.000 11 0 "C7623" 0 0 1000 0 0
92 1 144.650 188.250 0.000 11 0 "C7624" 0 0 1000 0 0
93 1 144.150 190.250 0.000 11 0 "C7625" 0 0 1000 0 0
94 1 143.150 190.250 0.000 11 0 "C7626" 0 0 1000 0 0
95 1 142.650 188.250 0.000 11 0 "C7627" 0 0 1000 0 0
96 1 141.650 188.250 0.000 11 0 "C7628" 0 0 1000 0 0
97 1 141.150 190.250 0.000 11 0 "C7629" 0 0 1000 0 0
98 1 140.150 190.250 0.000 11 0 "C7630" 0 0 1000 0 0
99 1 139.650 188.250 0.000 11 0 "C7631" 0 0 1000 0 0
100 1 138.650 188.250 0.000 11 0 "C7632" 0 0 1000 0 0
101 1 153.750 159.000 0.000 11 0 "C8800" 0 0 1000 0 0
102 1 161.140 146.400 0.000 11 0 "C8802" 0 0 1000 0 0
103 1 142.590 148.550 180.000 11 0 "C8804" 0 0 1000 0 0
104 1 160.040 146.400 0.000 11 0 "C8806" 0 0 1000 0 0
105 1 155.200 157.350 -90.000 11 0 "C8809" 0 0 1000 0 0
106 1 84.100 115.500 90.000 11 0 "C10600" 0 0 1000 0 0
107 1 230.800 186.950 180.000 12 0 "C1000" 0 0 1000 0 0
108 1 186.890 117.900 0.000 12 0 "C1529" 0 0 1000 0 0
109 1 183.590 121.650 90.000 12 0 "C1534" 0 0 1000 0 0
110 1 249.250 43.800 180.000 12 0 "C1601" 0 0 1000 0 0
111 1 246.450 50.650 90.000 12 0 "C1605" 0 0 1000 0 0
112 1 212.950 143.000 90.000 12 0 "C1702" 0 0 1000 0 0
113 1 207.300 137.800 180.000 12 0 "C1706" 0 0 1000 0 0
114 1 204.100 132.900 0.000 12 0 "C1711" 0 0 1000 0 0
115 1 174.050 101.850 -90.000 12 0 "C1817" 0 0 1000 0 0
116 1 177.090 95.150 180.000 12 0 "C1821" 0 0 1000 0 0
117 1 182.800 162.400 0.000 12 0 "C2000" 0 0 1000 0 0
118 1 179.618 151.857 -90.000 12 0 "C2015" 0 0 1000 0 0
119 1 156.950 70.040 90.000 12 0 "C2100" 0 0 1000 0 0
120 1 141.450 73.050 90.000 12 0 "C2112" 0 0 1000 0 0
121 1 156.950 69.040 90.000 12 0 "C2114" 0 0 1000 0 0
122 1 179.150 80.450 90.000 12 0 "C2201" 0 0 1000 0 0
123 1 177.840 86.250 -90.000 12 0 "C2206" 0 0 1000 0 0
124 1 181.850 185.250 -90.000 12 0 "C2901" 0 0 1000 0 0
125 1 170.950 183.500 90.000 12 0 "C2903" 0 0 1000 0 0
126 1 249.800 185.900 180.000 12 0 "C2915" 0 0 1000 0 0
127 1 157.250 182.400 0.000 12 0 "C4512" 0 0 1000 0 0
128 1 157.400 176.150 180.000 12 0 "C4906" 0 0 1000 0 0
129 1 156.150 182.400 0.000 12 0 "C4907" 0 0 1000 0 0
130 1 49.600 140.150 180.000 12 0 "C5325" 0 0 1000 0 0
131 1 189.990 121.600 180.000 13 0 "C1528" 0 0 1000 0 0
132 1 252.340 49.050 180.000 13 0 "C1600" 0 0 1000 0 0
133 1 207.000 145.500 -90.000 13 0 "C1700" 0 0 1000 0 0
134 1 171.440 96.950 0.000 13 0 "C1816" 0 0 1000 0 0
135 1 175.150 160.000 90.000 13 0 "C2001" 0 0 1000 0 0
136 1 181.390 85.700 180.000 13 0 "C2200" 0 0 1000 0 0
137 1 107.540 114.300 0.000 14 0 "C102" 0 0 1000 0 0
138 1 107.540 116.150 180.000 14 0 "C103" 0 0 1000 0 0
139 1 59.050 179.550 90.000 15 0 "C4112" 0 0 1000 0 0
140 1 61.000 179.550 -90.000 15 0 "C4113" 0 0 1000 0 0
141 1 151.300 35.700 90.000 15 0 "C4821" 0 0 1000 0 0
142 1 153.200 35.700 -90.000 15 0 "C4822" 0 0 1000 0 0
143 1 60.950 136.750 0.000 15 0 "C5300" 0 0 1000 0 0
144 1 61.950 136.750 0.000 15 0 "C5301" 0 0 1000 0 0
145 1 36.400 150.500 90.000 15 0 "C5400" 0 0 1000 0 0
146 1 36.400 151.750 90.000 15 0 "C5401" 0 0 1000 0 0
147 1 26.550 51.700 180.000 15 0 "C6506" 0 0 1000 0 0
148 1 28.000 51.700 180.000 15 0 "C6507" 0 0 1000 0 0
149 1 179.890 130.750 180.000 16 0 "C1519" 0 0 1000 0 0
150 1 188.940 119.700 0.000 16 0 "C1535" 0 0 1000 0 0
151 1 172.290 99.050 0.000 16 0 "C1827" 0 0 1000 0 0
152 1 180.340 83.800 0.000 16 0 "C2207" 0 0 1000 0 0
153 1 109.640 115.100 180.000 17 0 "R103" 0 0 1000 0 0
154 1 198.250 175.250 180.000 17 0 "R1340" 0 0 1000 0 0
155 1 187.940 117.900 180.000 17 0 "R1514" 0 0 1000 0 0
156 1 249.650 45.300 90.000 17 0 "R1600" 0 0 1000 0 0
157 1 211.100 143.000 90.000 17 0 "R1703" 0 0 1000 0 0
158 1 173.650 100.350 180.000 17 0 "R1815" 0 0 1000 0 0
159 1 182.800 160.550 180.000 17 0 "R2002" 0 0 1000 0 0
160 1 185.718 156.657 180.000 17 0 "R2012" 0 0 1000 0 0
161 1 148.150 157.100 180.000 17 0 "R2031" 0 0 1000 0 0
162 1 157.450 79.490 180.000 17 0 "R2102" 0 0 1000 0 0
163 1 156.250 78.490 0.000 17 0 "R2104" 0 0 1000 0 0
164 1 155.650 71.290 -90.000 17 0 "R2105" 0 0 1000 0 0
165 1 161.400 77.240 -90.000 17 0 "R2107" 0 0 1000 0 0
166 1 162.350 80.650 0.000 17 0 "R2110" 0 0 1000 0 0
167 1 179.540 81.900 180.000 17 0 "R2203" 0 0 1000 0 0
168 1 71.050 185.200 -90.000 17 0 "R4115" 0 0 1000 0 0
169 1 228.500 33.900 180.000 17 0 "R4301" 0 0 1000 0 0
170 1 229.500 33.900 180.000 17 0 "R4302" 0 0 1000 0 0
171 1 24.550 38.700 90.000 17 0 "R4507" 0 0 1000 0 0
172 1 24.550 37.700 90.000 17 0 "R4508" 0 0 1000 0 0
173 1 158.400 182.400 0.000 17 0 "R4510" 0 0 1000 0 0
174 1 140.463 40.625 -90.000 17 0 "R4811" 0 0 1000 0 0
175 1 140.463 39.425 -90.000 17 0 "R4812" 0 0 1000 0 0
176 1 155.400 176.150 0.000 17 0 "R4908" 0 0 1000 0 0
177 1 11.100 107.550 90.000 17 0 "R5004" 0 0 1000 0 0
178 1 11.100 127.900 90.000 17 0 "R5005" 0 0 1000 0 0
179 1 62.950 140.850 90.000 17 0 "R5312" 0 0 1000 0 0
180 1 35.800 147.700 90.000 17 0 "R5410" 0 0 1000 0 0
181 1 36.400 152.800 90.000 17 0 "R5412" 0 0 1000 0 0
182 1 14.250 141.700 180.000 17 0 "R10538" 0 0 1000 0 0
183 1 26.550 53.500 180.000 18 0 "R6503" 0 0 1000 0 0
184 1 28.000 53.500 180.000 18 0 "R6504" 0 0 1000 0 0
185 1 50.550 184.150 180.000 19 0 "R4105" 0 0 1000 0 0
186 1 51.550 184.150 180.000 19 0 "R4106" 0 0 1000 0 0
187 1 152.300 188.250 180.000 19 0 "R4914" 0 0 1000 0 0
188 1 151.300 188.250 180.000 19 0 "R4915" 0 0 1000 0 0
189 1 104.550 142.750 -90.000 20 0 "R330" 0 0 1000 0 0
190 1 76.050 186.000 180.000 20 0 "R4123" 0 0 1000 0 0
191 1 99.950 178.150 180.000 20 0 "R7655" 0 0 1000 0 0
192 1 99.950 176.350 0.000 20 0 "R7656" 0 0 1000 0 0
193 1 15.750 139.900 90.000 20 0 "R10500" 0 0 1000 0 0
194 1 15.750 141.000 90.000 20 0 "R10501" 0 0 1000 0 0
195 1 103.500 129.840 -90.000 21 0 "R351" 0 0 1000 0 0
196 1 103.500 130.840 -90.000 21 0 "R352" 0 0 1000 0 0
197 1 104.300 138.840 90.000 22 0 "R370" 0 0 1000 0 0
198 1 106.200 141.300 90.000 23 0 "R208" 0 0 1000 0 0
199 1 120.600 84.750 180.000 23 0 "R209" 0 0 1000 0 0
200 1 104.300 137.740 -90.000 23 0 "R303" 0 0 1000 0 0
201 1 104.350 154.050 90.000 23 0 "R332" 0 0 1000 0 0
202 1 104.350 152.750 90.000 23 0 "R335" 0 0 1000 0 0
203 1 110.050 155.000 0.000 23 0 "R336" 0 0 1000 0 0
204 1 230.800 189.400 0.000 23 0 "R1008" 0 0 1000 0 0
205 1 232.900 192.200 180.000 23 0 "R1021" 0 0 1000 0 0
206 1 201.450 184.500 0.000 23 0 "R1028" 0 0 1000 0 0
207 1 183.490 131.600 180.000 23 0 "R1511" 0 0 1000 0 0
208 1 189.990 119.700 180.000 23 0 "R1517" 0 0 1000 0 0
209 1 252.340 47.150 180.000 23 0 "R1603" 0 0 1000 0 0
210 1 171.040 99.050 0.000 23 0 "R1811" 0 0 1000 0 0
211 1 186.500 160.900 90.000 23 0 "R2003" 0 0 1000 0 0
212 1 138.450 155.600 180.000 23 0 "R2034" 0 0 1000 0 0
213 1 163.050 74.590 0.000 23 0 "R2100" 0 0 1000 0 0
214 1 181.390 83.800 180.000 23 0 "R2206" 0 0 1000 0 0
215 1 137.150 22.500 90.000 23 0 "R3202" 0 0 1000 0 0
216 1 113.250 22.500 90.000 23 0 "R3205" 0 0 1000 0 0
217 1 48.050 22.480 90.000 23 0 "R3217" 0 0 1000 0 0
218 1 72.050 22.500 90.000 23 0 "R3218" 0 0 1000 0 0
219 1 73.350 182.300 90.000 23 0 "R4113" 0 0 1000 0 0
220 1 71.050 184.200 90.000 23 0 "R4114" 0 0 1000 0 0
221 1 63.350 178.950 90.000 23 0 "R4117" 0 0 1000 0 0
222 1 148.250 45.400 90.000 23 0 "R4804" 0 0 1000 0 0
223 1 64.100 139.050 -90.000 23 0 "R5303" 0 0 1000 0 0
224 1 47.500 140.150 0.000 23 0 "R5314" 0 0 1000 0 0
225 1 109.800 173.650 90.000 24 0 "R107" 0 0 1000 0 0
226 1 196.350 171.150 90.000 24 0 "R1335" 0 0 1000 0 0
227 1 94.850 43.500 180.000 24 0 "R3208" 0 0 1000 0 0
228 1 130.000 20.300 90.000 24 0 "R3210" 0 0 1000 0 0
229 1 45.250 25.550 90.000 24 0 "R3223" 0 0 1000 0 0
230 1 65.300 30.350 0.000 24 0 "R3225" 0 0 1000 0 0
231 1 100.150 42.500 0.000 24 0 "R3237" 0 0 1000 0 0
232 1 129.650 27.300 180.000 24 0 "R3241" 0 0 1000 0 0
233 1 115.250 31.050 180.000 24 0 "R3243" 0 0 1000 0 0
234 1 68.900 28.750 90.000 24 0 "R3245" 0 0 1000 0 0
235 1 45.250 26.850 90.000 24 0 "R3247" 0 0 1000 0 0
236 1 51.750 175.850 180.000 24 0 "R4130" 0 0 1000 0 0
237 1 21.450 57.750 180.000 24 0 "R6505" 0 0 1000 0 0
238 1 22.250 134.800 90.000 24 0 "R10517" 0 0 1000 0 0
239 1 14.150 130.350 180.000 24 0 "R10537" 0 0 1000 0 0
240 1 185.118 158.057 90.000 25 0 "R2008" 0 0 1000 0 0
241 1 188.940 121.600 0.000 26 0 "R1518" 0 0 1000 0 0
242 1 251.290 49.050 0.000 26 0 "R1604" 0 0 1000 0 0
243 1 172.440 96.950 180.000 26 0 "R1812" 0 0 1000 0 0
244 1 187.400 151.900 -90.000 26 0 "R2006" 0 0 1000 0 0
245 1 180.340 85.700 0.000 26 0 "R2207" 0 0 1000 0 0
246 1 18.600 135.200 0.000 26 0 "R10524" 0 0 1000 0 0
247 1 15.150 130.350 180.000 26 0 "R10535" 0 0 1000 0 0
248 1 140.000 155.550 0.000 27 0 "R122" 0 0 1000 0 0
249 1 117.050 75.100 0.000 27 0 "R602" 0 0 1000 0 0
250 1 212.600 180.900 -90.000 27 0 "R1001" 0 0 1000 0 0
251 1 214.600 180.900 90.000 27 0 "R1003" 0 0 1000 0 0
252 1 231.850 189.400 0.000 27 0 "R1005" 0 0 1000 0 0
253 1 206.450 177.450 180.000 27 0 "R1302" 0 0 1000 0 0
254 1 198.250 173.250 180.000 27 0 "R1333" 0 0 1000 0 0
255 1 199.300 175.250 180.000 27 0 "R1338" 0 0 1000 0 0
256 1 172.000 181.550 -90.000 27 0 "R1420" 0 0 1000 0 0
257 1 208.700 145.950 180.000 27 0 "R1705" 0 0 1000 0 0
258 1 236.000 187.050 180.000 27 0 "R2906" 0 0 1000 0 0
259 1 112.500 23.500 90.000 27 0 "R3207" 0 0 1000 0 0
260 1 46.650 22.080 180.000 27 0 "R3221" 0 0 1000 0 0
261 1 70.650 22.100 180.000 27 0 "R3222" 0 0 1000 0 0
262 1 106.700 41.100 0.000 27 0 "R3238" 0 0 1000 0 0
263 1 130.800 27.300 0.000 27 0 "R3242" 0 0 1000 0 0
264 1 113.400 33.450 -90.000 27 0 "R3244" 0 0 1000 0 0
265 1 71.100 28.750 90.000 27 0 "R3246" 0 0 1000 0 0
266 1 47.200 26.850 90.000 27 0 "R3248" 0 0 1000 0 0
267 1 135.750 22.100 180.000 27 0 "R3249" 0 0 1000 0 0
268 1 63.350 181.050 -90.000 27 0 "R4112" 0 0 1000 0 0
269 1 71.700 182.250 180.000 27 0 "R4128" 0 0 1000 0 0
270 1 217.650 33.550 0.000 27 0 "R4303" 0 0 1000 0 0
271 1 33.150 40.550 0.000 27 0 "R4501" 0 0 1000 0 0
272 1 150.600 45.400 90.000 27 0 "R4805" 0 0 1000 0 0
273 1 64.950 136.550 0.000 27 0 "R5300" 0 0 1000 0 0
274 1 64.100 138.050 -90.000 27 0 "R5301" 0 0 1000 0 0
275 1 100.200 190.400 90.000 27 0 "R7615" 0 0 1000 0 0
276 1 104.000 190.000 180.000 27 0 "R7657" 0 0 1000 0 0
277 1 102.950 190.000 180.000 27 0 "R7658" 0 0 1000 0 0
278 1 105.650 183.550 180.000 27 0 "R7659" 0 0 1000 0 0
279 1 104.550 183.550 0.000 27 0 "R7660" 0 0 1000 0 0
280 1 104.750 181.600 -90.000 27 0 "R7661" 0 0 1000 0 0
281 1 87.250 104.200 -90.000 27 0 "R10608" 0 0 1000 0 0
282 1 185.118 159.057 90.000 28 0 "R2001" 0 0 1000 0 0
283 1 188.350 157.250 -90.000 28 0 "R2014" 0 0 1000 0 0
284 1 188.350 155.850 -90.000 28 0 "R2015" 0 0 1000 0 0
285 1 131.750 20.700 0.000 28 0 "R3204" 0 0 1000 0 0
286 1 45.250 24.450 90.000 28 0 "R3219" 0 0 1000 0 0
287 1 65.400 21.350 90.000 28 0 "R3220" 0 0 1000 0 0
288 1 94.850 41.600 0.000 28 0 "R3240" 0 0 1000 0 0
289 1 140.524 45.125 -90.000 28 0 "R4803" 0 0 1000 0 0
290 1 205.350 146.000 0.000 29 0 "R1701" 0 0 1000 0 0
291 1 107.700 41.100 180.000 30 0 "R3231" 0 0 1000 0 0
292 1 105.700 41.100 0.000 30 0 "R3233" 0 0 1000 0 0
293 1 151.550 27.100 90.000 31 0 "R211" 0 0 1000 0 0
294 1 200.950 175.950 -90.000 32 0 "R1320" 0 0 1000 0 0
295 1 158.000 80.940 -90.000 33 0 "R2118" 0 0 1000 0 0
296 1 161.300 80.650 180.000 34 0 "R2109" 0 0 1000 0 0
297 1 160.600 79.090 90.000 34 0 "R2112" 0 0 1000 0 0
298 1 162.500 79.090 90.000 34 0 "R2113" 0 0 1000 0 0
299 1 11.100 54.100 180.000 35 0 "R701" 0 0 1000 0 0
300 1 13.600 54.100 180.000 35 0 "R702" 0 0 1000 0 0
301 1 62.650 133.450 180.000 35 0 "R707" 0 0 1000 0 0
302 1 60.000 133.450 180.000 35 0 "R708" 0 0 1000 0 0
303 1 151.600 32.300 180.000 35 0 "R4821" 0 0 1000 0 0
304 1 153.100 32.700 -90.000 35 0 "R4822" 0 0 1000 0 0
305 1 156.400 176.150 180.000 35 0 "R4906" 0 0 1000 0 0
306 1 158.400 176.150 0.000 35 0 "R4911" 0 0 1000 0 0
307 1 200.950 177.000 90.000 36 0 "R1319" 0 0 1000 0 0
308 1 68.250 181.400 90.000 37 0 "R4109" 0 0 1000 0 0
309 1 48.550 140.150 180.000 38 0 "R5313" 0 0 1000 0 0
310 1 170.440 96.950 0.000 39 0 "R1813" 0 0 1000 0 0
311 1 83.690 99.800 180.000 40 0 "R10600" 0 0 1000 0 0
312 1 76.100 99.350 180.000 40 0 "R10602" 0 0 1000 0 0
313 1 80.990 99.800 180.000 40 0 "R10604" 0 0 1000 0 0
314 1 78.500 99.350 180.000 40 0 "R10606" 0 0 1000 0 0
315 1 180.700 179.640 0.000 41 0 "R1419" 0 0 1000 0 0
316 1 45.225 178.025 90.000 41 0 "R4121" 0 0 1000 0 0
317 1 146.240 131.900 -135.000 42 0 "R403" 0 0 1000 0 0
318 1 153.315 135.100 -45.000 42 0 "R404" 0 0 1000 0 0
319 1 146.515 105.325 90.000 42 0 "R405" 0 0 1000 0 0
320 1 153.315 106.325 -45.000 42 0 "R406" 0 0 1000 0 0
321 1 181.890 87.250 -90.000 42 0 "R2209" 0 0 1000 0 0
322 1 253.340 49.050 180.000 43 0 "R1605" 0 0 1000 0 0
323 1 153.100 25.650 180.000 44 0 "R210" 0 0 1000 0 0
324 1 184.718 156.657 0.000 45 0 "R2007" 0 0 1000 0 0
325 1 154.200 78.490 0.000 45 0 "R2103" 0 0 1000 0 0
326 1 190.990 121.600 180.000 46 0 "R1520" 0 0 1000 0 0
327 1 121.150 81.050 -90.000 47 0 "R603" 0 0 1000 0 0
328 1 75.650 115.800 90.000 47 0 "R709" 0 0 1000 0 0
329 1 75.650 116.800 90.000 47 0 "R710" 0 0 1000 0 0
330 1 193.350 182.150 180.000 47 0 "R1429" 0 0 1000 0 0
331 1 47.400 173.150 90.000 47 0 "R4122" 0 0 1000 0 0
332 1 185.150 152.800 90.000 48 0 "R2005" 0 0 1000 0 0
333 1 207.000 146.500 -90.000 49 0 "R1702" 0 0 1000 0 0
334 1 209.750 145.950 180.000 50 0 "R1706" 0 0 1000 0 0
335 1 182.390 85.700 180.000 50 0 "R2208" 0 0 1000 0 0
336 1 157.850 78.090 -90.000 51 0 "R2101" 0 0 1000 0 0
337 1 155.200 78.490 180.000 52 0 "R2106" 0 0 1000 0 0
338 1 103.500 127.350 -90.000 53 0 "R372" 0 0 1000 0 0
339 1 230.800 192.200 0.000 54 0 "R1012" 0 0 1000 0 0
340 1 25.150 152.550 -90.000 54 0 "R5400" 0 0 1000 0 0
341 1 209.750 177.450 180.000 55 0 "R1045" 0 0 1000 0 0
342 1 208.250 179.550 180.000 55 0 "R1046" 0 0 1000 0 0
343 1 237.200 181.000 -90.000 55 0 "R1432" 0 0 1000 0 0
344 1 182.190 134.200 -90.000 55 0 "R1510" 0 0 1000 0 0
345 1 191.040 119.700 0.000 55 0 "R1521" 0 0 1000 0 0
346 1 188.150 161.300 180.000 55 0 "R2016" 0 0 1000 0 0
347 1 181.390 81.800 0.000 55 0 "R2210" 0 0 1000 0 0
348 1 113.850 37.450 0.000 56 0 "R3232" 0 0 1000 0 0
349 1 106.000 37.450 0.000 56 0 "R3234" 0 0 1000 0 0
350 1 83.690 101.600 180.000 56 0 "R10601" 0 0 1000 0 0
351 1 76.100 101.200 180.000 56 0 "R10603" 0 0 1000 0 0
352 1 80.990 101.600 180.000 56 0 "R10605" 0 0 1000 0 0
353 1 78.490 101.200 180.000 56 0 "R10607" 0 0 1000 0 0
354 1 168.690 131.900 0.000 57 0 "R1512" 0 0 1000 0 0
355 1 252.840 50.500 -90.000 57 0 "R1606" 0 0 1000 0 0
356 1 187.500 154.600 90.000 58 0 "R2004" 0 0 1000 0 0
357 1 190.490 123.200 -90.000 59 0 "R1519" 0 0 1000 0 0
358 1 179.150 180.500 -90.000 60 0 "R1418" 0 0 1000 0 0
359 1 45.225 176.825 90.000 60 0 "R4120" 0 0 1000 0 0
360 1 236.050 191.750 180.000 61 0 "R2909" 0 0 1000 0 0
361 1 200.950 178.050 -90.000 62 0 "R1318" 0 0 1000 0 0
362 1 101.650 127.340 90.000 63 0 "C356" 0 0 1000 0 0
363 1 68.250 180.350 -90.000 63 0 "C4109" 0 0 1000 0 0
364 1 106.200 137.740 -90.000 64 0 "C303" 0 0 1000 0 0
365 1 106.200 138.840 -90.000 64 0 "C362" 0 0 1000 0 0
366 1 185.700 154.250 0.000 65 0 "R2000" 0 0 1000 0 0
367 1 55.050 188.450 0.000 66 0 "R4102" 0 0 1000 0 0
368 1 115.840 126.400 180.000 67 0 "R104" 0 0 1000 0 0
369 1 117.990 91.900 0.000 67 0 "R105" 0 0 1000 0 0
370 1 119.100 91.900 0.000 67 0 "R108" 0 0 1000 0 0
371 1 121.940 91.900 0.000 67 0 "R109" 0 0 1000 0 0
372 1 102.590 175.250 90.000 68 0 "AR704" 0 0 1000 0 0
373 1 12.350 54.900 -90.000 68 0 "AR705" 0 0 1000 0 0
374 1 95.400 172.750 180.000 68 0 "AR706" 0 0 1000 0 0
375 1 191.000 156.600 180.000 68 0 "AR2000" 0 0 1000 0 0
376 1 152.250 34.200 90.000 68 0 "AR4821" 0 0 1000 0 0
377 1 98.050 172.750 0.000 69 0 "AR701" 0 0 1000 0 0
378 1 102.590 172.850 -90.000 69 0 "AR703" 0 0 1000 0 0
379 1 73.900 28.450 -90.000 70 0 "AR3203" 0 0 1000 0 0
380 1 50.150 27.900 -90.000 70 0 "AR3204" 0 0 1000 0 0
381 1 137.150 25.600 0.000 70 0 "AR3206" 0 0 1000 0 0
382 1 115.650 29.000 -90.000 70 0 "AR3207" 0 0 1000 0 0
383 1 260.050 157.500 180.000 71 0 "AR3400" 0 0 1000 0 0
384 1 56.900 181.050 -90.000 71 0 "AR4100" 0 0 1000 0 0
385 1 60.000 181.050 90.000 71 0 "AR4101" 0 0 1000 0 0
386 1 61.350 133.450 90.000 71 0 "AR5301" 0 0 1000 0 0
387 1 98.300 189.700 90.000 71 0 "AR7602" 0 0 1000 0 0
388 1 142.250 23.350 -90.000 72 0 "AR3208" 0 0 1000 0 0
389 1 143.750 23.350 -90.000 72 0 "AR3209" 0 0 1000 0 0
390 1 145.250 23.350 -90.000 72 0 "AR3210" 0 0 1000 0 0
391 1 146.750 23.350 -90.000 72 0 "AR3211" 0 0 1000 0 0
392 1 118.250 23.350 -90.000 72 0 "AR3212" 0 0 1000 0 0
393 1 121.250 23.350 -90.000 72 0 "AR3213" 0 0 1000 0 0
394 1 119.750 23.350 -90.000 72 0 "AR3214" 0 0 1000 0 0
395 1 122.750 23.350 -90.000 72 0 "AR3215" 0 0 1000 0 0
396 1 52.950 23.350 -90.000 72 0 "AR3216" 0 0 1000 0 0
397 1 54.450 23.350 -90.000 72 0 "AR3217" 0 0 1000 0 0
398 1 55.950 23.350 -90.000 72 0 "AR3218" 0 0 1000 0 0
399 1 57.450 23.350 -90.000 72 0 "AR3219" 0 0 1000 0 0
400 1 76.950 23.350 -90.000 72 0 "AR3220" 0 0 1000 0 0
401 1 79.950 23.350 -90.000 72 0 "AR3221" 0 0 1000 0 0
402 1 81.450 23.350 -90.000 72 0 "AR3222" 0 0 1000 0 0
403 1 78.450 23.350 -90.000 72 0 "AR3223" 0 0 1000 0 0
404 1 52.450 141.550 0.000 73 0 "C5306" 0 0 1000 0 0
405 1 63.000 142.350 180.000 73 0 "C5307" 0 0 1000 0 0
406 1 54.650 146.650 90.000 73 0 "C5314" 0 0 1000 0 0
407 1 59.650 146.650 -90.000 73 0 "C5315" 0 0 1000 0 0
408 1 25.400 154.050 0.000 73 0 "C5405" 0 0 1000 0 0
409 1 36.400 154.300 180.000 73 0 "C5406" 0 0 1000 0 0
410 1 28.250 158.850 90.000 73 0 "C5409" 0 0 1000 0 0
411 1 33.100 158.550 -90.000 73 0 "C5410" 0 0 1000 0 0
412 1 209.400 144.250 90.000 74 0 "C1701" 0 0 1000 0 0
413 1 153.950 71.990 180.000 75 0 "C2108" 0 0 1000 0 0
414 1 44.900 166.850 -90.000 75 0 "C5320" 0 0 1000 0 0
415 1 47.200 167.550 0.000 75 0 "C5321" 0 0 1000 0 0
416 1 57.300 164.050 90.000 75 0 "C5322" 0 0 1000 0 0
417 1 57.450 169.850 -90.000 75 0 "C5323" 0 0 1000 0 0
418 1 24.700 184.900 180.000 75 0 "C5419" 0 0 1000 0 0
419 1 27.100 184.350 -90.000 75 0 "C5420" 0 0 1000 0 0
420 1 32.600 184.700 90.000 75 0 "C5421" 0 0 1000 0 0
421 1 38.850 185.050 90.000 75 0 "C5422" 0 0 1000 0 0
422 1 154.900 182.650 0.000 76 0 "C4908" 0 0 1000 0 0
423 1 73.190 111.300 0.000 77 0 "C106" 0 0 1000 0 0
424 1 181.950 179.590 0.000 77 0 "C1419" 0 0 1000 0 0
425 1 173.650 180.800 180.000 77 0 "C1432" 0 0 1000 0 0
426 1 182.618 151.057 180.000 77 0 "C2010" 0 0 1000 0 0
427 1 181.318 151.057 0.000 77 0 "C2011" 0 0 1000 0 0
428 1 110.850 40.250 180.000 77 0 "C3202" 0 0 1000 0 0
429 1 109.300 40.250 0.000 77 0 "C3203" 0 0 1000 0 0
430 1 217.750 29.750 180.000 77 0 "C4303" 0 0 1000 0 0
431 1 35.750 42.650 -90.000 77 0 "C4502" 0 0 1000 0 0
432 1 146.000 45.400 90.000 77 0 "C4803" 0 0 1000 0 0
433 1 56.400 135.000 0.000 77 0 "C5304" 0 0 1000 0 0
434 1 56.450 146.600 0.000 77 0 "C5310" 0 0 1000 0 0
435 1 57.950 146.600 180.000 77 0 "C5311" 0 0 1000 0 0
436 1 30.900 147.600 180.000 77 0 "C5403" 0 0 1000 0 0
437 1 31.400 159.300 180.000 77 0 "C5411" 0 0 1000 0 0
438 1 29.900 159.300 0.000 77 0 "C5412" 0 0 1000 0 0
439 1 206.700 144.250 90.000 78 0 "R1700" 0 0 1000 0 0
440 1 91.850 160.100 90.000 79 0 "R9901" 0 0 1000 0 0
441 1 93.950 73.100 -90.000 79 0 "R9902" 0 0 1000 0 0
442 1 98.400 47.500 90.000 79 0 "R9904" 0 0 1000 0 0
443 1 171.150 154.450 0.000 79 0 "R9905" 0 0 1000 0 0
444 1 204.100 78.350 -90.000 79 0 "R9906" 0 0 1000 0 0
445 1 21.100 49.300 180.000 80 0 "R6512" 0 0 1000 0 0
446 1 19.750 49.300 180.000 80 0 "R6514" 0 0 1000 0 0
447 1 44.250 186.900 90.000 81 0 "R4116" 0 0 1000 0 0
448 1 110.000 142.750 90.000 82 0 "C333" 0 0 1000 0 0
449 1 153.450 76.540 -90.000 82 0 "C2107" 0 0 1000 0 0
450 1 45.225 179.325 90.000 82 0 "C4111" 0 0 1000 0 0
451 1 155.450 156.050 -90.000 82 0 "C8801" 0 0 1000 0 0
452 1 158.740 146.650 0.000 82 0 "C8803" 0 0 1000 0 0
453 1 141.340 148.250 180.000 82 0 "C8805" 0 0 1000 0 0
454 1 83.850 116.700 90.000 82 0 "C10601" 0 0 1000 0 0
455 1 43.500 147.300 -90.000 83 0 "R5304" 0 0 1000 0 0
456 1 54.850 148.800 -90.000 83 0 "R5305" 0 0 1000 0 0
457 1 61.650 151.050 90.000 83 0 "R5306" 0 0 1000 0 0
458 1 70.350 145.750 -90.000 83 0 "R5307" 0 0 1000 0 0
459 1 21.350 160.750 -90.000 83 0 "R5401" 0 0 1000 0 0
460 1 28.350 162.100 -90.000 83 0 "R5402" 0 0 1000 0 0
461 1 33.150 162.300 -90.000 83 0 "R5403" 0 0 1000 0 0
462 1 40.050 163.100 90.000 83 0 "R5404" 0 0 1000 0 0

[VPaletteData]
IDNUM N TRAY X Y ROT

[MultiBlock]
IDNUM RMODE
1 0

[PCBConveyance]
IDNUM Stage ConveySpeed1 ConveySpeed2
1 1 0 0
2 2 0 0

[ExpectedTactTimes]
IDNUM MCNAME Stage Time PROGDIST
1 "CM602-1" 1 42.862 0
2 "CM602-1" 2 44.420 0

[FeederGroup]
IDNUM GNO PU SIDE CNT PR PROGDIST

[RecognitionMark]
IDNUM KIND ATT REF LAMPA LAMPB TYPE SIZEA SIZEB SIZEC SIZED SIZEE SIZEF SIZEG SIZEH DARK TH AREA JUDGE RECSTARTX RECSTARTY RECENDX RECENDY
1 1 0 125 1 1 2 0.600 0.600 0.000 0.000 0.000 0.000 0.000 0.000 1 1 0.000 0 0.000 0.000 0.000 0.000
2 2 0 125 1 1 2 0.600 0.600 0.000 0.000 0.000 0.000 0.000 0.000 1 1 0.000 0 0.000 0.000 0.000 0.000
3 4 0 125 0 0 0 0.000 0.000 0.000 0.000 0.000 0.000 0.000 0.000 0 0 0.000 0 0.000 0.000 0.000 0.000
4 8 0 125 0 0 0 0.000 0.000 0.000 0.000 0.000 0.000 0.000 0.000 0 0 0.000 0 0.000 0.000 0.000 0.000
5 1 1 125 0 0 0 0.000 0.000 0.000 0.000 0.000 0.000 0.000 0.000 0 0 0.000 0 0.000 0.000 0.000 0.000
6 2 1 125 0 0 0 0.000 0.000 0.000 0.000 0.000 0.000 0.000 0.000 0 0 0.000 0 0.000 0.000 0.000 0.000
7 4 1 125 0 0 0 0.000 0.000 0.000 0.000 0.000 0.000 0.000 0.000 0 0 0.000 0 0.000 0.000 0.000 0.000
8 8 1 125 0 0 0 0.000 0.000 0.000 0.000 0.000 0.000 0.000 0.000 0 0 0.000 0 0.000 0.000 0.000 0.000
9 0 0 125 0 0 1 1.000 0.000 0.000 0.000 0.000 0.000 0.000 0.000 1 0 2.500 50 0.000 0.000 0.000 0.000
10 0 1 125 0 0 1 0.000 0.000 0.000 0.000 0.000 0.000 0.000 0.000 1 0 2.500 50 0.000 0.000 0.000 0.000
[PartsLIB]
IDNUM PartsName PartsID PartsComment ManufactDate Manufacturer ReliableFLG UpdateDate UpdatePerson UpdateLine UpdateGroup UpdatetLot Maker1 PartCode1 BarCode1 Maker2 PartCode2 BarCode2 Maker3 PartCode3 BarCode3 Relief1 Relief1ExtensionNum Relief2 Relief2ExtensionNum Relief3 Relief3ExtensionNum Relief4 Relief4ExtensionNum Relief5 Relief5ExtensionNum Relief6 Relief6ExtensionNum Relief7 Relief7ExtensionNum Relief8 Relief8ExtensionNum Relief9 Relief9ExtensionNum Relief10 Relief10ExtensionNum PartsReelNum Pack Retry Package ReelWidth TapeFeederKind ReelSize SendPitch TapeFeederSendCount ChipName ChipComment ChipKind View FileName L W T REF NR ChipExtKind POLARIZE SSIZE SHEIGHT
1 "EBK64992801" 1 "" "2021/02/02,23:53:38" "" 0 "" "" "" "" "" "" "" "" "" "" "" "" "" "" "" 0 "" 0 "" 0 "" 0 "" 0 "" 0 "" 0 "" 0 "" 0 "" 0 1 180 3 0 8 2 2 4 1 "MINI TR 3PIN" "" 14 0 "" 1.70 1.10 0.55 61 3000 0 0 0 0
2 "0CC103BK5BA" 2 "" "2026/04/14,16:20:51" "" 0 "" "" "" "" "" "" "" "" "" "" "" "" "" "" "" 0 "" 0 "" 0 "" 0 "" 0 "" 0 "" 0 "" 0 "" 0 "" 0 1 90 3 0 8 1 2 2 1 "C1005_T0.5" "" 2 0 "" 1.00 0.50 0.50 55 10000 0 0 0 0
3 "0CC151BK41A" 3 "" "2026/07/01,13:54:42" "" 0 "" "" "" "" "" "" "" "" "" "" "" "" "" "" "" 0 "" 0 "" 0 "" 0 "" 0 "" 0 "" 0 "" 0 "" 0 "" 0 1 90 3 0 8 1 2 2 1 "C1005_T0.5" "" 2 0 "" 1.00 0.50 0.50 55 10000 0 0 0 0
4 "0CC180BKFAA" 4 "" "2026/04/14,16:32:24" "" 0 "" "" "" "" "" "" "" "" "" "" "" "" "" "" "" 0 "" 0 "" 0 "" 0 "" 0 "" 0 "" 0 "" 0 "" 0 "" 0 1 90 3 0 8 1 2 2 1 "C1005_T0.5" "" 2 0 "" 1.00 0.50 0.50 55 10000 0 0 0 0
5 "0CC271BK4AA" 5 "" "2018/09/03,12:26:52" "" 0 "" "" "" "" "" "" "" "" "" "" "" "" "" "" "" 0 "" 0 "" 0 "" 0 "" 0 "" 0 "" 0 "" 0 "" 0 "" 0 1 90 3 0 8 1 2 2 1 "C1005_T0.5" "" 2 0 "" 1.00 0.50 0.50 55 10000 0 0 0 0
6 "0CC560BK41A" 6 "" "2018/09/03,12:27:04" "" 0 "" "" "" "" "" "" "" "" "" "" "" "" "" "" "" 0 "" 0 "" 0 "" 0 "" 0 "" 0 "" 0 "" 0 "" 0 "" 0 1 90 3 0 8 1 2 2 1 "C1005_T0.5" "" 2 0 "" 1.00 0.50 0.50 55 10000 0 0 0 0
7 "0CH5220K618" 7 "" "2020/12/06,14:27:13" "" 0 "" "" "" "" "" "" "" "" "" "" "" "" "" "" "" 0 "" 0 "" 0 "" 0 "" 0 "" 0 "" 0 "" 0 "" 0 "" 0 1 90 3 0 8 1 2 2 1 "C1005_T0.5" "" 2 0 "" 1.00 0.50 0.50 55 10000 0 0 0 0
8 "0CH5470K618" 8 "" "2026/04/14,16:11:06" "" 0 "" "" "" "" "" "" "" "" "" "" "" "" "" "" "" 0 "" 0 "" 0 "" 0 "" 0 "" 0 "" 0 "" 0 "" 0 "" 0 1 90 3 0 8 1 2 2 1 "C1005_T0.5" "" 2 0 "" 1.00 0.50 0.50 55 10000 0 0 0 0
9 "0CK101BK4EA" 9 "" "2026/04/14,16:32:24" "" 0 "" "" "" "" "" "" "" "" "" "" "" "" "" "" "" 0 "" 0 "" 0 "" 0 "" 0 "" 0 "" 0 "" 0 "" 0 "" 0 1 90 3 0 8 1 2 2 1 "C1005_T0.5" "" 2 0 "" 1.00 0.50 0.50 55 10000 0 0 0 0
10 "0CK102BK56A" 10 "" "2026/04/14,16:32:24" "" 0 "" "" "" "" "" "" "" "" "" "" "" "" "" "" "" 0 "" 0 "" 0 "" 0 "" 0 "" 0 "" 0 "" 0 "" 0 "" 0 1 90 3 0 8 1 2 2 1 "C1005_T0.5" "" 2 0 "" 1.00 0.50 0.50 55 10000 0 0 0 0
11 "0CK104BF56A" 11 "" "2026/04/14,16:32:24" "" 0 "" "" "" "" "" "" "" "" "" "" "" "" "" "" "" 0 "" 0 "" 0 "" 0 "" 0 "" 0 "" 0 "" 0 "" 0 "" 0 1 90 3 0 8 1 2 2 1 "C1005_T0.5" "" 2 0 "" 1.00 0.50 0.50 55 10000 0 0 0 0
12 "0CK104BH56A" 12 "" "2026/07/01,11:14:55" "" 0 "" "" "" "" "" "" "" "" "" "" "" "" "" "" "" 0 "" 0 "" 0 "" 0 "" 0 "" 0 "" 0 "" 0 "" 0 "" 0 1 90 3 0 8 1 2 2 1 "C1005_T0.5" "" 2 0 "" 1.00 0.50 0.50 55 10000 0 0 0 0
13 "0CK471BK56A" 13 "" "2018/09/03,12:27:03" "" 0 "" "" "" "" "" "" "" "" "" "" "" "" "" "" "" 0 "" 0 "" 0 "" 0 "" 0 "" 0 "" 0 "" 0 "" 0 "" 0 1 90 3 0 8 1 2 2 1 "C1005_T0.5" "" 2 0 "" 1.00 0.50 0.50 55 10000 0 0 0 0
14 "0CZZB00024A" 14 "" "2026/04/14,16:32:24" "" 0 "" "" "" "" "" "" "" "" "" "" "" "" "" "" "" 0 "" 0 "" 0 "" 0 "" 0 "" 0 "" 0 "" 0 "" 0 "" 0 1 90 3 0 8 1 2 2 1 "C1005_T0.5" "" 2 0 "" 1.00 0.50 0.50 55 10000 0 0 0 0
15 "0CZZB00035A" 15 "" "2024/02/05,14:58:38" "" 0 "" "" "" "" "" "" "" "" "" "" "" "" "" "" "" 0 "" 0 "" 0 "" 0 "" 0 "" 0 "" 0 "" 0 "" 0 "" 0 1 90 3 0 8 1 2 2 1 "C1005_T0.5" "" 2 0 "" 1.00 0.50 0.50 55 10000 0 0 0 0
16 "0CZZB00055B" 16 "" "2022/09/21,16:10:46" "" 0 "" "" "" "" "" "" "" "" "" "" "" "" "" "" "" 0 "" 0 "" 0 "" 0 "" 0 "" 0 "" 0 "" 0 "" 0 "" 0 1 90 3 0 8 1 2 2 1 "C1005_T0.5" "" 2 0 "" 1.00 0.50 0.50 55 10000 0 0 0 0
17 "0RJ0000C678" 17 "" "2026/07/01,11:14:55" "" 0 "" "" "" "" "" "" "" "" "" "" "" "" "" "" "" 0 "" 0 "" 0 "" 0 "" 0 "" 0 "" 0 "" 0 "" 0 "" 0 1 90 3 0 8 1 2 2 1 "R1005_T0.35" "" 1 0 "" 1.00 0.50 0.30 55 10000 0 0 0 0
18 "0RJ0102C678" 18 "" "2026/06/23,22:48:19" "" 0 "" "" "" "" "" "" "" "" "" "" "" "" "" "" "" 0 "" 0 "" 0 "" 0 "" 0 "" 0 "" 0 "" 0 "" 0 "" 0 1 90 3 0 8 1 2 2 1 "R1005_T0.35" "" 1 0 "" 1.00 0.50 0.30 55 10000 0 0 0 0
19 "0RJ0221C678" 19 "" "2026/04/14,16:14:01" "" 0 "" "" "" "" "" "" "" "" "" "" "" "" "" "" "" 0 "" 0 "" 0 "" 0 "" 0 "" 0 "" 0 "" 0 "" 0 "" 0 1 90 3 0 8 1 2 2 1 "R1005_T0.35" "" 1 0 "" 1.00 0.50 0.30 55 10000 0 0 0 0
20 "0RJ0332C678" 20 "" "2026/02/14,12:41:59" "" 0 "" "" "" "" "" "" "" "" "" "" "" "" "" "" "" 0 "" 0 "" 0 "" 0 "" 0 "" 0 "" 0 "" 0 "" 0 "" 0 1 90 3 0 8 1 2 2 1 "R1005_T0.35" "" 1 0 "" 1.00 0.50 0.30 55 10000 0 0 0 0
21 "0RJ0512C678" 21 "" "2026/04/15,11:57:17" "" 0 "" "" "" "" "" "" "" "" "" "" "" "" "" "" "" 0 "" 0 "" 0 "" 0 "" 0 "" 0 "" 0 "" 0 "" 0 "" 0 1 90 3 0 8 1 2 2 1 "R1005_T0.35" "" 1 0 "" 1.00 0.50 0.30 55 10000 0 0 0 0
22 "0RJ0682C678" 22 "" "2026/04/23,02:21:24" "" 0 "" "" "" "" "" "" "" "" "" "" "" "" "" "" "" 0 "" 0 "" 0 "" 0 "" 0 "" 0 "" 0 "" 0 "" 0 "" 0 1 90 3 0 8 1 2 2 1 "R1005_T0.35" "" 1 0 "" 1.00 0.50 0.30 55 10000 0 0 0 0
23 "0RJ1000C678" 23 "" "2026/04/15,11:45:56" "" 0 "" "" "" "" "" "" "" "" "" "" "" "" "" "" "" 0 "" 0 "" 0 "" 0 "" 0 "" 0 "" 0 "" 0 "" 0 "" 0 1 90 3 0 8 1 2 2 1 "R1005_T0.35" "" 1 0 "" 1.00 0.50 0.30 55 10000 0 0 0 0
24 "0RJ1001C678" 24 "" "2026/05/09,22:00:56" "" 0 "" "" "" "" "" "" "" "" "" "" "" "" "" "" "" 0 "" 0 "" 0 "" 0 "" 0 "" 0 "" 0 "" 0 "" 0 "" 0 1 90 3 0 8 1 2 2 1 "R1005_T0.35" "" 1 0 "" 1.00 0.50 0.30 55 10000 0 0 0 0
25 "0RJ1001E478" 25 "" "2026/04/16,10:17:51" "" 0 "" "" "" "" "" "" "" "" "" "" "" "" "" "" "" 0 "" 0 "" 0 "" 0 "" 0 "" 0 "" 0 "" 0 "" 0 "" 0 1 90 3 0 8 1 2 2 1 "R1005_T0.35" "" 1 0 "" 1.00 0.50 0.30 55 10000 0 0 0 0
26 "0RJ1002C478" 26 "" "2026/04/14,16:14:01" "" 0 "" "" "" "" "" "" "" "" "" "" "" "" "" "" "" 0 "" 0 "" 0 "" 0 "" 0 "" 0 "" 0 "" 0 "" 0 "" 0 1 90 3 0 8 1 2 2 1 "R1005_T0.35" "" 1 0 "" 1.00 0.50 0.30 55 10000 0 0 0 0
27 "0RJ1002C678" 27 "" "2026/04/16,19:23:12" "" 0 "" "" "" "" "" "" "" "" "" "" "" "" "" "" "" 0 "" 0 "" 0 "" 0 "" 0 "" 0 "" 0 "" 0 "" 0 "" 0 1 90 3 0 8 1 2 2 1 "R1005_T0.35" "" 1 0 "" 1.00 0.50 0.30 55 10000 0 0 0 0
28 "0RJ1003C678" 28 "" "2026/04/16,10:43:35" "" 0 "" "" "" "" "" "" "" "" "" "" "" "" "" "" "" 0 "" 0 "" 0 "" 0 "" 0 "" 0 "" 0 "" 0 "" 0 "" 0 1 90 3 0 8 1 2 2 1 "R1005_T0.35" "" 1 0 "" 1.00 0.50 0.30 55 10000 0 0 0 0
29 "0RJ1102C478" 29 "" "2026/04/14,16:32:24" "" 0 "" "" "" "" "" "" "" "" "" "" "" "" "" "" "" 0 "" 0 "" 0 "" 0 "" 0 "" 0 "" 0 "" 0 "" 0 "" 0 1 90 3 0 8 1 2 2 1 "R1005_T0.35" "" 1 0 "" 1.00 0.50 0.30 55 10000 0 0 0 0
30 "0RJ1201C678" 30 "" "2026/04/16,10:46:06" "" 0 "" "" "" "" "" "" "" "" "" "" "" "" "" "" "" 0 "" 0 "" 0 "" 0 "" 0 "" 0 "" 0 "" 0 "" 0 "" 0 1 90 3 0 8 1 2 2 1 "R1005_T0.35" "" 1 0 "" 1.00 0.50 0.30 55 10000 0 0 0 0
31 "0RJ1203C478" 31 "" "2026/04/14,16:19:17" "" 0 "" "" "" "" "" "" "" "" "" "" "" "" "" "" "" 0 "" 0 "" 0 "" 0 "" 0 "" 0 "" 0 "" 0 "" 0 "" 0 1 90 3 0 8 1 2 2 1 "R1005_T0.35" "" 1 0 "" 1.00 0.50 0.30 55 10000 0 0 0 0
32 "0RJ1402C478" 32 "" "2026/04/25,01:30:10" "" 0 "" "" "" "" "" "" "" "" "" "" "" "" "" "" "" 0 "" 0 "" 0 "" 0 "" 0 "" 0 "" 0 "" 0 "" 0 "" 0 1 90 3 0 8 1 2 2 1 "R1005_T0.35" "" 1 0 "" 1.00 0.50 0.30 55 10000 0 0 0 0
33 "0RJ1502C478" 33 "" "2026/04/23,02:30:22" "" 0 "" "" "" "" "" "" "" "" "" "" "" "" "" "" "" 0 "" 0 "" 0 "" 0 "" 0 "" 0 "" 0 "" 0 "" 0 "" 0 1 90 3 0 8 1 2 2 1 "R1005_T0.35" "" 1 0 "" 1.00 0.50 0.30 55 10000 0 0 0 0
34 "0RJ1503C478" 34 "" "2026/02/14,12:42:53" "" 0 "" "" "" "" "" "" "" "" "" "" "" "" "" "" "" 0 "" 0 "" 0 "" 0 "" 0 "" 0 "" 0 "" 0 "" 0 "" 0 1 90 3 0 8 1 2 2 1 "R1005_T0.35" "" 1 0 "" 1.00 0.50 0.30 55 10000 0 0 0 0
35 "0RJ1801C678" 35 "" "2026/04/16,10:43:35" "" 0 "" "" "" "" "" "" "" "" "" "" "" "" "" "" "" 0 "" 0 "" 0 "" 0 "" 0 "" 0 "" 0 "" 0 "" 0 "" 0 1 90 3 0 8 1 2 2 1 "R1005_T0.35" "" 1 0 "" 1.00 0.50 0.30 55 10000 0 0 0 0
36 "0RJ1802C478" 36 "" "2026/04/14,16:32:24" "" 0 "" "" "" "" "" "" "" "" "" "" "" "" "" "" "" 0 "" 0 "" 0 "" 0 "" 0 "" 0 "" 0 "" 0 "" 0 "" 0 1 90 3 0 8 1 2 2 1 "R1005_T0.35" "" 1 0 "" 1.00 0.50 0.30 55 10000 0 0 0 0
37 "0RJ2000C678" 37 "" "2026/06/21,13:26:49" "" 0 "" "" "" "" "" "" "" "" "" "" "" "" "" "" "" 0 "" 0 "" 0 "" 0 "" 0 "" 0 "" 0 "" 0 "" 0 "" 0 1 90 3 0 8 1 2 2 1 "R1005_T0.35" "" 1 0 "" 1.00 0.50 0.30 55 10000 0 0 0 0
38 "0RJ2001C678" 38 "" "2026/04/22,11:39:16" "" 0 "" "" "" "" "" "" "" "" "" "" "" "" "" "" "" 0 "" 0 "" 0 "" 0 "" 0 "" 0 "" 0 "" 0 "" 0 "" 0 1 90 3 0 8 1 2 2 1 "R1005_T0.35" "" 1 0 "" 1.00 0.50 0.30 55 10000 0 0 0 0
39 "0RJ2002C478" 39 "" "2026/04/16,19:55:15" "" 0 "" "" "" "" "" "" "" "" "" "" "" "" "" "" "" 0 "" 0 "" 0 "" 0 "" 0 "" 0 "" 0 "" 0 "" 0 "" 0 1 90 3 0 8 1 2 2 1 "R1005_T0.35" "" 1 0 "" 1.00 0.50 0.30 55 10000 0 0 0 0
40 "0RJ2201C678" 40 "" "2026/06/21,10:44:35" "" 0 "" "" "" "" "" "" "" "" "" "" "" "" "" "" "" 0 "" 0 "" 0 "" 0 "" 0 "" 0 "" 0 "" 0 "" 0 "" 0 1 90 3 0 8 1 2 2 1 "R1005_T0.35" "" 1 0 "" 1.00 0.50 0.30 55 10000 0 0 0 0
41 "0RJ2202C678" 41 "" "2026/04/22,11:50:41" "" 0 "" "" "" "" "" "" "" "" "" "" "" "" "" "" "" 0 "" 0 "" 0 "" 0 "" 0 "" 0 "" 0 "" 0 "" 0 "" 0 1 90 3 0 8 1 2 2 1 "R1005_T0.35" "" 1 0 "" 1.00 0.50 0.30 55 10000 0 0 0 0
42 "0RJ2400C478" 42 "" "2026/04/14,17:55:29" "" 0 "" "" "" "" "" "" "" "" "" "" "" "" "" "" "" 0 "" 0 "" 0 "" 0 "" 0 "" 0 "" 0 "" 0 "" 0 "" 0 1 90 3 0 8 1 2 2 1 "R1005_T0.35" "" 1 0 "" 1.00 0.50 0.30 55 10000 0 0 0 0
43 "0RJ2402C478" 43 "" "2026/04/14,16:32:24" "" 0 "" "" "" "" "" "" "" "" "" "" "" "" "" "" "" 0 "" 0 "" 0 "" 0 "" 0 "" 0 "" 0 "" 0 "" 0 "" 0 1 90 3 0 8 1 2 2 1 "R1005_T0.35" "" 1 0 "" 1.00 0.50 0.30 55 10000 0 0 0 0
44 "0RJ2702C478" 44 "" "2026/06/23,22:53:37" "" 0 "" "" "" "" "" "" "" "" "" "" "" "" "" "" "" 0 "" 0 "" 0 "" 0 "" 0 "" 0 "" 0 "" 0 "" 0 "" 0 1 90 3 0 8 1 2 2 1 "R1005_T0.35" "" 1 0 "" 1.00 0.50 0.30 55 10000 0 0 0 0
45 "0RJ3003C478" 45 "" "2026/04/23,02:26:18" "" 0 "" "" "" "" "" "" "" "" "" "" "" "" "" "" "" 0 "" 0 "" 0 "" 0 "" 0 "" 0 "" 0 "" 0 "" 0 "" 0 1 90 3 0 8 1 2 2 1 "R1005_T0.35" "" 1 0 "" 1.00 0.50 0.30 55 10000 0 0 0 0
46 "0RJ3301C478" 46 "" "2026/02/14,12:43:02" "" 0 "" "" "" "" "" "" "" "" "" "" "" "" "" "" "" 0 "" 0 "" 0 "" 0 "" 0 "" 0 "" 0 "" 0 "" 0 "" 0 1 90 3 0 8 1 2 2 1 "R1005_T0.35" "" 1 0 "" 1.00 0.50 0.30 55 10000 0 0 0 0
47 "0RJ3301C678" 47 "" "2026/04/15,12:04:37" "" 0 "" "" "" "" "" "" "" "" "" "" "" "" "" "" "" 0 "" 0 "" 0 "" 0 "" 0 "" 0 "" 0 "" 0 "" 0 "" 0 1 90 3 0 8 1 2 2 1 "R1005_T0.35" "" 1 0 "" 1.00 0.50 0.30 55 10000 0 0 0 0
48 "0RJ3601C478" 48 "" "2026/06/23,22:50:32" "" 0 "" "" "" "" "" "" "" "" "" "" "" "" "" "" "" 0 "" 0 "" 0 "" 0 "" 0 "" 0 "" 0 "" 0 "" 0 "" 0 1 90 3 0 8 1 2 2 1 "R1005_T0.35" "" 1 0 "" 1.00 0.50 0.30 55 10000 0 0 0 0
49 "0RJ3602C478" 49 "" "2026/04/14,16:32:24" "" 0 "" "" "" "" "" "" "" "" "" "" "" "" "" "" "" 0 "" 0 "" 0 "" 0 "" 0 "" 0 "" 0 "" 0 "" 0 "" 0 1 90 3 0 8 1 2 2 1 "R1005_T0.35" "" 1 0 "" 1.00 0.50 0.30 55 10000 0 0 0 0
50 "0RJ3901C478" 50 "" "2026/05/09,21:03:36" "" 0 "" "" "" "" "" "" "" "" "" "" "" "" "" "" "" 0 "" 0 "" 0 "" 0 "" 0 "" 0 "" 0 "" 0 "" 0 "" 0 1 90 3 0 8 1 2 2 1 "R1005_T0.35" "" 1 0 "" 1.00 0.50 0.30 55 10000 0 0 0 0
51 "0RJ3902C478" 51 "" "2026/04/15,12:02:42" "" 0 "" "" "" "" "" "" "" "" "" "" "" "" "" "" "" 0 "" 0 "" 0 "" 0 "" 0 "" 0 "" 0 "" 0 "" 0 "" 0 1 90 3 0 8 1 2 2 1 "R1005_T0.35" "" 1 0 "" 1.00 0.50 0.30 55 10000 0 0 0 0
52 "0RJ4302C478" 52 "" "2026/04/14,16:23:16" "" 0 "" "" "" "" "" "" "" "" "" "" "" "" "" "" "" 0 "" 0 "" 0 "" 0 "" 0 "" 0 "" 0 "" 0 "" 0 "" 0 1 90 3 0 8 1 2 2 1 "R1005_T0.35" "" 1 0 "" 1.00 0.50 0.30 55 10000 0 0 0 0
53 "0RJ4700C678" 53 "" "2026/06/21,10:42:49" "" 0 "" "" "" "" "" "" "" "" "" "" "" "" "" "" "" 0 "" 0 "" 0 "" 0 "" 0 "" 0 "" 0 "" 0 "" 0 "" 0 1 90 3 0 8 1 2 2 1 "R1005_T0.35" "" 1 0 "" 1.00 0.50 0.30 55 10000 0 0 0 0
54 "0RJ4701C678" 54 "" "2026/04/16,10:34:04" "" 0 "" "" "" "" "" "" "" "" "" "" "" "" "" "" "" 0 "" 0 "" 0 "" 0 "" 0 "" 0 "" 0 "" 0 "" 0 "" 0 1 90 3 0 8 1 2 2 1 "R1005_T0.35" "" 1 0 "" 1.00 0.50 0.30 55 10000 0 0 0 0
55 "0RJ4702C678" 55 "" "2026/04/16,10:34:04" "" 0 "" "" "" "" "" "" "" "" "" "" "" "" "" "" "" 0 "" 0 "" 0 "" 0 "" 0 "" 0 "" 0 "" 0 "" 0 "" 0 1 90 3 0 8 1 2 2 1 "R1005_T0.35" "" 1 0 "" 1.00 0.50 0.30 55 10000 0 0 0 0
56 "0RJ5101C678" 56 "" "2026/04/16,10:34:04" "" 0 "" "" "" "" "" "" "" "" "" "" "" "" "" "" "" 0 "" 0 "" 0 "" 0 "" 0 "" 0 "" 0 "" 0 "" 0 "" 0 1 90 3 0 8 1 2 2 1 "R1005_T0.35" "" 1 0 "" 1.00 0.50 0.30 55 10000 0 0 0 0
57 "0RJ5102C478" 57 "" "2026/04/22,11:35:14" "" 0 "" "" "" "" "" "" "" "" "" "" "" "" "" "" "" 0 "" 0 "" 0 "" 0 "" 0 "" 0 "" 0 "" 0 "" 0 "" 0 1 90 3 0 8 1 2 2 1 "R1005_T0.35" "" 1 0 "" 1.00 0.50 0.30 55 10000 0 0 0 0
58 "0RJ5102C678" 58 "" "2026/02/14,12:42:20" "" 0 "" "" "" "" "" "" "" "" "" "" "" "" "" "" "" 0 "" 0 "" 0 "" 0 "" 0 "" 0 "" 0 "" 0 "" 0 "" 0 1 90 3 0 8 1 2 2 1 "R1005_T0.35" "" 1 0 "" 1.00 0.50 0.30 55 10000 0 0 0 0
59 "0RJ5601C478" 59 "" "2026/02/14,12:43:09" "" 0 "" "" "" "" "" "" "" "" "" "" "" "" "" "" "" 0 "" 0 "" 0 "" 0 "" 0 "" 0 "" 0 "" 0 "" 0 "" 0 1 90 3 0 8 1 2 2 1 "R1005_T0.35" "" 1 0 "" 1.00 0.50 0.30 55 10000 0 0 0 0
60 "0RJ6801C678" 60 "" "2026/04/16,10:37:09" "" 0 "" "" "" "" "" "" "" "" "" "" "" "" "" "" "" 0 "" 0 "" 0 "" 0 "" 0 "" 0 "" 0 "" 0 "" 0 "" 0 1 90 3 0 8 1 2 2 1 "R1005_T0.35" "" 1 0 "" 1.00 0.50 0.30 55 10000 0 0 0 0
61 "0RJ7502C478" 61 "" "2026/06/21,10:53:31" "" 0 "" "" "" "" "" "" "" "" "" "" "" "" "" "" "" 0 "" 0 "" 0 "" 0 "" 0 "" 0 "" 0 "" 0 "" 0 "" 0 1 90 3 0 8 1 2 2 1 "R1005_T0.35" "" 1 0 "" 1.00 0.50 0.30 55 10000 0 0 0 0
62 "0RJ8201C478" 62 "" "2026/07/02,16:23:35" "" 0 "" "" "" "" "" "" "" "" "" "" "" "" "" "" "" 0 "" 0 "" 0 "" 0 "" 0 "" 0 "" 0 "" 0 "" 0 "" 0 1 90 3 0 8 1 2 2 1 "R1005_T0.35" "" 1 0 "" 1.00 0.50 0.30 55 10000 0 0 0 0
63 "EAE30281901" 63 "" "2023/06/23,19:08:25" "" 0 "" "" "" "" "" "" "" "" "" "" "" "" "" "" "" 0 "" 0 "" 0 "" 0 "" 0 "" 0 "" 0 "" 0 "" 0 "" 0 1 90 3 0 8 1 2 2 1 "C1005_T0.5" "" 2 0 "" 1.00 0.50 0.50 55 10000 0 0 0 0
64 "EAE32166101" 64 "" "2026/04/14,16:32:24" "" 0 "" "" "" "" "" "" "" "" "" "" "" "" "" "" "" 0 "" 0 "" 0 "" 0 "" 0 "" 0 "" 0 "" 0 "" 0 "" 0 1 90 3 0 8 1 2 2 1 "C1005_T0.5" "" 2 0 "" 1.00 0.50 0.50 55 10000 0 0 0 0
65 "EBC30996801" 65 "" "2026/06/21,10:55:42" "" 0 "" "" "" "" "" "" "" "" "" "" "" "" "" "" "" 0 "" 0 "" 0 "" 0 "" 0 "" 0 "" 0 "" 0 "" 0 "" 0 1 90 3 0 8 1 2 2 1 "R1005_T0.35" "" 1 0 "" 1.00 0.50 0.30 55 10000 0 0 0 0
66 "EBC32176201" 66 "" "2026/04/15,11:59:09" "" 0 "" "" "" "" "" "" "" "" "" "" "" "" "" "" "" 0 "" 0 "" 0 "" 0 "" 0 "" 0 "" 0 "" 0 "" 0 "" 0 1 90 3 0 8 1 2 2 1 "R1005_T0.35" "" 1 0 "" 1.00 0.50 0.30 55 10000 0 0 0 0
67 "EBC41607701" 67 "" "2026/04/16,19:50:50" "" 0 "" "" "" "" "" "" "" "" "" "" "" "" "" "" "" 0 "" 0 "" 0 "" 0 "" 0 "" 0 "" 0 "" 0 "" 0 "" 0 1 90 3 0 8 1 2 2 1 "R1005_T0.35" "" 1 0 "" 1.00 0.50 0.30 55 10000 0 0 0 0
68 "EBC62582701" 68 "" "2026/04/14,16:32:24" "" 0 "" "" "" "" "" "" "" "" "" "" "" "" "" "" "" 0 "" 0 "" 0 "" 0 "" 0 "" 0 "" 0 "" 0 "" 0 "" 0 1 90 3 0 8 1 2 2 1 "ARRAY1010_T0.35" "" 21 0 "" 1.01 1.00 0.30 51 3000 0 0 0 0
69 "EBC62582702" 69 "" "2026/04/14,16:32:24" "" 0 "" "" "" "" "" "" "" "" "" "" "" "" "" "" "" 0 "" 0 "" 0 "" 0 "" 0 "" 0 "" 0 "" 0 "" 0 "" 0 1 90 3 0 8 1 2 2 1 "ARRAY1010_T0.35" "" 21 0 "" 1.01 1.00 0.30 51 3000 0 0 0 0
70 "EBC62582703" 70 "" "2026/04/14,16:32:24" "" 0 "" "" "" "" "" "" "" "" "" "" "" "" "" "" "" 0 "" 0 "" 0 "" 0 "" 0 "" 0 "" 0 "" 0 "" 0 "" 0 1 90 3 0 8 1 2 2 1 "ARRAY1010_T0.35" "" 21 0 "" 1.01 1.00 0.30 51 3000 0 0 0 0
71 "EBC62582706" 71 "" "2021/07/22,21:08:40" "" 0 "" "" "" "" "" "" "" "" "" "" "" "" "" "" "" 0 "" 0 "" 0 "" 0 "" 0 "" 0 "" 0 "" 0 "" 0 "" 0 1 90 3 0 8 1 2 2 1 "ARRAY1010_T0.35" "" 21 0 "" 1.01 1.00 0.30 51 3000 0 0 0 0
72 "EBC62582709" 72 "" "2021/07/22,21:08:45" "" 0 "" "" "" "" "" "" "" "" "" "" "" "" "" "" "" 0 "" 0 "" 0 "" 0 "" 0 "" 0 "" 0 "" 0 "" 0 "" 0 1 90 3 0 8 1 2 2 1 "ARRAY1010_T0.35" "" 21 0 "" 1.01 1.00 0.30 51 3000 0 0 0 0
73 "0CC223BK5BA" 73 "" "2019/07/23,18:39:35" "" 0 "" "" "" "" "" "" "" "" "" "" "" "" "" "" "" 0 "" 0 "" 0 "" 0 "" 0 "" 0 "" 0 "" 0 "" 0 "" 0 1 90 3 0 8 1 2 2 1 "C1005_T0.5" "" 2 0 "" 1.00 0.50 0.50 55 10000 0 0 0 0
74 "0CH1224K512" 74 "" "2026/04/14,16:32:24" "" 0 "" "" "" "" "" "" "" "" "" "" "" "" "" "" "" 0 "" 0 "" 0 "" 0 "" 0 "" 0 "" 0 "" 0 "" 0 "" 0 1 90 3 0 8 1 2 4 1 "C1608_T0.8" "" 2 0 "" 1.60 0.80 0.80 51 4000 0 0 0 0
75 "0CK104CK56A" 75 "" "2026/04/22,14:47:24" "" 0 "" "" "" "" "" "" "" "" "" "" "" "" "" "" "" 0 "" 0 "" 0 "" 0 "" 0 "" 0 "" 0 "" 0 "" 0 "" 0 1 90 3 0 8 1 2 4 1 "C1608_T0.8" "" 2 0 "" 1.60 0.80 0.80 51 4000 0 0 0 0
76 "0CK105CD56A" 76 "" "2021/08/23,23:19:56" "" 0 "" "" "" "" "" "" "" "" "" "" "" "" "" "" "" 0 "" 0 "" 0 "" 0 "" 0 "" 0 "" 0 "" 0 "" 0 "" 0 1 90 3 0 8 1 2 4 1 "C1608_T0.8" "" 2 0 "" 1.60 0.80 0.80 51 4000 0 0 0 0
77 "0CK105CK56A" 77 "" "2026/04/14,16:32:24" "" 0 "" "" "" "" "" "" "" "" "" "" "" "" "" "" "" 0 "" 0 "" 0 "" 0 "" 0 "" 0 "" 0 "" 0 "" 0 "" 0 1 90 3 0 8 1 2 4 1 "C1608_T0.8" "" 2 0 "" 1.55 0.80 0.80 51 4000 0 0 0 0
78 "0RH1002C422" 78 "" "2021/06/30,01:14:45" "" 0 "" "" "" "" "" "" "" "" "" "" "" "" "" "" "" 0 "" 0 "" 0 "" 0 "" 0 "" 0 "" 0 "" 0 "" 0 "" 0 1 90 3 0 8 1 2 4 1 "R1608_T0.45" "" 1 0 "" 1.60 0.80 0.45 51 4000 0 0 0 0
79 "0RJ0000D677" 79 "" "2026/04/16,10:37:09" "" 0 "" "" "" "" "" "" "" "" "" "" "" "" "" "" "" 0 "" 0 "" 0 "" 0 "" 0 "" 0 "" 0 "" 0 "" 0 "" 0 1 90 3 0 8 1 2 4 1 "R1608_T0.45" "" 1 0 "" 1.60 0.80 0.45 51 4000 0 0 0 0
80 "0RJ2000D677" 80 "" "2026/04/15,13:30:00" "" 0 "" "" "" "" "" "" "" "" "" "" "" "" "" "" "" 0 "" 0 "" 0 "" 0 "" 0 "" 0 "" 0 "" 0 "" 0 "" 0 1 90 3 0 8 1 2 4 1 "R1608_T0.45" "" 1 0 "" 1.60 0.80 0.45 51 4000 0 0 0 0
81 "0RJ3301D677" 81 "" "2026/04/16,10:37:09" "" 0 "" "" "" "" "" "" "" "" "" "" "" "" "" "" "" 0 "" 0 "" 0 "" 0 "" 0 "" 0 "" 0 "" 0 "" 0 "" 0 1 90 3 0 8 1 2 4 1 "R1608_T0.45" "" 1 0 "" 1.60 0.80 0.45 51 4000 0 0 0 0
82 "EAE62303301" 82 "" "2026/04/25,01:24:05" "" 0 "" "" "" "" "" "" "" "" "" "" "" "" "" "" "" 0 "" 0 "" 0 "" 0 "" 0 "" 0 "" 0 "" 0 "" 0 "" 0 1 90 3 0 8 1 2 4 1 "C1608_T0.8" "" 2 0 "" 1.60 0.80 0.80 51 4000 0 0 0 0
83 "EBC58702101" 83 "" "2026/04/16,10:43:35" "" 0 "" "" "" "" "" "" "" "" "" "" "" "" "" "" "" 0 "" 0 "" 0 "" 0 "" 0 "" 0 "" 0 "" 0 "" 0 "" 0 1 90 3 0 8 1 2 4 1 "R1608_T0.45" "" 1 0 "" 1.60 0.80 0.45 51 4000 0 0 0 0
[PartsData]
IDNUM NAME CHIP SKIP A PACK SSIZE SHEIGHT CHIPCON RETRY
1 "EBK64992801" 1 0 0.000 180 0 0 0 3
2 "0CC103BK5BA" 2 0 0.000 90 0 0 0 3
3 "0CC151BK41A" 3 0 0.000 90 0 0 0 3
4 "0CC180BKFAA" 4 0 0.000 90 0 0 0 3
5 "0CC271BK4AA" 5 0 0.000 90 0 0 0 3
6 "0CC560BK41A" 6 0 0.000 90 0 0 0 3
7 "0CH5220K618" 7 0 0.000 90 0 0 0 3
8 "0CH5470K618" 8 0 0.000 90 0 0 0 3
9 "0CK101BK4EA" 9 0 0.000 90 0 0 0 3
10 "0CK102BK56A" 10 0 0.000 90 0 0 0 3
11 "0CK104BF56A" 11 0 0.000 90 0 0 0 3
12 "0CK104BH56A" 12 0 0.000 90 0 0 0 3
13 "0CK471BK56A" 13 0 0.000 90 0 0 0 3
14 "0CZZB00024A" 14 0 0.000 90 0 0 0 3
15 "0CZZB00035A" 15 0 0.000 90 0 0 0 3
16 "0CZZB00055B" 16 0 0.000 90 0 0 0 3
17 "0RJ0000C678" 17 0 0.000 90 0 0 0 3
18 "0RJ0102C678" 18 0 0.000 90 0 0 0 3
19 "0RJ0221C678" 19 0 0.000 90 0 0 0 3
20 "0RJ0332C678" 20 0 0.000 90 0 0 0 3
21 "0RJ0512C678" 21 0 0.000 90 0 0 0 3
22 "0RJ0682C678" 22 0 0.000 90 0 0 0 3
23 "0RJ1000C678" 23 0 0.000 90 0 0 0 3
24 "0RJ1001C678" 24 0 0.000 90 0 0 0 3
25 "0RJ1001E478" 25 0 0.000 90 0 0 0 3
26 "0RJ1002C478" 26 0 0.000 90 0 0 0 3
27 "0RJ1002C678" 27 0 0.000 90 0 0 0 3
28 "0RJ1003C678" 28 0 0.000 90 0 0 0 3
29 "0RJ1102C478" 29 0 0.000 90 0 0 0 3
30 "0RJ1201C678" 30 0 0.000 90 0 0 0 3
31 "0RJ1203C478" 31 0 0.000 90 0 0 0 3
32 "0RJ1402C478" 32 0 0.000 90 0 0 0 3
33 "0RJ1502C478" 33 0 0.000 90 0 0 0 3
34 "0RJ1503C478" 34 0 0.000 90 0 0 0 3
35 "0RJ1801C678" 35 0 0.000 90 0 0 0 3
36 "0RJ1802C478" 36 0 0.000 90 0 0 0 3
37 "0RJ2000C678" 37 0 0.000 90 0 0 0 3
38 "0RJ2001C678" 38 0 0.000 90 0 0 0 3
39 "0RJ2002C478" 39 0 0.000 90 0 0 0 3
40 "0RJ2201C678" 40 0 0.000 90 0 0 0 3
41 "0RJ2202C678" 41 0 0.000 90 0 0 0 3
42 "0RJ2400C478" 42 0 0.000 90 0 0 0 3
43 "0RJ2402C478" 43 0 0.000 90 0 0 0 3
44 "0RJ2702C478" 44 0 0.000 90 0 0 0 3
45 "0RJ3003C478" 45 0 0.000 90 0 0 0 3
46 "0RJ3301C478" 46 0 0.000 90 0 0 0 3
47 "0RJ3301C678" 47 0 0.000 90 0 0 0 3
48 "0RJ3601C478" 48 0 0.000 90 0 0 0 3
49 "0RJ3602C478" 49 0 0.000 90 0 0 0 3
50 "0RJ3901C478" 50 0 0.000 90 0 0 0 3
51 "0RJ3902C478" 51 0 0.000 90 0 0 0 3
52 "0RJ4302C478" 52 0 0.000 90 0 0 0 3
53 "0RJ4700C678" 53 0 0.000 90 0 0 0 3
54 "0RJ4701C678" 54 0 0.000 90 0 0 0 3
55 "0RJ4702C678" 55 0 0.000 90 0 0 0 3
56 "0RJ5101C678" 56 0 0.000 90 0 0 0 3
57 "0RJ5102C478" 57 0 0.000 90 0 0 0 3
58 "0RJ5102C678" 58 0 0.000 90 0 0 0 3
59 "0RJ5601C478" 59 0 0.000 90 0 0 0 3
60 "0RJ6801C678" 60 0 0.000 90 0 0 0 3
61 "0RJ7502C478" 61 0 0.000 90 0 0 0 3
62 "0RJ8201C478" 62 0 0.000 90 0 0 0 3
63 "EAE30281901" 63 0 0.000 90 0 0 0 3
64 "EAE32166101" 64 0 0.000 90 0 0 0 3
65 "EBC30996801" 65 0 0.000 90 0 0 0 3
66 "EBC32176201" 66 0 0.000 90 0 0 0 3
67 "EBC41607701" 67 0 0.000 90 0 0 0 3
68 "EBC62582701" 68 0 0.000 90 0 0 0 3
69 "EBC62582702" 69 0 0.000 90 0 0 0 3
70 "EBC62582703" 70 0 0.000 90 0 0 0 3
71 "EBC62582706" 71 0 0.000 90 0 0 0 3
72 "EBC62582709" 72 0 0.000 90 0 0 0 3
73 "0CC223BK5BA" 73 0 0.000 90 0 0 0 3
74 "0CH1224K512" 74 0 0.000 90 0 0 0 3
75 "0CK104CK56A" 75 0 0.000 90 0 0 0 3
76 "0CK105CD56A" 76 0 0.000 90 0 0 0 3
77 "0CK105CK56A" 77 0 0.000 90 0 0 0 3
78 "0RH1002C422" 78 0 0.000 90 0 0 0 3
79 "0RJ0000D677" 79 0 0.000 90 0 0 0 3
80 "0RJ2000D677" 80 0 0.000 90 0 0 0 3
81 "0RJ3301D677" 81 0 0.000 90 0 0 0 3
82 "EAE62303301" 82 0 0.000 90 0 0 0 3
83 "EBC58702101" 83 0 0.000 90 0 0 0 3
[BlockRcgTblData]
IDNUM Stage BlockRcg
1 1 1
2 2 0
[PaletteData]
IDNUM N TRAY X Y ROT
[TrayData]
IDNUM NAME L W T OXA OYA OXB OYB PZ MX MY MZ MSA MSB MSC MSD RSP HSP RECOG TZ
[PartsMRecLib]
IDNUM PartsName PartsID MODE MRecX_A MRecY_A C_A REF_A LAMPA_A LAMPB_A TYPE_A SIZEA_A SIZEB_A SIZEC_A SIZED_A SIZEE_A SIZEF_A SIZEG_A SIZEH_A DARK_A TH_A RECSTARTX_A RECSTARTY_A RECENDX_A RECENDY_A MRecX_B MRecY_B C_B REF_B LAMPA_B LAMPB_B TYPE_B SIZEA_B SIZEB_B SIZEC_B SIZED_B SIZEE_B SIZEF_B SIZEG_B SIZEH_B DARK_B TH_B RECSTARTX_B RECSTARTY_B RECENDX_B RECENDY_B
1 "EBK64992801" 1 2 0.000 0.000 "" 125 0 0 21 1.000 0.000 0.000 0.000 0.000 0.000 0.000 0.000 1 0 0.000 0.000 0.000 0.000 0.000 0.000 "" 125 0 0 21 1.000 0.000 0.000 0.000 0.000 0.000 0.000 0.000 1 0 0.000 0.000 0.000 0.000
2 "0CC103BK5BA" 2 2 0.000 0.000 "" 125 0 0 21 1.000 0.000 0.000 0.000 0.000 0.000 0.000 0.000 1 0 0.000 0.000 0.000 0.000 0.000 0.000 "" 125 0 0 21 1.000 0.000 0.000 0.000 0.000 0.000 0.000 0.000 1 0 0.000 0.000 0.000 0.000
3 "0CC151BK41A" 3 2 0.000 0.000 "" 125 0 0 21 1.000 0.000 0.000 0.000 0.000 0.000 0.000 0.000 1 0 0.000 0.000 0.000 0.000 0.000 0.000 "" 125 0 0 21 1.000 0.000 0.000 0.000 0.000 0.000 0.000 0.000 1 0 0.000 0.000 0.000 0.000
4 "0CC180BKFAA" 4 2 0.000 0.000 "" 125 0 0 21 1.000 0.000 0.000 0.000 0.000 0.000 0.000 0.000 1 0 0.000 0.000 0.000 0.000 0.000 0.000 "" 125 0 0 21 1.000 0.000 0.000 0.000 0.000 0.000 0.000 0.000 1 0 0.000 0.000 0.000 0.000
5 "0CC271BK4AA" 5 2 0.000 0.000 "" 125 0 0 21 1.000 0.000 0.000 0.000 0.000 0.000 0.000 0.000 1 0 0.000 0.000 0.000 0.000 0.000 0.000 "" 125 0 0 21 1.000 0.000 0.000 0.000 0.000 0.000 0.000 0.000 1 0 0.000 0.000 0.000 0.000
6 "0CC560BK41A" 6 2 0.000 0.000 "" 125 0 0 21 1.000 0.000 0.000 0.000 0.000 0.000 0.000 0.000 1 0 0.000 0.000 0.000 0.000 0.000 0.000 "" 125 0 0 21 1.000 0.000 0.000 0.000 0.000 0.000 0.000 0.000 1 0 0.000 0.000 0.000 0.000
7 "0CH5220K618" 7 2 0.000 0.000 "" 125 0 0 21 1.000 0.000 0.000 0.000 0.000 0.000 0.000 0.000 1 0 0.000 0.000 0.000 0.000 0.000 0.000 "" 125 0 0 21 1.000 0.000 0.000 0.000 0.000 0.000 0.000 0.000 1 0 0.000 0.000 0.000 0.000
8 "0CH5470K618" 8 2 0.000 0.000 "" 125 0 0 21 1.000 0.000 0.000 0.000 0.000 0.000 0.000 0.000 1 0 0.000 0.000 0.000 0.000 0.000 0.000 "" 125 0 0 21 1.000 0.000 0.000 0.000 0.000 0.000 0.000 0.000 1 0 0.000 0.000 0.000 0.000
9 "0CK101BK4EA" 9 2 0.000 0.000 "" 125 0 0 21 1.000 0.000 0.000 0.000 0.000 0.000 0.000 0.000 1 0 0.000 0.000 0.000 0.000 0.000 0.000 "" 125 0 0 21 1.000 0.000 0.000 0.000 0.000 0.000 0.000 0.000 1 0 0.000 0.000 0.000 0.000
10 "0CK102BK56A" 10 2 0.000 0.000 "" 125 0 0 21 1.000 0.000 0.000 0.000 0.000 0.000 0.000 0.000 1 0 0.000 0.000 0.000 0.000 0.000 0.000 "" 125 0 0 21 1.000 0.000 0.000 0.000 0.000 0.000 0.000 0.000 1 0 0.000 0.000 0.000 0.000
11 "0CK104BF56A" 11 2 0.000 0.000 "" 125 0 0 21 1.000 0.000 0.000 0.000 0.000 0.000 0.000 0.000 1 0 0.000 0.000 0.000 0.000 0.000 0.000 "" 125 0 0 21 1.000 0.000 0.000 0.000 0.000 0.000 0.000 0.000 1 0 0.000 0.000 0.000 0.000
12 "0CK104BH56A" 12 2 0.000 0.000 "" 125 0 0 21 1.000 0.000 0.000 0.000 0.000 0.000 0.000 0.000 1 0 0.000 0.000 0.000 0.000 0.000 0.000 "" 125 0 0 21 1.000 0.000 0.000 0.000 0.000 0.000 0.000 0.000 1 0 0.000 0.000 0.000 0.000
13 "0CK471BK56A" 13 2 0.000 0.000 "" 125 0 0 21 1.000 0.000 0.000 0.000 0.000 0.000 0.000 0.000 1 0 0.000 0.000 0.000 0.000 0.000 0.000 "" 125 0 0 21 1.000 0.000 0.000 0.000 0.000 0.000 0.000 0.000 1 0 0.000 0.000 0.000 0.000
14 "0CZZB00024A" 14 2 0.000 0.000 "" 125 0 0 21 1.000 0.000 0.000 0.000 0.000 0.000 0.000 0.000 1 0 0.000 0.000 0.000 0.000 0.000 0.000 "" 125 0 0 21 1.000 0.000 0.000 0.000 0.000 0.000 0.000 0.000 1 0 0.000 0.000 0.000 0.000
15 "0CZZB00035A" 15 2 0.000 0.000 "" 125 0 0 21 1.000 0.000 0.000 0.000 0.000 0.000 0.000 0.000 1 0 0.000 0.000 0.000 0.000 0.000 0.000 "" 125 0 0 21 1.000 0.000 0.000 0.000 0.000 0.000 0.000 0.000 1 0 0.000 0.000 0.000 0.000
16 "0CZZB00055B" 16 2 0.000 0.000 "" 125 0 0 21 1.000 0.000 0.000 0.000 0.000 0.000 0.000 0.000 1 0 0.000 0.000 0.000 0.000 0.000 0.000 "" 125 0 0 21 1.000 0.000 0.000 0.000 0.000 0.000 0.000 0.000 1 0 0.000 0.000 0.000 0.000
17 "0RJ0000C678" 17 2 0.000 0.000 "" 125 0 0 21 1.000 0.000 0.000 0.000 0.000 0.000 0.000 0.000 1 0 0.000 0.000 0.000 0.000 0.000 0.000 "" 125 0 0 21 1.000 0.000 0.000 0.000 0.000 0.000 0.000 0.000 1 0 0.000 0.000 0.000 0.000
18 "0RJ0102C678" 18 2 0.000 0.000 "" 125 0 0 21 1.000 0.000 0.000 0.000 0.000 0.000 0.000 0.000 1 0 0.000 0.000 0.000 0.000 0.000 0.000 "" 125 0 0 21 1.000 0.000 0.000 0.000 0.000 0.000 0.000 0.000 1 0 0.000 0.000 0.000 0.000
19 "0RJ0221C678" 19 2 0.000 0.000 "" 125 0 0 21 1.000 0.000 0.000 0.000 0.000 0.000 0.000 0.000 1 0 0.000 0.000 0.000 0.000 0.000 0.000 "" 125 0 0 21 1.000 0.000 0.000 0.000 0.000 0.000 0.000 0.000 1 0 0.000 0.000 0.000 0.000
20 "0RJ0332C678" 20 2 0.000 0.000 "" 125 0 0 21 1.000 0.000 0.000 0.000 0.000 0.000 0.000 0.000 1 0 0.000 0.000 0.000 0.000 0.000 0.000 "" 125 0 0 21 1.000 0.000 0.000 0.000 0.000 0.000 0.000 0.000 1 0 0.000 0.000 0.000 0.000
21 "0RJ0512C678" 21 2 0.000 0.000 "" 125 0 0 21 1.000 0.000 0.000 0.000 0.000 0.000 0.000 0.000 1 0 0.000 0.000 0.000 0.000 0.000 0.000 "" 125 0 0 21 1.000 0.000 0.000 0.000 0.000 0.000 0.000 0.000 1 0 0.000 0.000 0.000 0.000
22 "0RJ0682C678" 22 2 0.000 0.000 "" 125 0 0 21 1.000 0.000 0.000 0.000 0.000 0.000 0.000 0.000 1 0 0.000 0.000 0.000 0.000 0.000 0.000 "" 125 0 0 21 1.000 0.000 0.000 0.000 0.000 0.000 0.000 0.000 1 0 0.000 0.000 0.000 0.000
23 "0RJ1000C678" 23 2 0.000 0.000 "" 125 0 0 21 1.000 0.000 0.000 0.000 0.000 0.000 0.000 0.000 1 0 0.000 0.000 0.000 0.000 0.000 0.000 "" 125 0 0 21 1.000 0.000 0.000 0.000 0.000 0.000 0.000 0.000 1 0 0.000 0.000 0.000 0.000
24 "0RJ1001C678" 24 2 0.000 0.000 "" 125 0 0 21 1.000 0.000 0.000 0.000 0.000 0.000 0.000 0.000 1 0 0.000 0.000 0.000 0.000 0.000 0.000 "" 125 0 0 21 1.000 0.000 0.000 0.000 0.000 0.000 0.000 0.000 1 0 0.000 0.000 0.000 0.000
25 "0RJ1001E478" 25 2 0.000 0.000 "" 125 0 0 21 1.000 0.000 0.000 0.000 0.000 0.000 0.000 0.000 1 0 0.000 0.000 0.000 0.000 0.000 0.000 "" 125 0 0 21 1.000 0.000 0.000 0.000 0.000 0.000 0.000 0.000 1 0 0.000 0.000 0.000 0.000
26 "0RJ1002C478" 26 2 0.000 0.000 "" 125 0 0 21 1.000 0.000 0.000 0.000 0.000 0.000 0.000 0.000 1 0 0.000 0.000 0.000 0.000 0.000 0.000 "" 125 0 0 21 1.000 0.000 0.000 0.000 0.000 0.000 0.000 0.000 1 0 0.000 0.000 0.000 0.000
27 "0RJ1002C678" 27 2 0.000 0.000 "" 125 0 0 21 1.000 0.000 0.000 0.000 0.000 0.000 0.000 0.000 1 0 0.000 0.000 0.000 0.000 0.000 0.000 "" 125 0 0 21 1.000 0.000 0.000 0.000 0.000 0.000 0.000 0.000 1 0 0.000 0.000 0.000 0.000
28 "0RJ1003C678" 28 2 0.000 0.000 "" 125 0 0 21 1.000 0.000 0.000 0.000 0.000 0.000 0.000 0.000 1 0 0.000 0.000 0.000 0.000 0.000 0.000 "" 125 0 0 21 1.000 0.000 0.000 0.000 0.000 0.000 0.000 0.000 1 0 0.000 0.000 0.000 0.000
29 "0RJ1102C478" 29 2 0.000 0.000 "" 125 0 0 21 1.000 0.000 0.000 0.000 0.000 0.000 0.000 0.000 1 0 0.000 0.000 0.000 0.000 0.000 0.000 "" 125 0 0 21 1.000 0.000 0.000 0.000 0.000 0.000 0.000 0.000 1 0 0.000 0.000 0.000 0.000
30 "0RJ1201C678" 30 2 0.000 0.000 "" 125 0 0 21 1.000 0.000 0.000 0.000 0.000 0.000 0.000 0.000 1 0 0.000 0.000 0.000 0.000 0.000 0.000 "" 125 0 0 21 1.000 0.000 0.000 0.000 0.000 0.000 0.000 0.000 1 0 0.000 0.000 0.000 0.000
31 "0RJ1203C478" 31 2 0.000 0.000 "" 125 0 0 21 1.000 0.000 0.000 0.000 0.000 0.000 0.000 0.000 1 0 0.000 0.000 0.000 0.000 0.000 0.000 "" 125 0 0 21 1.000 0.000 0.000 0.000 0.000 0.000 0.000 0.000 1 0 0.000 0.000 0.000 0.000
32 "0RJ1402C478" 32 2 0.000 0.000 "" 125 0 0 21 1.000 0.000 0.000 0.000 0.000 0.000 0.000 0.000 1 0 0.000 0.000 0.000 0.000 0.000 0.000 "" 125 0 0 21 1.000 0.000 0.000 0.000 0.000 0.000 0.000 0.000 1 0 0.000 0.000 0.000 0.000
33 "0RJ1502C478" 33 2 0.000 0.000 "" 125 0 0 21 1.000 0.000 0.000 0.000 0.000 0.000 0.000 0.000 1 0 0.000 0.000 0.000 0.000 0.000 0.000 "" 125 0 0 21 1.000 0.000 0.000 0.000 0.000 0.000 0.000 0.000 1 0 0.000 0.000 0.000 0.000
34 "0RJ1503C478" 34 2 0.000 0.000 "" 125 0 0 21 1.000 0.000 0.000 0.000 0.000 0.000 0.000 0.000 1 0 0.000 0.000 0.000 0.000 0.000 0.000 "" 125 0 0 21 1.000 0.000 0.000 0.000 0.000 0.000 0.000 0.000 1 0 0.000 0.000 0.000 0.000
35 "0RJ1801C678" 35 2 0.000 0.000 "" 125 0 0 21 1.000 0.000 0.000 0.000 0.000 0.000 0.000 0.000 1 0 0.000 0.000 0.000 0.000 0.000 0.000 "" 125 0 0 21 1.000 0.000 0.000 0.000 0.000 0.000 0.000 0.000 1 0 0.000 0.000 0.000 0.000
36 "0RJ1802C478" 36 2 0.000 0.000 "" 125 0 0 21 1.000 0.000 0.000 0.000 0.000 0.000 0.000 0.000 1 0 0.000 0.000 0.000 0.000 0.000 0.000 "" 125 0 0 21 1.000 0.000 0.000 0.000 0.000 0.000 0.000 0.000 1 0 0.000 0.000 0.000 0.000
37 "0RJ2000C678" 37 2 0.000 0.000 "" 125 0 0 21 1.000 0.000 0.000 0.000 0.000 0.000 0.000 0.000 1 0 0.000 0.000 0.000 0.000 0.000 0.000 "" 125 0 0 21 1.000 0.000 0.000 0.000 0.000 0.000 0.000 0.000 1 0 0.000 0.000 0.000 0.000
38 "0RJ2001C678" 38 2 0.000 0.000 "" 125 0 0 21 1.000 0.000 0.000 0.000 0.000 0.000 0.000 0.000 1 0 0.000 0.000 0.000 0.000 0.000 0.000 "" 125 0 0 21 1.000 0.000 0.000 0.000 0.000 0.000 0.000 0.000 1 0 0.000 0.000 0.000 0.000
39 "0RJ2002C478" 39 2 0.000 0.000 "" 125 0 0 21 1.000 0.000 0.000 0.000 0.000 0.000 0.000 0.000 1 0 0.000 0.000 0.000 0.000 0.000 0.000 "" 125 0 0 21 1.000 0.000 0.000 0.000 0.000 0.000 0.000 0.000 1 0 0.000 0.000 0.000 0.000
40 "0RJ2201C678" 40 2 0.000 0.000 "" 125 0 0 21 1.000 0.000 0.000 0.000 0.000 0.000 0.000 0.000 1 0 0.000 0.000 0.000 0.000 0.000 0.000 "" 125 0 0 21 1.000 0.000 0.000 0.000 0.000 0.000 0.000 0.000 1 0 0.000 0.000 0.000 0.000
41 "0RJ2202C678" 41 2 0.000 0.000 "" 125 0 0 21 1.000 0.000 0.000 0.000 0.000 0.000 0.000 0.000 1 0 0.000 0.000 0.000 0.000 0.000 0.000 "" 125 0 0 21 1.000 0.000 0.000 0.000 0.000 0.000 0.000 0.000 1 0 0.000 0.000 0.000 0.000
42 "0RJ2400C478" 42 2 0.000 0.000 "" 125 0 0 21 1.000 0.000 0.000 0.000 0.000 0.000 0.000 0.000 1 0 0.000 0.000 0.000 0.000 0.000 0.000 "" 125 0 0 21 1.000 0.000 0.000 0.000 0.000 0.000 0.000 0.000 1 0 0.000 0.000 0.000 0.000
43 "0RJ2402C478" 43 2 0.000 0.000 "" 125 0 0 21 1.000 0.000 0.000 0.000 0.000 0.000 0.000 0.000 1 0 0.000 0.000 0.000 0.000 0.000 0.000 "" 125 0 0 21 1.000 0.000 0.000 0.000 0.000 0.000 0.000 0.000 1 0 0.000 0.000 0.000 0.000
44 "0RJ2702C478" 44 2 0.000 0.000 "" 125 0 0 21 1.000 0.000 0.000 0.000 0.000 0.000 0.000 0.000 1 0 0.000 0.000 0.000 0.000 0.000 0.000 "" 125 0 0 21 1.000 0.000 0.000 0.000 0.000 0.000 0.000 0.000 1 0 0.000 0.000 0.000 0.000
45 "0RJ3003C478" 45 2 0.000 0.000 "" 125 0 0 21 1.000 0.000 0.000 0.000 0.000 0.000 0.000 0.000 1 0 0.000 0.000 0.000 0.000 0.000 0.000 "" 125 0 0 21 1.000 0.000 0.000 0.000 0.000 0.000 0.000 0.000 1 0 0.000 0.000 0.000 0.000
46 "0RJ3301C478" 46 2 0.000 0.000 "" 125 0 0 21 1.000 0.000 0.000 0.000 0.000 0.000 0.000 0.000 1 0 0.000 0.000 0.000 0.000 0.000 0.000 "" 125 0 0 21 1.000 0.000 0.000 0.000 0.000 0.000 0.000 0.000 1 0 0.000 0.000 0.000 0.000
47 "0RJ3301C678" 47 2 0.000 0.000 "" 125 0 0 21 1.000 0.000 0.000 0.000 0.000 0.000 0.000 0.000 1 0 0.000 0.000 0.000 0.000 0.000 0.000 "" 125 0 0 21 1.000 0.000 0.000 0.000 0.000 0.000 0.000 0.000 1 0 0.000 0.000 0.000 0.000
48 "0RJ3601C478" 48 2 0.000 0.000 "" 125 0 0 21 1.000 0.000 0.000 0.000 0.000 0.000 0.000 0.000 1 0 0.000 0.000 0.000 0.000 0.000 0.000 "" 125 0 0 21 1.000 0.000 0.000 0.000 0.000 0.000 0.000 0.000 1 0 0.000 0.000 0.000 0.000
49 "0RJ3602C478" 49 2 0.000 0.000 "" 125 0 0 21 1.000 0.000 0.000 0.000 0.000 0.000 0.000 0.000 1 0 0.000 0.000 0.000 0.000 0.000 0.000 "" 125 0 0 21 1.000 0.000 0.000 0.000 0.000 0.000 0.000 0.000 1 0 0.000 0.000 0.000 0.000
50 "0RJ3901C478" 50 2 0.000 0.000 "" 125 0 0 21 1.000 0.000 0.000 0.000 0.000 0.000 0.000 0.000 1 0 0.000 0.000 0.000 0.000 0.000 0.000 "" 125 0 0 21 1.000 0.000 0.000 0.000 0.000 0.000 0.000 0.000 1 0 0.000 0.000 0.000 0.000
51 "0RJ3902C478" 51 2 0.000 0.000 "" 125 0 0 21 1.000 0.000 0.000 0.000 0.000 0.000 0.000 0.000 1 0 0.000 0.000 0.000 0.000 0.000 0.000 "" 125 0 0 21 1.000 0.000 0.000 0.000 0.000 0.000 0.000 0.000 1 0 0.000 0.000 0.000 0.000
52 "0RJ4302C478" 52 2 0.000 0.000 "" 125 0 0 21 1.000 0.000 0.000 0.000 0.000 0.000 0.000 0.000 1 0 0.000 0.000 0.000 0.000 0.000 0.000 "" 125 0 0 21 1.000 0.000 0.000 0.000 0.000 0.000 0.000 0.000 1 0 0.000 0.000 0.000 0.000
53 "0RJ4700C678" 53 2 0.000 0.000 "" 125 0 0 21 1.000 0.000 0.000 0.000 0.000 0.000 0.000 0.000 1 0 0.000 0.000 0.000 0.000 0.000 0.000 "" 125 0 0 21 1.000 0.000 0.000 0.000 0.000 0.000 0.000 0.000 1 0 0.000 0.000 0.000 0.000
54 "0RJ4701C678" 54 2 0.000 0.000 "" 125 0 0 21 1.000 0.000 0.000 0.000 0.000 0.000 0.000 0.000 1 0 0.000 0.000 0.000 0.000 0.000 0.000 "" 125 0 0 21 1.000 0.000 0.000 0.000 0.000 0.000 0.000 0.000 1 0 0.000 0.000 0.000 0.000
55 "0RJ4702C678" 55 2 0.000 0.000 "" 125 0 0 21 1.000 0.000 0.000 0.000 0.000 0.000 0.000 0.000 1 0 0.000 0.000 0.000 0.000 0.000 0.000 "" 125 0 0 21 1.000 0.000 0.000 0.000 0.000 0.000 0.000 0.000 1 0 0.000 0.000 0.000 0.000
56 "0RJ5101C678" 56 2 0.000 0.000 "" 125 0 0 21 1.000 0.000 0.000 0.000 0.000 0.000 0.000 0.000 1 0 0.000 0.000 0.000 0.000 0.000 0.000 "" 125 0 0 21 1.000 0.000 0.000 0.000 0.000 0.000 0.000 0.000 1 0 0.000 0.000 0.000 0.000
57 "0RJ5102C478" 57 2 0.000 0.000 "" 125 0 0 21 1.000 0.000 0.000 0.000 0.000 0.000 0.000 0.000 1 0 0.000 0.000 0.000 0.000 0.000 0.000 "" 125 0 0 21 1.000 0.000 0.000 0.000 0.000 0.000 0.000 0.000 1 0 0.000 0.000 0.000 0.000
58 "0RJ5102C678" 58 2 0.000 0.000 "" 125 0 0 21 1.000 0.000 0.000 0.000 0.000 0.000 0.000 0.000 1 0 0.000 0.000 0.000 0.000 0.000 0.000 "" 125 0 0 21 1.000 0.000 0.000 0.000 0.000 0.000 0.000 0.000 1 0 0.000 0.000 0.000 0.000
59 "0RJ5601C478" 59 2 0.000 0.000 "" 125 0 0 21 1.000 0.000 0.000 0.000 0.000 0.000 0.000 0.000 1 0 0.000 0.000 0.000 0.000 0.000 0.000 "" 125 0 0 21 1.000 0.000 0.000 0.000 0.000 0.000 0.000 0.000 1 0 0.000 0.000 0.000 0.000
60 "0RJ6801C678" 60 2 0.000 0.000 "" 125 0 0 21 1.000 0.000 0.000 0.000 0.000 0.000 0.000 0.000 1 0 0.000 0.000 0.000 0.000 0.000 0.000 "" 125 0 0 21 1.000 0.000 0.000 0.000 0.000 0.000 0.000 0.000 1 0 0.000 0.000 0.000 0.000
61 "0RJ7502C478" 61 2 0.000 0.000 "" 125 0 0 21 1.000 0.000 0.000 0.000 0.000 0.000 0.000 0.000 1 0 0.000 0.000 0.000 0.000 0.000 0.000 "" 125 0 0 21 1.000 0.000 0.000 0.000 0.000 0.000 0.000 0.000 1 0 0.000 0.000 0.000 0.000
62 "0RJ8201C478" 62 2 0.000 0.000 "" 125 0 0 21 1.000 0.000 0.000 0.000 0.000 0.000 0.000 0.000 1 0 0.000 0.000 0.000 0.000 0.000 0.000 "" 125 0 0 21 1.000 0.000 0.000 0.000 0.000 0.000 0.000 0.000 1 0 0.000 0.000 0.000 0.000
63 "EAE30281901" 63 2 0.000 0.000 "" 125 0 0 21 1.000 0.000 0.000 0.000 0.000 0.000 0.000 0.000 1 0 0.000 0.000 0.000 0.000 0.000 0.000 "" 125 0 0 21 1.000 0.000 0.000 0.000 0.000 0.000 0.000 0.000 1 0 0.000 0.000 0.000 0.000
64 "EAE32166101" 64 2 0.000 0.000 "" 125 0 0 21 1.000 0.000 0.000 0.000 0.000 0.000 0.000 0.000 1 0 0.000 0.000 0.000 0.000 0.000 0.000 "" 125 0 0 21 1.000 0.000 0.000 0.000 0.000 0.000 0.000 0.000 1 0 0.000 0.000 0.000 0.000
65 "EBC30996801" 65 2 0.000 0.000 "" 125 0 0 21 1.000 0.000 0.000 0.000 0.000 0.000 0.000 0.000 1 0 0.000 0.000 0.000 0.000 0.000 0.000 "" 125 0 0 21 1.000 0.000 0.000 0.000 0.000 0.000 0.000 0.000 1 0 0.000 0.000 0.000 0.000
66 "EBC32176201" 66 2 0.000 0.000 "" 125 0 0 21 1.000 0.000 0.000 0.000 0.000 0.000 0.000 0.000 1 0 0.000 0.000 0.000 0.000 0.000 0.000 "" 125 0 0 21 1.000 0.000 0.000 0.000 0.000 0.000 0.000 0.000 1 0 0.000 0.000 0.000 0.000
67 "EBC41607701" 67 2 0.000 0.000 "" 125 0 0 21 1.000 0.000 0.000 0.000 0.000 0.000 0.000 0.000 1 0 0.000 0.000 0.000 0.000 0.000 0.000 "" 125 0 0 21 1.000 0.000 0.000 0.000 0.000 0.000 0.000 0.000 1 0 0.000 0.000 0.000 0.000
68 "EBC62582701" 68 2 0.000 0.000 "" 125 0 0 21 1.000 0.000 0.000 0.000 0.000 0.000 0.000 0.000 1 0 0.000 0.000 0.000 0.000 0.000 0.000 "" 125 0 0 21 1.000 0.000 0.000 0.000 0.000 0.000 0.000 0.000 1 0 0.000 0.000 0.000 0.000
69 "EBC62582702" 69 2 0.000 0.000 "" 125 0 0 21 1.000 0.000 0.000 0.000 0.000 0.000 0.000 0.000 1 0 0.000 0.000 0.000 0.000 0.000 0.000 "" 125 0 0 21 1.000 0.000 0.000 0.000 0.000 0.000 0.000 0.000 1 0 0.000 0.000 0.000 0.000
70 "EBC62582703" 70 2 0.000 0.000 "" 125 0 0 21 1.000 0.000 0.000 0.000 0.000 0.000 0.000 0.000 1 0 0.000 0.000 0.000 0.000 0.000 0.000 "" 125 0 0 21 1.000 0.000 0.000 0.000 0.000 0.000 0.000 0.000 1 0 0.000 0.000 0.000 0.000
71 "EBC62582706" 71 2 0.000 0.000 "" 125 0 0 21 1.000 0.000 0.000 0.000 0.000 0.000 0.000 0.000 1 0 0.000 0.000 0.000 0.000 0.000 0.000 "" 125 0 0 21 1.000 0.000 0.000 0.000 0.000 0.000 0.000 0.000 1 0 0.000 0.000 0.000 0.000
72 "EBC62582709" 72 2 0.000 0.000 "" 125 0 0 21 1.000 0.000 0.000 0.000 0.000 0.000 0.000 0.000 1 0 0.000 0.000 0.000 0.000 0.000 0.000 "" 125 0 0 21 1.000 0.000 0.000 0.000 0.000 0.000 0.000 0.000 1 0 0.000 0.000 0.000 0.000
73 "0CC223BK5BA" 73 2 0.000 0.000 "" 125 0 0 21 1.000 0.000 0.000 0.000 0.000 0.000 0.000 0.000 1 0 0.000 0.000 0.000 0.000 0.000 0.000 "" 125 0 0 21 1.000 0.000 0.000 0.000 0.000 0.000 0.000 0.000 1 0 0.000 0.000 0.000 0.000
74 "0CH1224K512" 74 2 0.000 0.000 "" 125 0 0 21 1.000 0.000 0.000 0.000 0.000 0.000 0.000 0.000 1 0 0.000 0.000 0.000 0.000 0.000 0.000 "" 125 0 0 21 1.000 0.000 0.000 0.000 0.000 0.000 0.000 0.000 1 0 0.000 0.000 0.000 0.000
75 "0CK104CK56A" 75 2 0.000 0.000 "" 125 0 0 21 1.000 0.000 0.000 0.000 0.000 0.000 0.000 0.000 1 0 0.000 0.000 0.000 0.000 0.000 0.000 "" 125 0 0 21 1.000 0.000 0.000 0.000 0.000 0.000 0.000 0.000 1 0 0.000 0.000 0.000 0.000
76 "0CK105CD56A" 76 2 0.000 0.000 "" 125 0 0 21 1.000 0.000 0.000 0.000 0.000 0.000 0.000 0.000 1 0 0.000 0.000 0.000 0.000 0.000 0.000 "" 125 0 0 21 1.000 0.000 0.000 0.000 0.000 0.000 0.000 0.000 1 0 0.000 0.000 0.000 0.000
77 "0CK105CK56A" 77 2 0.000 0.000 "" 125 0 0 21 1.000 0.000 0.000 0.000 0.000 0.000 0.000 0.000 1 0 0.000 0.000 0.000 0.000 0.000 0.000 "" 125 0 0 21 1.000 0.000 0.000 0.000 0.000 0.000 0.000 0.000 1 0 0.000 0.000 0.000 0.000
78 "0RH1002C422" 78 2 0.000 0.000 "" 125 0 0 21 1.000 0.000 0.000 0.000 0.000 0.000 0.000 0.000 1 0 0.000 0.000 0.000 0.000 0.000 0.000 "" 125 0 0 21 1.000 0.000 0.000 0.000 0.000 0.000 0.000 0.000 1 0 0.000 0.000 0.000 0.000
79 "0RJ0000D677" 79 2 0.000 0.000 "" 125 0 0 21 1.000 0.000 0.000 0.000 0.000 0.000 0.000 0.000 1 0 0.000 0.000 0.000 0.000 0.000 0.000 "" 125 0 0 21 1.000 0.000 0.000 0.000 0.000 0.000 0.000 0.000 1 0 0.000 0.000 0.000 0.000
80 "0RJ2000D677" 80 2 0.000 0.000 "" 125 0 0 21 1.000 0.000 0.000 0.000 0.000 0.000 0.000 0.000 1 0 0.000 0.000 0.000 0.000 0.000 0.000 "" 125 0 0 21 1.000 0.000 0.000 0.000 0.000 0.000 0.000 0.000 1 0 0.000 0.000 0.000 0.000
81 "0RJ3301D677" 81 2 0.000 0.000 "" 125 0 0 21 1.000 0.000 0.000 0.000 0.000 0.000 0.000 0.000 1 0 0.000 0.000 0.000 0.000 0.000 0.000 "" 125 0 0 21 1.000 0.000 0.000 0.000 0.000 0.000 0.000 0.000 1 0 0.000 0.000 0.000 0.000
82 "EAE62303301" 82 2 0.000 0.000 "" 125 0 0 21 1.000 0.000 0.000 0.000 0.000 0.000 0.000 0.000 1 0 0.000 0.000 0.000 0.000 0.000 0.000 "" 125 0 0 21 1.000 0.000 0.000 0.000 0.000 0.000 0.000 0.000 1 0 0.000 0.000 0.000 0.000
83 "EBC58702101" 83 2 0.000 0.000 "" 125 0 0 21 1.000 0.000 0.000 0.000 0.000 0.000 0.000 0.000 1 0 0.000 0.000 0.000 0.000 0.000 0.000 "" 125 0 0 21 1.000 0.000 0.000 0.000 0.000 0.000 0.000 0.000 1 0 0.000 0.000 0.000 0.000
[ChipData]
IDNUM L W T NOZZLEA NOZZLEB NOZZLEC NOZZLED NOZZLEE REF RCGSP TGAP MGAP TUPX TUPY TUPZ RZ MZ SZ TSPD MSPD FS TUPT MNTT VSEL LMPA LMPB LMPC LMPD LMPE LMPF NR NAME KIND NUMBER REV VIEW QFP BGA FC CT GR HMFLAG HMGAP MAXL MAXW TMFLAG HMAX POLARIZE MRECA LMFLAG COVERSIZE
1 1.700 1.100 0.550 230 0 0 0 0 61 0 0.100 0.300 0.000 0.000 0.000 0.000 0.000 0.000 100 100 3 3 3 0 0 0 0 0 0 0 3000 "MINI TR 3PIN" 14 0 0 0 0 0 0 0 1 1 0.000 1.700 1.100 0 0.190 0 0 0 1
2 1.000 0.500 0.500 230 0 0 0 0 55 0 0.100 0.300 0.000 0.000 0.000 0.000 0.000 0.000 100 100 3 3 3 0 0 100 0 0 0 0 10000 "C1005_T0.5" 2 0 0 0 0 0 0 0 2 1 0.000 1.000 0.500 0 0.100 0 0 0 1
3 1.000 0.500 0.500 230 0 0 0 0 55 0 0.000 0.300 0.000 0.000 0.000 0.000 0.000 0.000 100 100 3 3 3 0 0 45 0 0 0 0 10000 "C1005_T0.5" 2 0 0 0 0 0 0 0 3 1 0.000 1.000 0.500 0 0.100 0 0 0 1
4 1.000 0.500 0.500 230 0 0 0 0 55 0 0.000 0.300 0.000 0.000 0.000 0.000 0.000 0.000 100 100 3 3 3 0 0 100 0 0 0 0 10000 "C1005_T0.5" 2 0 0 0 0 0 0 0 4 1 0.000 1.000 0.500 0 0.100 0 0 0 1
5 1.000 0.500 0.500 230 0 0 0 0 55 0 0.000 0.300 0.000 0.000 0.000 0.000 0.000 0.000 100 100 3 3 3 0 0 0 0 0 0 0 10000 "C1005_T0.5" 2 0 0 0 0 0 0 0 5 1 0.000 1.000 0.500 0 0.100 0 0 0 1
6 1.000 0.500 0.500 230 0 0 0 0 55 0 0.000 0.300 0.000 0.000 0.000 0.000 0.000 0.000 100 100 3 3 3 0 0 0 0 0 0 0 10000 "C1005_T0.5" 2 0 0 0 0 0 0 0 6 1 0.000 1.000 0.500 0 0.100 0 0 0 1
7 1.000 0.500 0.500 230 0 0 0 0 55 0 0.000 0.300 0.000 0.000 0.000 0.000 0.000 0.000 100 100 3 3 3 0 0 0 0 0 0 0 10000 "C1005_T0.5" 2 0 0 0 0 0 0 0 7 1 0.000 1.000 0.500 0 0.100 0 0 0 1
8 1.000 0.500 0.500 230 0 0 0 0 55 0 0.000 0.300 0.000 0.000 0.000 0.000 0.000 0.000 100 100 3 3 3 0 0 120 0 0 0 0 10000 "C1005_T0.5" 2 0 0 0 0 0 0 0 8 1 0.000 1.000 0.500 0 0.100 0 0 0 1
9 1.000 0.500 0.500 230 0 0 0 0 55 0 0.000 0.300 0.000 0.000 0.000 0.000 0.000 0.000 100 100 3 3 3 0 0 100 0 0 0 0 10000 "C1005_T0.5" 2 0 0 0 0 0 0 0 9 1 0.000 1.000 0.500 0 0.100 0 0 0 1
10 1.000 0.500 0.500 230 0 0 0 0 55 0 0.100 0.300 0.000 0.000 0.000 0.000 0.000 0.000 100 100 3 3 3 0 0 100 0 0 0 0 10000 "C1005_T0.5" 2 0 0 0 0 0 0 0 10 1 0.000 1.000 0.500 0 0.100 0 0 0 1
11 1.000 0.500 0.500 230 0 0 0 0 55 0 0.000 0.300 0.000 0.000 0.000 0.000 0.000 0.000 100 100 3 3 3 0 0 100 0 0 0 0 10000 "C1005_T0.5" 2 0 0 0 0 0 0 0 11 1 0.000 1.000 0.500 0 0.100 0 0 0 1
12 1.000 0.500 0.500 230 0 0 0 0 55 0 0.100 0.300 0.000 0.000 0.000 0.000 0.000 0.000 100 100 3 3 3 0 0 100 0 0 0 0 10000 "C1005_T0.5" 2 0 0 0 0 0 0 0 12 1 0.000 1.000 0.500 0 0.100 0 0 0 1
13 1.000 0.500 0.500 230 0 0 0 0 55 0 0.000 0.300 0.000 0.000 0.000 0.000 0.000 0.000 100 100 3 3 3 0 0 0 0 0 0 0 10000 "C1005_T0.5" 2 0 0 0 0 0 0 0 13 1 0.000 1.000 0.500 0 0.100 0 0 0 1
14 1.000 0.500 0.500 230 0 0 0 0 55 0 0.000 0.300 0.000 0.000 0.000 0.000 0.000 0.000 100 100 3 3 3 0 0 100 0 0 0 0 10000 "C1005_T0.5" 2 0 0 0 0 0 0 0 14 1 0.000 1.000 0.500 0 0.100 0 0 0 1
15 1.000 0.500 0.500 230 0 0 0 0 55 0 0.000 0.300 0.000 0.000 0.000 0.000 0.000 0.000 100 100 3 3 3 0 0 40 0 0 0 0 10000 "C1005_T0.5" 2 0 0 0 0 0 0 0 15 1 0.000 1.000 0.500 0 0.100 0 0 0 1
16 1.000 0.500 0.500 230 0 0 0 0 55 0 0.000 0.300 0.000 0.000 0.000 0.000 0.000 0.000 80 100 3 2 3 0 0 0 0 0 0 0 10000 "C1005_T0.5" 2 0 0 0 0 0 0 0 16 1 0.000 1.000 0.500 0 0.100 0 0 0 1
17 1.000 0.500 0.300 230 0 0 0 0 55 0 0.000 0.300 0.000 0.000 0.000 0.000 0.000 0.000 100 100 3 3 3 0 0 100 0 0 0 0 10000 "R1005_T0.35" 1 0 0 0 0 0 0 0 17 1 0.000 1.000 0.500 0 0.060 0 0 0 1
18 1.000 0.500 0.300 230 0 0 0 0 55 0 -0.100 0.300 0.000 0.000 0.000 0.000 0.000 0.000 100 100 3 3 3 0 0 100 0 0 0 0 10000 "R1005_T0.35" 1 0 0 0 0 0 0 0 18 1 0.000 1.000 0.500 0 0.060 0 0 0 1
19 1.000 0.500 0.300 230 0 0 0 0 55 0 -0.100 0.300 0.000 0.000 0.000 0.000 0.000 0.000 100 100 3 3 3 0 0 100 0 0 0 0 10000 "R1005_T0.35" 1 0 0 0 0 0 0 0 19 1 0.000 1.000 0.500 0 0.060 0 0 0 1
20 1.000 0.500 0.300 230 0 0 0 0 55 0 -0.100 0.300 0.000 0.000 0.000 0.000 0.000 0.000 100 100 3 3 3 0 0 40 0 0 0 0 10000 "R1005_T0.35" 1 0 0 0 0 0 0 0 20 1 0.000 1.000 0.500 0 0.060 0 0 0 1
21 1.000 0.500 0.300 230 0 0 0 0 55 0 -0.100 0.300 0.000 0.000 0.000 0.000 0.000 0.000 100 100 3 3 3 0 0 90 0 0 0 0 10000 "R1005_T0.35" 1 0 0 0 0 0 0 0 21 1 0.000 1.000 0.500 0 0.060 0 0 0 1
22 1.000 0.500 0.300 230 0 0 0 0 55 0 -0.100 0.300 0.000 0.000 0.000 0.000 0.000 0.000 100 100 3 3 3 0 0 90 0 0 0 0 10000 "R1005_T0.35" 1 0 0 0 0 0 0 0 22 1 0.000 1.000 0.500 0 0.060 0 0 0 1
23 1.000 0.500 0.300 230 0 0 0 0 55 0 -0.100 0.300 0.000 0.000 0.000 0.000 0.000 0.000 100 100 3 3 3 0 0 90 0 0 0 0 10000 "R1005_T0.35" 1 0 0 0 0 0 0 0 23 1 0.000 1.000 0.500 0 0.060 0 0 0 1
24 1.000 0.500 0.300 230 0 0 0 0 55 0 -0.100 0.300 0.000 0.000 0.000 0.000 0.000 0.000 100 100 3 3 3 0 0 100 0 0 0 0 10000 "R1005_T0.35" 1 0 0 0 0 0 0 0 24 1 0.000 1.000 0.500 0 0.060 0 0 0 0
25 1.000 0.500 0.300 230 0 0 0 0 55 0 0.000 0.300 0.000 0.000 0.000 0.000 0.000 0.000 100 100 3 3 3 0 0 90 0 0 0 0 10000 "R1005_T0.35" 1 0 0 0 0 0 0 0 25 1 0.000 1.000 0.500 0 0.060 0 0 0 1
26 1.000 0.500 0.300 230 0 0 0 0 55 0 0.000 0.300 0.000 0.000 0.000 0.000 0.000 0.000 100 100 3 3 3 0 0 110 0 0 0 0 10000 "R1005_T0.35" 1 0 0 0 0 0 0 0 26 1 0.000 1.000 0.500 0 0.060 0 0 0 1
27 1.000 0.500 0.300 230 0 0 0 0 55 0 0.000 0.300 0.000 0.000 0.000 0.000 0.000 0.000 100 100 3 3 3 0 0 100 0 0 0 0 10000 "R1005_T0.35" 1 0 0 0 0 0 0 0 27 1 0.000 1.000 0.500 0 0.060 0 0 0 1
28 1.000 0.500 0.300 230 0 0 0 0 55 0 -0.100 0.300 0.000 0.000 0.000 0.000 0.000 0.000 100 100 3 3 3 0 0 100 0 0 0 0 10000 "R1005_T0.35" 1 0 0 0 0 0 0 0 28 1 0.000 1.000 0.500 0 0.060 0 0 0 1
29 1.000 0.500 0.300 230 0 0 0 0 55 0 -0.100 0.300 0.000 0.000 0.000 0.000 0.000 0.000 100 100 3 3 3 0 0 100 0 0 0 0 10000 "R1005_T0.35" 1 0 0 0 0 0 0 0 29 1 0.000 1.000 0.500 0 0.060 0 0 0 1
30 1.000 0.500 0.300 230 0 0 0 0 55 0 -0.100 0.300 0.000 0.000 0.000 0.000 0.000 0.000 100 100 3 3 3 0 0 100 0 0 0 0 10000 "R1005_T0.35" 1 0 0 0 0 0 0 0 30 1 0.000 1.000 0.500 0 0.060 0 0 0 1
31 1.000 0.500 0.300 230 0 0 0 0 55 0 -0.100 0.300 0.000 0.000 0.000 0.000 0.000 0.000 100 100 3 3 3 0 0 110 0 0 0 0 10000 "R1005_T0.35" 1 0 0 0 0 0 0 0 31 1 0.000 1.000 0.500 0 0.060 0 0 0 1
32 1.000 0.500 0.300 230 0 0 0 0 55 0 -0.100 0.300 0.000 0.000 0.000 0.000 0.000 0.000 100 100 3 3 3 0 0 90 0 0 0 0 10000 "R1005_T0.35" 1 0 0 0 0 0 0 0 32 1 0.000 1.000 0.500 0 0.060 0 0 0 1
33 1.000 0.500 0.300 230 0 0 0 0 55 0 -0.100 0.300 0.000 0.000 0.000 0.000 0.000 0.000 100 100 3 3 3 0 0 90 0 0 0 0 10000 "R1005_T0.35" 1 0 0 0 0 0 0 0 33 1 0.000 1.000 0.500 0 0.060 0 0 0 1
34 1.000 0.500 0.300 230 0 0 0 0 55 0 -0.100 0.300 0.000 0.000 0.000 0.000 0.000 0.000 100 100 3 3 3 0 0 40 0 0 0 0 10000 "R1005_T0.35" 1 0 0 0 0 0 0 0 34 1 0.000 1.000 0.500 0 0.060 0 0 0 1
35 1.000 0.500 0.300 230 0 0 0 0 55 0 -0.100 0.300 0.000 0.000 0.000 0.000 0.000 0.000 100 100 3 3 3 0 0 100 0 0 0 0 10000 "R1005_T0.35" 1 0 0 0 0 0 0 0 35 1 0.000 1.000 0.500 0 0.060 0 0 0 1
36 1.000 0.500 0.300 230 0 0 0 0 55 0 -0.100 0.300 0.000 0.000 0.000 0.000 0.000 0.000 100 100 3 3 3 0 0 110 0 0 0 0 10000 "R1005_T0.35" 1 0 0 0 0 0 0 0 36 1 0.000 1.000 0.500 0 0.060 0 0 0 1
37 1.000 0.500 0.300 230 0 0 0 0 55 0 -0.100 0.300 0.000 0.000 0.000 0.000 0.000 0.000 100 100 3 3 3 0 0 100 0 0 0 0 10000 "R1005_T0.35" 1 0 0 0 0 0 0 0 37 1 0.000 1.000 0.500 0 0.060 0 0 0 1
38 1.000 0.500 0.300 230 0 0 0 0 55 0 -0.100 0.300 0.000 0.000 0.000 0.000 0.000 0.000 100 100 3 3 3 0 0 65 0 0 0 0 10000 "R1005_T0.35" 1 0 0 0 0 0 0 0 38 1 0.000 1.000 0.500 0 0.060 0 0 0 1
39 1.000 0.500 0.300 230 0 0 0 0 55 0 -0.100 0.300 0.000 0.000 0.000 0.000 0.000 0.000 100 100 3 3 3 0 0 100 0 0 0 0 10000 "R1005_T0.35" 1 0 0 0 0 0 0 0 39 1 0.000 1.000 0.500 0 0.060 0 0 0 1
40 1.000 0.500 0.300 230 0 0 0 0 55 0 -0.100 0.300 0.000 0.000 0.000 0.000 0.000 0.000 100 100 3 3 3 0 0 100 0 0 0 0 10000 "R1005_T0.35" 1 0 0 0 0 0 0 0 40 1 0.000 1.000 0.500 0 0.060 0 0 0 1
41 1.000 0.500 0.300 230 0 0 0 0 55 0 0.000 0.300 0.000 0.000 0.000 0.000 0.000 0.000 100 100 3 3 3 0 0 100 0 0 0 0 10000 "R1005_T0.35" 1 0 0 0 0 0 0 0 41 1 0.000 1.000 0.500 0 0.060 0 0 0 1
42 1.000 0.500 0.300 230 0 0 0 0 55 0 -0.100 0.300 0.000 0.000 0.000 0.000 0.000 0.000 100 100 3 3 3 0 0 100 0 0 0 0 10000 "R1005_T0.35" 1 0 0 0 0 0 0 0 42 1 0.000 1.000 0.500 0 0.060 0 0 0 1
43 1.000 0.500 0.300 230 0 0 0 0 55 0 -0.100 0.300 0.000 0.000 0.000 0.000 0.000 0.000 100 100 3 3 3 0 0 100 0 0 0 0 10000 "R1005_T0.35" 1 0 0 0 0 0 0 0 43 1 0.000 1.000 0.500 0 0.060 0 0 0 1
44 1.000 0.500 0.300 230 0 0 0 0 55 0 -0.100 0.300 0.000 0.000 0.000 0.000 0.000 0.000 100 100 3 3 3 0 0 100 0 0 0 0 10000 "R1005_T0.35" 1 0 0 0 0 0 0 0 44 1 0.000 1.000 0.500 0 0.060 0 0 0 1
45 1.000 0.500 0.300 230 0 0 0 0 55 0 -0.100 0.300 0.000 0.000 0.000 0.000 0.000 0.000 100 100 3 3 3 0 0 90 0 0 0 0 10000 "R1005_T0.35" 1 0 0 0 0 0 0 0 45 1 0.000 1.000 0.500 0 0.060 0 0 0 1
46 1.000 0.500 0.300 230 0 0 0 0 55 0 -0.100 0.300 0.000 0.000 0.000 0.000 0.000 0.000 100 100 3 3 3 0 0 40 0 0 0 0 10000 "R1005_T0.35" 1 0 0 0 0 0 0 0 46 1 0.000 1.000 0.500 0 0.060 0 0 0 1
47 1.000 0.500 0.300 230 0 0 0 0 55 0 -0.100 0.300 0.000 0.000 0.000 0.000 0.000 0.000 100 100 3 3 3 0 0 90 0 0 0 0 10000 "R1005_T0.35" 1 0 0 0 0 0 0 0 47 1 0.000 1.000 0.500 0 0.060 0 0 0 1
48 1.000 0.500 0.300 230 0 0 0 0 55 0 -0.100 0.300 0.000 0.000 0.000 0.000 0.000 0.000 100 100 3 3 3 0 0 100 0 0 0 0 10000 "R1005_T0.35" 1 0 0 0 0 0 0 0 48 1 0.000 1.000 0.500 0 0.060 0 0 0 1
49 1.000 0.500 0.300 230 0 0 0 0 55 0 -0.100 0.300 0.000 0.000 0.000 0.000 0.000 0.000 100 100 3 3 3 0 0 100 0 0 0 0 10000 "R1005_T0.35" 1 0 0 0 0 0 0 0 49 1 0.000 1.000 0.500 0 0.060 0 0 0 1
50 1.000 0.500 0.300 230 0 0 0 0 55 0 -0.100 0.300 0.000 0.000 0.000 0.000 0.000 0.000 100 100 3 3 3 0 0 100 0 0 0 0 10000 "R1005_T0.35" 1 0 0 0 0 0 0 0 50 1 0.000 1.000 0.500 0 0.060 0 0 0 1
51 1.000 0.500 0.300 230 0 0 0 0 55 0 -0.100 0.300 0.000 0.000 0.000 0.000 0.000 0.000 100 100 3 3 3 0 0 90 0 0 0 0 10000 "R1005_T0.35" 1 0 0 0 0 0 0 0 51 1 0.000 1.000 0.500 0 0.060 0 0 0 1
52 1.000 0.500 0.300 230 0 0 0 0 55 0 -0.100 0.300 0.000 0.000 0.000 0.000 0.000 0.000 100 100 3 3 3 0 0 110 0 0 0 0 10000 "R1005_T0.35" 1 0 0 0 0 0 0 0 52 1 0.000 1.000 0.500 0 0.060 0 0 0 1
53 1.000 0.500 0.300 230 0 0 0 0 55 0 -0.100 0.300 0.000 0.000 0.000 0.000 0.000 0.000 100 100 3 3 3 0 0 100 0 0 0 0 10000 "R1005_T0.35" 1 0 0 0 0 0 0 0 53 1 0.000 1.000 0.500 0 0.060 0 0 0 1
54 1.000 0.500 0.300 230 0 0 0 0 55 0 -0.100 0.300 0.000 0.000 0.000 0.000 0.000 0.000 100 100 3 3 3 0 0 90 0 0 0 0 10000 "R1005_T0.35" 1 0 0 0 0 0 0 0 54 1 0.000 1.000 0.500 0 0.060 0 0 0 1
55 1.000 0.500 0.300 230 0 0 0 0 55 0 -0.100 0.300 0.000 0.000 0.000 0.000 0.000 0.000 100 100 3 3 3 0 0 100 0 0 0 0 10000 "R1005_T0.35" 1 0 0 0 0 0 0 0 55 1 0.000 1.000 0.500 0 0.060 0 0 0 1
56 1.000 0.500 0.300 230 0 0 0 0 55 0 -0.100 0.300 0.000 0.000 0.000 0.000 0.000 0.000 100 100 3 3 3 0 0 100 0 0 0 0 10000 "R1005_T0.35" 1 0 0 0 0 0 0 0 56 1 0.000 1.000 0.500 0 0.060 0 0 0 1
57 1.000 0.500 0.300 230 0 0 0 0 55 0 -0.100 0.300 0.000 0.000 0.000 0.000 0.000 0.000 100 100 3 3 3 0 0 100 0 0 0 0 10000 "R1005_T0.35" 1 0 0 0 0 0 0 0 57 1 0.000 1.000 0.500 0 0.060 0 0 0 1
58 1.000 0.500 0.300 230 0 0 0 0 55 0 -0.100 0.300 0.000 0.000 0.000 0.000 0.000 0.000 100 100 3 3 3 0 0 40 0 0 0 0 10000 "R1005_T0.35" 1 0 0 0 0 0 0 0 58 1 0.000 1.000 0.500 0 0.060 0 0 0 1
59 1.000 0.500 0.300 230 0 0 0 0 55 0 -0.100 0.300 0.000 0.000 0.000 0.000 0.000 0.000 100 100 3 3 3 0 0 40 0 0 0 0 10000 "R1005_T0.35" 1 0 0 0 0 0 0 0 59 1 0.000 1.000 0.500 0 0.060 0 0 0 1
60 1.000 0.500 0.300 230 0 0 0 0 55 0 -0.100 0.300 0.000 0.000 0.000 0.000 0.000 0.000 100 100 3 3 3 0 0 100 0 0 0 0 10000 "R1005_T0.35" 1 0 0 0 0 0 0 0 60 1 0.000 1.000 0.500 0 0.060 0 0 0 1
61 1.000 0.500 0.300 230 0 0 0 0 55 0 -0.100 0.300 0.000 0.000 0.000 0.000 0.000 0.000 100 100 3 3 3 0 0 100 0 0 0 0 10000 "R1005_T0.35" 1 0 0 0 0 0 0 0 61 1 0.000 1.000 0.500 0 0.060 0 0 0 1
62 1.000 0.500 0.300 230 0 0 0 0 55 0 -0.100 0.300 0.000 0.000 0.000 0.000 0.000 0.000 100 100 3 3 3 0 0 100 0 0 0 0 10000 "R1005_T0.35" 1 0 0 0 0 0 0 0 62 1 0.000 1.000 0.500 0 0.060 0 0 0 1
63 1.000 0.500 0.500 230 0 0 0 0 55 0 0.100 0.300 0.000 0.000 0.000 0.000 0.000 0.000 100 100 3 3 3 0 0 40 0 0 0 0 10000 "C1005_T0.5" 2 0 0 0 0 0 0 0 63 1 0.000 1.000 0.500 0 0.100 0 0 0 1
64 1.000 0.500 0.500 230 0 0 0 0 55 0 0.000 0.300 0.000 0.000 0.000 0.000 0.000 0.000 100 100 3 3 3 0 0 100 0 0 0 0 10000 "C1005_T0.5" 2 0 0 0 0 0 0 0 64 1 0.000 1.000 0.500 0 0.100 0 0 0 1
65 1.000 0.500 0.300 230 0 0 0 0 55 0 -0.100 0.300 0.000 0.000 0.000 0.000 0.000 0.000 100 100 3 3 3 0 0 100 0 0 0 0 10000 "R1005_T0.35" 1 0 0 0 0 0 0 0 65 1 0.000 1.000 0.500 0 0.060 0 0 0 1
66 1.000 0.500 0.300 230 0 0 0 0 55 0 0.000 0.300 0.000 0.000 0.000 0.000 0.000 0.000 100 100 3 3 3 0 0 90 0 0 0 0 10000 "R1005_T0.35" 1 0 0 0 0 0 0 0 66 1 0.000 1.000 0.500 0 0.060 0 0 0 1
67 1.000 0.500 0.300 230 0 0 0 0 55 0 0.000 0.300 0.000 0.000 0.000 0.000 0.000 0.000 100 100 3 3 3 0 0 110 0 0 0 0 10000 "R1005_T0.35" 1 0 0 0 0 0 0 0 67 1 0.000 1.000 0.500 0 0.060 0 0 0 1
68 1.010 1.000 0.300 230 0 0 0 0 51 0 0.000 0.300 0.000 0.000 0.000 0.000 0.000 0.000 100 100 3 3 3 1 0 100 0 0 0 0 3000 "ARRAY1010_T0.35" 21 0 0 0 0 0 0 0 68 1 0.000 1.010 1.000 0 0.070 0 0 0 1
69 1.010 1.000 0.300 230 0 0 0 0 51 0 -0.100 0.300 0.000 0.000 0.000 0.000 0.000 0.000 100 100 3 3 3 1 0 100 0 0 0 0 3000 "ARRAY1010_T0.35" 21 0 0 0 0 0 0 0 69 1 0.000 1.010 1.000 0 0.070 0 0 0 1
70 1.010 1.000 0.300 230 0 0 0 0 51 0 -0.100 0.300 0.000 0.000 0.000 0.000 0.000 0.000 100 100 3 3 3 1 0 100 0 0 0 0 3000 "ARRAY1010_T0.35" 21 0 0 0 0 0 0 0 70 1 0.000 1.010 1.000 0 0.070 0 0 0 1
71 1.010 1.000 0.300 230 0 0 0 0 51 0 -0.100 0.300 0.000 0.000 0.000 0.000 0.000 0.000 100 100 3 3 3 1 0 40 0 0 0 0 3000 "ARRAY1010_T0.35" 21 0 0 0 0 0 0 0 71 1 0.000 1.010 1.000 0 0.070 0 0 0 1
72 1.010 1.000 0.300 230 0 0 0 0 51 0 -0.100 0.300 0.000 0.000 0.000 0.000 0.000 0.000 100 100 3 3 3 1 0 40 0 0 0 0 3000 "ARRAY1010_T0.35" 21 0 0 0 0 0 0 0 72 1 0.000 1.010 1.000 0 0.070 0 0 0 1
73 1.000 0.500 0.500 230 0 0 0 0 55 0 0.000 0.300 0.000 0.000 0.000 0.000 0.000 0.000 100 100 3 3 3 0 0 0 0 0 0 0 10000 "C1005_T0.5" 2 0 0 0 0 0 0 0 73 1 0.000 1.000 0.500 0 0.100 0 0 0 0
74 1.600 0.800 0.800 230 110 0 0 0 51 0 0.000 0.300 0.000 0.000 0.000 0.000 0.000 0.000 100 100 3 3 3 0 0 100 0 0 0 0 4000 "C1608_T0.8" 2 0 0 0 0 0 0 0 74 1 0.000 1.600 0.800 0 0.160 0 0 0 1
75 1.600 0.800 0.800 230 110 0 0 0 51 0 0.100 0.300 0.000 0.000 0.000 0.000 0.000 0.000 100 100 3 3 3 0 0 50 0 0 0 0 4000 "C1608_T0.8" 2 0 0 0 0 0 0 0 75 1 0.000 1.600 0.800 0 0.160 0 0 0 1
76 1.600 0.800 0.800 230 0 0 0 0 51 0 0.100 0.300 0.000 0.000 0.000 0.000 0.000 0.000 100 100 3 3 3 0 0 50 0 0 0 0 4000 "C1608_T0.8" 2 0 0 0 0 0 0 0 76 1 0.000 1.600 0.800 0 0.160 0 0 0 1
77 1.550 0.800 0.800 230 110 0 0 0 51 0 0.100 0.300 0.000 0.000 0.000 0.000 0.000 0.000 100 100 3 3 3 0 0 100 0 0 0 0 4000 "C1608_T0.8" 2 0 0 0 0 0 0 0 77 1 0.000 1.550 0.800 0 0.160 0 0 0 1
78 1.600 0.800 0.450 230 0 0 0 0 51 0 -0.100 0.300 0.000 0.000 0.000 0.000 0.000 0.000 100 100 3 3 3 0 0 30 0 0 0 0 4000 "R1608_T0.45" 1 0 0 0 0 0 0 0 78 1 0.000 1.600 0.800 0 0.090 0 0 0 0
79 1.600 0.800 0.450 230 0 0 0 0 51 0 0.000 0.300 0.000 0.000 0.000 0.000 0.000 0.000 100 100 3 3 3 0 0 100 0 0 0 0 4000 "R1608_T0.45" 1 0 0 0 0 0 0 0 79 1 0.000 1.600 0.800 0 0.090 0 0 0 0
80 1.600 0.800 0.450 230 0 0 0 0 51 0 -0.100 0.300 0.000 0.000 0.000 0.000 0.000 0.000 100 100 3 3 3 0 0 100 0 0 0 0 4000 "R1608_T0.45" 1 0 0 0 0 0 0 0 80 1 0.000 1.600 0.800 0 0.090 0 0 0 0
81 1.600 0.800 0.450 230 0 0 0 0 51 0 0.000 0.300 0.000 0.000 0.000 0.000 0.000 0.000 100 100 3 3 3 0 0 100 0 0 0 0 4000 "R1608_T0.45" 1 0 0 0 0 0 0 0 81 1 0.000 1.600 0.800 0 0.090 0 0 0 0
82 1.600 0.800 0.800 230 110 0 0 0 51 0 0.000 0.300 0.000 0.000 0.000 0.000 0.000 0.000 100 100 3 3 3 0 0 80 0 0 0 0 4000 "C1608_T0.8" 2 0 0 0 0 0 0 0 82 1 0.000 1.600 0.800 0 0.160 0 0 0 1
83 1.600 0.800 0.450 230 0 0 0 0 51 0 -0.100 0.300 0.000 0.000 0.000 0.000 0.000 0.000 100 100 3 3 3 0 0 100 0 0 0 0 4000 "R1608_T0.45" 1 0 0 0 0 0 0 0 83 1 0.000 1.600 0.800 0 0.090 0 0 0 0
[ChipExtensionQFP]
IDNUM PITCHA PITCHB PITCHC PITCHD PINSA PINSB PINSC PINSD VPINSA VPINSB VPINSC VPINSD MISSA MISSB MISSC MISSD BNT FLOAT LTYP FMAX LSA LSB LSC LSD LOAD
[ChipExtensionBGA]
IDNUM PITCH PITCHY DIA BH BL MSA MSB MSC MSD MSE MSF MSG MSH MSI MSJ MSK MSL MSM MSN MSO DMAX LOAD FLAX Flaxload STZ STSPD SQGAP STTIME
[ChipExtensionFC]
IDNUM FLAX BXA BXB BXC BXD BXE BXF BXG BXH BYA BYB BYC BYD BYE BYF BYG BYH BDA BDB BDC BDD BDE BDF BDG BDH LOAD Flaxload STZ STSPD SQGAP STTIME
[ChipExtensionCT]
IDNUM REF DA DB DC DD DE DF DG DH DI DJ LOAD FLAX Flaxload STZ STSPD SQGAP STTIME
[ChipExtensionGR]
IDNUM LOAD FLAX Flaxload STZ STSPD SQGAP STTIME PINFRM ARYFORM NONGRID PINAD BMPAD PINGAD BMPGAD INSPGAD RTAD CIRAD LNAD CORAD RTGAD PINMS PINBS BMPARYBT GRBINA GRBINB GRBINC
1 0.000 0 0.000 0.000 0 0.000 0 0 0 0 0 0 0 0 0 0 0 0 0 0 0 0 0 0 0 0
2 2.500 0 2.500 0.000 100 0.000 0 0 0 0 0 0 0 0 0 0 0 0 0 0 0 0 0 1 1 1
3 2.500 0 2.500 0.000 100 0.000 0 0 0 0 0 0 0 0 0 0 0 0 0 0 0 0 0 2 2 2
4 2.500 0 2.500 0.000 100 0.000 0 0 0 0 0 0 0 0 0 0 0 0 0 0 0 0 0 3 3 3
5 2.500 0 2.500 0.000 100 0.000 0 0 0 0 0 0 0 0 0 0 0 0 0 0 0 0 0 4 4 4
6 2.500 0 2.500 0.000 100 0.000 0 0 0 0 0 0 0 0 0 0 0 0 0 0 0 0 0 5 5 5
7 2.500 0 2.500 0.000 100 0.000 0 0 0 0 0 0 0 0 0 0 0 0 0 0 0 0 0 6 6 6
8 2.500 0 2.500 0.000 100 0.000 0 0 0 0 0 0 0 0 0 0 0 0 0 0 0 0 0 7 7 7
9 2.500 0 2.500 0.000 100 0.000 0 0 0 0 0 0 0 0 0 0 0 0 0 0 0 0 0 8 8 8
10 2.500 0 2.500 0.000 100 0.000 0 0 0 0 0 0 0 0 0 0 0 0 0 0 0 0 0 9 9 9
11 2.500 0 2.500 0.000 100 0.000 0 0 0 0 0 0 0 0 0 0 0 0 0 0 0 0 0 10 10 10
12 2.500 0 2.500 0.000 100 0.000 0 0 0 0 0 0 0 0 0 0 0 0 0 0 0 0 0 11 11 11
13 2.500 0 2.500 0.000 100 0.000 0 0 0 0 0 0 0 0 0 0 0 0 0 0 0 0 0 12 12 12
14 2.500 0 2.500 0.000 100 0.000 0 0 0 0 0 0 0 0 0 0 0 0 0 0 0 0 0 13 13 13
15 2.500 0 2.500 0.000 100 0.000 0 0 0 0 0 0 0 0 0 0 0 0 0 0 0 0 0 14 14 14
16 2.500 0 2.500 0.000 100 0.000 0 0 0 0 0 0 0 0 0 0 0 0 0 0 0 0 0 15 15 15
17 2.500 0 2.500 0.000 100 0.000 0 0 0 0 0 0 0 0 0 0 0 0 0 0 0 0 0 16 16 16
18 2.500 0 2.500 0.000 100 0.000 0 0 0 0 0 0 0 0 0 0 0 0 0 0 0 0 0 17 17 17
19 2.500 0 2.500 0.000 100 0.000 0 0 0 0 0 0 0 0 0 0 0 0 0 0 0 0 0 18 18 18
20 2.500 0 2.500 0.000 100 0.000 0 0 0 0 0 0 0 0 0 0 0 0 0 0 0 0 0 19 19 19
21 2.500 0 2.500 0.000 100 0.000 0 0 0 0 0 0 0 0 0 0 0 0 0 0 0 0 0 20 20 20
22 2.500 0 2.500 0.000 100 0.000 0 0 0 0 0 0 0 0 0 0 0 0 0 0 0 0 0 21 21 21
23 2.500 0 2.500 0.000 100 0.000 0 0 0 0 0 0 0 0 0 0 0 0 0 0 0 0 0 22 22 22
24 2.500 0 2.500 0.000 100 0.000 0 0 0 0 0 0 0 0 0 0 0 0 0 0 0 0 0 23 23 23
25 2.500 0 2.500 0.000 100 0.000 0 0 0 0 0 0 0 0 0 0 0 0 0 0 0 0 0 24 24 24
26 2.500 0 2.500 0.000 100 0.000 0 0 0 0 0 0 0 0 0 0 0 0 0 0 0 0 0 25 25 25
27 2.500 0 2.500 0.000 100 0.000 0 0 0 0 0 0 0 0 0 0 0 0 0 0 0 0 0 26 26 26
28 2.500 0 2.500 0.000 100 0.000 0 0 0 0 0 0 0 0 0 0 0 0 0 0 0 0 0 27 27 27
29 2.500 0 2.500 0.000 100 0.000 0 0 0 0 0 0 0 0 0 0 0 0 0 0 0 0 0 28 28 28
30 2.500 0 2.500 0.000 100 0.000 0 0 0 0 0 0 0 0 0 0 0 0 0 0 0 0 0 29 29 29
31 2.500 0 2.500 0.000 100 0.000 0 0 0 0 0 0 0 0 0 0 0 0 0 0 0 0 0 30 30 30
32 2.500 0 2.500 0.000 100 0.000 0 0 0 0 0 0 0 0 0 0 0 0 0 0 0 0 0 31 31 31
33 2.500 0 2.500 0.000 100 0.000 0 0 0 0 0 0 0 0 0 0 0 0 0 0 0 0 0 32 32 32
34 2.500 0 2.500 0.000 100 0.000 0 0 0 0 0 0 0 0 0 0 0 0 0 0 0 0 0 33 33 33
35 2.500 0 2.500 0.000 100 0.000 0 0 0 0 0 0 0 0 0 0 0 0 0 0 0 0 0 34 34 34
36 2.500 0 2.500 0.000 100 0.000 0 0 0 0 0 0 0 0 0 0 0 0 0 0 0 0 0 35 35 35
37 2.500 0 2.500 0.000 100 0.000 0 0 0 0 0 0 0 0 0 0 0 0 0 0 0 0 0 36 36 36
38 2.500 0 2.500 0.000 100 0.000 0 0 0 0 0 0 0 0 0 0 0 0 0 0 0 0 0 37 37 37
39 2.500 0 2.500 0.000 100 0.000 0 0 0 0 0 0 0 0 0 0 0 0 0 0 0 0 0 38 38 38
40 2.500 0 2.500 0.000 100 0.000 0 0 0 0 0 0 0 0 0 0 0 0 0 0 0 0 0 39 39 39
41 2.500 0 2.500 0.000 100 0.000 0 0 0 0 0 0 0 0 0 0 0 0 0 0 0 0 0 40 40 40
42 2.500 0 2.500 0.000 100 0.000 0 0 0 0 0 0 0 0 0 0 0 0 0 0 0 0 0 41 41 41
43 2.500 0 2.500 0.000 100 0.000 0 0 0 0 0 0 0 0 0 0 0 0 0 0 0 0 0 42 42 42
44 2.500 0 2.500 0.000 100 0.000 0 0 0 0 0 0 0 0 0 0 0 0 0 0 0 0 0 43 43 43
45 2.500 0 2.500 0.000 100 0.000 0 0 0 0 0 0 0 0 0 0 0 0 0 0 0 0 0 44 44 44
46 2.500 0 2.500 0.000 100 0.000 0 0 0 0 0 0 0 0 0 0 0 0 0 0 0 0 0 45 45 45
47 2.500 0 2.500 0.000 100 0.000 0 0 0 0 0 0 0 0 0 0 0 0 0 0 0 0 0 46 46 46
48 2.500 0 2.500 0.000 100 0.000 0 0 0 0 0 0 0 0 0 0 0 0 0 0 0 0 0 47 47 47
49 2.500 0 2.500 0.000 100 0.000 0 0 0 0 0 0 0 0 0 0 0 0 0 0 0 0 0 48 48 48
50 2.500 0 2.500 0.000 100 0.000 0 0 0 0 0 0 0 0 0 0 0 0 0 0 0 0 0 49 49 49
51 2.500 0 2.500 0.000 100 0.000 0 0 0 0 0 0 0 0 0 0 0 0 0 0 0 0 0 50 50 50
52 2.500 0 2.500 0.000 100 0.000 0 0 0 0 0 0 0 0 0 0 0 0 0 0 0 0 0 51 51 51
53 2.500 0 2.500 0.000 100 0.000 0 0 0 0 0 0 0 0 0 0 0 0 0 0 0 0 0 52 52 52
54 2.500 0 2.500 0.000 100 0.000 0 0 0 0 0 0 0 0 0 0 0 0 0 0 0 0 0 53 53 53
55 2.500 0 2.500 0.000 100 0.000 0 0 0 0 0 0 0 0 0 0 0 0 0 0 0 0 0 54 54 54
56 2.500 0 2.500 0.000 100 0.000 0 0 0 0 0 0 0 0 0 0 0 0 0 0 0 0 0 55 55 55
57 2.500 0 2.500 0.000 100 0.000 0 0 0 0 0 0 0 0 0 0 0 0 0 0 0 0 0 56 56 56
58 2.500 0 2.500 0.000 100 0.000 0 0 0 0 0 0 0 0 0 0 0 0 0 0 0 0 0 57 57 57
59 2.500 0 2.500 0.000 100 0.000 0 0 0 0 0 0 0 0 0 0 0 0 0 0 0 0 0 58 58 58
60 2.500 0 2.500 0.000 100 0.000 0 0 0 0 0 0 0 0 0 0 0 0 0 0 0 0 0 59 59 59
61 2.500 0 2.500 0.000 100 0.000 0 0 0 0 0 0 0 0 0 0 0 0 0 0 0 0 0 60 60 60
62 2.500 0 2.500 0.000 100 0.000 0 0 0 0 0 0 0 0 0 0 0 0 0 0 0 0 0 61 61 61
63 2.500 0 2.500 0.000 100 0.000 0 0 0 0 0 0 0 0 0 0 0 0 0 0 0 0 0 62 62 62
64 2.500 0 2.500 0.000 100 0.000 0 0 0 0 0 0 0 0 0 0 0 0 0 0 0 0 0 63 63 63
65 2.500 0 2.500 0.000 100 0.000 0 0 0 0 0 0 0 0 0 0 0 0 0 0 0 0 0 64 64 64
66 2.500 0 2.500 0.000 100 0.000 0 0 0 0 0 0 0 0 0 0 0 0 0 0 0 0 0 65 65 65
67 2.500 0 2.500 0.000 100 0.000 0 0 0 0 0 0 0 0 0 0 0 0 0 0 0 0 0 66 66 66
68 0.000 0 0.000 0.000 0 0.000 0 0 0 0 0 0 0 0 0 0 0 0 0 0 0 0 0 67 67 67
69 0.000 0 0.000 0.000 0 0.000 0 0 0 0 0 0 0 0 0 0 0 0 0 0 0 0 0 68 68 68
70 0.000 0 0.000 0.000 0 0.000 0 0 0 0 0 0 0 0 0 0 0 0 0 0 0 0 0 69 69 69
71 0.000 0 0.000 0.000 0 0.000 0 0 0 0 0 0 0 0 0 0 0 0 0 0 0 0 0 70 70 70
72 0.000 0 0.000 0.000 0 0.000 0 0 0 0 0 0 0 0 0 0 0 0 0 0 0 0 0 71 71 71
73 2.500 0 2.500 0.000 100 0.000 0 0 0 0 0 0 0 0 0 0 0 0 0 0 0 0 0 72 72 72
74 2.500 0 2.500 0.000 100 0.000 0 0 0 0 0 0 0 0 0 0 0 0 0 0 0 0 0 73 73 73
75 2.500 0 2.500 0.000 100 0.000 0 0 0 0 0 0 0 0 0 0 0 0 0 0 0 0 0 74 74 74
76 2.500 0 2.500 0.000 100 0.000 0 0 0 0 0 0 0 0 0 0 0 0 0 0 0 0 0 75 75 75
77 2.500 0 2.500 0.000 100 0.000 0 0 0 0 0 0 0 0 0 0 0 0 0 0 0 0 0 76 76 76
78 2.500 0 2.500 0.000 100 0.000 0 0 0 0 0 0 0 0 0 0 0 0 0 0 0 0 0 77 77 77
79 2.500 0 2.500 0.000 100 0.000 0 0 0 0 0 0 0 0 0 0 0 0 0 0 0 0 0 78 78 78
80 2.500 0 2.500 0.000 100 0.000 0 0 0 0 0 0 0 0 0 0 0 0 0 0 0 0 0 79 79 79
81 2.500 0 2.500 0.000 100 0.000 0 0 0 0 0 0 0 0 0 0 0 0 0 0 0 0 0 80 80 80
82 2.500 0 2.500 0.000 100 0.000 0 0 0 0 0 0 0 0 0 0 0 0 0 0 0 0 0 81 81 81
83 2.500 0 2.500 0.000 100 0.000 0 0 0 0 0 0 0 0 0 0 0 0 0 0 0 0 0 82 82 82
[GRDetailPINFRM]
IDNUM NextID LType LSect Side N P W L OFS

[GRDetailARYFORM]
IDNUM LType LSect Col Row Px Py W

[GRDetailNONGRID]
IDNUM Lt Wt ColB RowB Total

[GRDetailPINAD]
IDNUM NextID LType LSect Dummy T Cx Cy Dx Dy

[GRDetailBMPAD]
IDNUM NextID LType LSect Cx Cy W

[GRDetailPINGAD]
IDNUM NextID LType LSect Dummy N P W L T Cx Cy

[GRDetailBMPGAD]
IDNUM NextID LType LSect Dummy T Cx Cy Px Py W Col Row Type

[GRDetailINSPGAD]
IDNUM NextID T Cx Cy W P N Dummy

[GRDetailRTAD]
IDNUM NextID Atrb Dummy T Cx Cy Dx Dy

[GRDetailCIRAD]
IDNUM NextID Atrb Dummy T Cx Cy Dx Dy Ts Te

[GRDetailLNAD]
IDNUM NextID Atrb Dummy T Cx Cy L

[GRDetailCORAD]
IDNUM NextID Atrb Dummy T Cx Cy Dx Dy

[GRDetailRTGAD]
IDNUM NextID Atrb Dummy T Cx Cy Dx Dy

[GRDetailPINMS]
IDNUM NextID Side Class Num Pos

[GRDetailPINBS]
IDNUM NextID Side Dummy D

[GRDetailBMPARYBT]
IDNUM Col Row Check MSA MSB MSC MSD MSE MSF MSG MSH MSI MSJ MSK MSL MSM MSN MSO MSP

[GRDetailGRBINA]
IDNUM SIZE BLANK NUM SABPA SABPB SABPC SABPD SABPE SABPF SABPG SABPH SABPI SABPJ SABPK SABPL SABPM SABPN
1 896 896 2 0 0 0 0 0 0 0 0 0 0 0 0 0 0
2 896 896 2 0 0 0 0 0 0 0 0 0 0 0 0 0 0
3 896 896 2 0 0 0 0 0 0 0 0 0 0 0 0 0 0
4 896 896 2 0 0 0 0 0 0 0 0 0 0 0 0 0 0
5 896 896 2 0 0 0 0 0 0 0 0 0 0 0 0 0 0
6 896 896 2 0 0 0 0 0 0 0 0 0 0 0 0 0 0
7 896 896 2 0 0 0 0 0 0 0 0 0 0 0 0 0 0
8 896 896 2 0 0 0 0 0 0 0 0 0 0 0 0 0 0
9 896 896 2 0 0 0 0 0 0 0 0 0 0 0 0 0 0
10 896 896 2 0 0 0 0 0 0 0 0 0 0 0 0 0 0
11 896 896 2 0 0 0 0 0 0 0 0 0 0 0 0 0 0
12 896 896 2 0 0 0 0 0 0 0 0 0 0 0 0 0 0
13 896 896 2 0 0 0 0 0 0 0 0 0 0 0 0 0 0
14 896 896 2 0 0 0 0 0 0 0 0 0 0 0 0 0 0
15 896 896 2 0 0 0 0 0 0 0 0 0 0 0 0 0 0
16 896 896 2 0 0 0 0 0 0 0 0 0 0 0 0 0 0
17 896 896 2 0 0 0 0 0 0 0 0 0 0 0 0 0 0
18 896 896 2 0 0 0 0 0 0 0 0 0 0 0 0 0 0
19 896 896 2 0 0 0 0 0 0 0 0 0 0 0 0 0 0
20 896 896 2 0 0 0 0 0 0 0 0 0 0 0 0 0 0
21 896 896 2 0 0 0 0 0 0 0 0 0 0 0 0 0 0
22 896 896 2 0 0 0 0 0 0 0 0 0 0 0 0 0 0
23 896 896 2 0 0 0 0 0 0 0 0 0 0 0 0 0 0
24 896 896 2 0 0 0 0 0 0 0 0 0 0 0 0 0 0
25 896 896 2 0 0 0 0 0 0 0 0 0 0 0 0 0 0
26 896 896 2 0 0 0 0 0 0 0 0 0 0 0 0 0 0
27 896 896 2 0 0 0 0 0 0 0 0 0 0 0 0 0 0
28 896 896 2 0 0 0 0 0 0 0 0 0 0 0 0 0 0
29 896 896 2 0 0 0 0 0 0 0 0 0 0 0 0 0 0
30 896 896 2 0 0 0 0 0 0 0 0 0 0 0 0 0 0
31 896 896 2 0 0 0 0 0 0 0 0 0 0 0 0 0 0
32 896 896 2 0 0 0 0 0 0 0 0 0 0 0 0 0 0
33 896 896 2 0 0 0 0 0 0 0 0 0 0 0 0 0 0
34 896 896 2 0 0 0 0 0 0 0 0 0 0 0 0 0 0
35 896 896 2 0 0 0 0 0 0 0 0 0 0 0 0 0 0
36 896 896 2 0 0 0 0 0 0 0 0 0 0 0 0 0 0
37 896 896 2 0 0 0 0 0 0 0 0 0 0 0 0 0 0
38 896 896 2 0 0 0 0 0 0 0 0 0 0 0 0 0 0
39 896 896 2 0 0 0 0 0 0 0 0 0 0 0 0 0 0
40 896 896 2 0 0 0 0 0 0 0 0 0 0 0 0 0 0
41 896 896 2 0 0 0 0 0 0 0 0 0 0 0 0 0 0
42 896 896 2 0 0 0 0 0 0 0 0 0 0 0 0 0 0
43 896 896 2 0 0 0 0 0 0 0 0 0 0 0 0 0 0
44 896 896 2 0 0 0 0 0 0 0 0 0 0 0 0 0 0
45 896 896 2 0 0 0 0 0 0 0 0 0 0 0 0 0 0
46 896 896 2 0 0 0 0 0 0 0 0 0 0 0 0 0 0
47 896 896 2 0 0 0 0 0 0 0 0 0 0 0 0 0 0
48 896 896 2 0 0 0 0 0 0 0 0 0 0 0 0 0 0
49 896 896 2 0 0 0 0 0 0 0 0 0 0 0 0 0 0
50 896 896 2 0 0 0 0 0 0 0 0 0 0 0 0 0 0
51 896 896 2 0 0 0 0 0 0 0 0 0 0 0 0 0 0
52 896 896 2 0 0 0 0 0 0 0 0 0 0 0 0 0 0
53 896 896 2 0 0 0 0 0 0 0 0 0 0 0 0 0 0
54 896 896 2 0 0 0 0 0 0 0 0 0 0 0 0 0 0
55 896 896 2 0 0 0 0 0 0 0 0 0 0 0 0 0 0
56 896 896 2 0 0 0 0 0 0 0 0 0 0 0 0 0 0
57 896 896 2 0 0 0 0 0 0 0 0 0 0 0 0 0 0
58 896 896 2 0 0 0 0 0 0 0 0 0 0 0 0 0 0
59 896 896 2 0 0 0 0 0 0 0 0 0 0 0 0 0 0
60 896 896 2 0 0 0 0 0 0 0 0 0 0 0 0 0 0
61 896 896 2 0 0 0 0 0 0 0 0 0 0 0 0 0 0
62 896 896 2 0 0 0 0 0 0 0 0 0 0 0 0 0 0
63 896 896 2 0 0 0 0 0 0 0 0 0 0 0 0 0 0
64 896 896 2 0 0 0 0 0 0 0 0 0 0 0 0 0 0
65 896 896 2 0 0 0 0 0 0 0 0 0 0 0 0 0 0
66 896 896 2 0 0 0 0 0 0 0 0 0 0 0 0 0 0
67 896 896 2 0 0 0 0 0 0 0 0 0 0 0 0 0 0
68 896 896 2 0 0 0 0 0 0 0 0 0 0 0 0 0 0
69 896 896 2 0 0 0 0 0 0 0 0 0 0 0 0 0 0
70 896 896 2 0 0 0 0 0 0 0 0 0 0 0 0 0 0
71 896 896 2 0 0 0 0 0 0 0 0 0 0 0 0 0 0
72 896 896 2 0 0 0 0 0 0 0 0 0 0 0 0 0 0
73 896 896 2 0 0 0 0 0 0 0 0 0 0 0 0 0 0
74 896 896 2 0 0 0 0 0 0 0 0 0 0 0 0 0 0
75 896 896 2 0 0 0 0 0 0 0 0 0 0 0 0 0 0
76 896 896 2 0 0 0 0 0 0 0 0 0 0 0 0 0 0
77 896 896 2 0 0 0 0 0 0 0 0 0 0 0 0 0 0
78 896 896 2 0 0 0 0 0 0 0 0 0 0 0 0 0 0
79 896 896 2 0 0 0 0 0 0 0 0 0 0 0 0 0 0
80 896 896 2 0 0 0 0 0 0 0 0 0 0 0 0 0 0
81 896 896 2 0 0 0 0 0 0 0 0 0 0 0 0 0 0
82 896 896 2 0 0 0 0 0 0 0 0 0 0 0 0 0 0

[GRDetailGRBINB]
IDNUM SIZE BLANK SBBPA SBBPB SBBPC SBBPD SBBPE SBBPF SBBPG SBBPH SBBPI SBBPJ SBBPK SBBPL
1 764 764 0 0 0 0 0 0 0 0 0 0 0 0
2 764 764 0 0 0 0 0 0 0 0 0 0 0 0
3 764 764 0 0 0 0 0 0 0 0 0 0 0 0
4 764 764 0 0 0 0 0 0 0 0 0 0 0 0
5 764 764 0 0 0 0 0 0 0 0 0 0 0 0
6 764 764 0 0 0 0 0 0 0 0 0 0 0 0
7 764 764 0 0 0 0 0 0 0 0 0 0 0 0
8 764 764 0 0 0 0 0 0 0 0 0 0 0 0
9 764 764 0 0 0 0 0 0 0 0 0 0 0 0
10 764 764 0 0 0 0 0 0 0 0 0 0 0 0
11 764 764 0 0 0 0 0 0 0 0 0 0 0 0
12 764 764 0 0 0 0 0 0 0 0 0 0 0 0
13 764 764 0 0 0 0 0 0 0 0 0 0 0 0
14 764 764 0 0 0 0 0 0 0 0 0 0 0 0
15 764 764 0 0 0 0 0 0 0 0 0 0 0 0
16 764 764 0 0 0 0 0 0 0 0 0 0 0 0
17 764 764 0 0 0 0 0 0 0 0 0 0 0 0
18 764 764 0 0 0 0 0 0 0 0 0 0 0 0
19 764 764 0 0 0 0 0 0 0 0 0 0 0 0
20 764 764 0 0 0 0 0 0 0 0 0 0 0 0
21 764 764 0 0 0 0 0 0 0 0 0 0 0 0
22 764 764 0 0 0 0 0 0 0 0 0 0 0 0
23 764 764 0 0 0 0 0 0 0 0 0 0 0 0
24 764 764 0 0 0 0 0 0 0 0 0 0 0 0
25 764 764 0 0 0 0 0 0 0 0 0 0 0 0
26 764 764 0 0 0 0 0 0 0 0 0 0 0 0
27 764 764 0 0 0 0 0 0 0 0 0 0 0 0
28 764 764 0 0 0 0 0 0 0 0 0 0 0 0
29 764 764 0 0 0 0 0 0 0 0 0 0 0 0
30 764 764 0 0 0 0 0 0 0 0 0 0 0 0
31 764 764 0 0 0 0 0 0 0 0 0 0 0 0
32 764 764 0 0 0 0 0 0 0 0 0 0 0 0
33 764 764 0 0 0 0 0 0 0 0 0 0 0 0
34 764 764 0 0 0 0 0 0 0 0 0 0 0 0
35 764 764 0 0 0 0 0 0 0 0 0 0 0 0
36 764 764 0 0 0 0 0 0 0 0 0 0 0 0
37 764 764 0 0 0 0 0 0 0 0 0 0 0 0
38 764 764 0 0 0 0 0 0 0 0 0 0 0 0
39 764 764 0 0 0 0 0 0 0 0 0 0 0 0
40 764 764 0 0 0 0 0 0 0 0 0 0 0 0
41 764 764 0 0 0 0 0 0 0 0 0 0 0 0
42 764 764 0 0 0 0 0 0 0 0 0 0 0 0
43 764 764 0 0 0 0 0 0 0 0 0 0 0 0
44 764 764 0 0 0 0 0 0 0 0 0 0 0 0
45 764 764 0 0 0 0 0 0 0 0 0 0 0 0
46 764 764 0 0 0 0 0 0 0 0 0 0 0 0
47 764 764 0 0 0 0 0 0 0 0 0 0 0 0
48 764 764 0 0 0 0 0 0 0 0 0 0 0 0
49 764 764 0 0 0 0 0 0 0 0 0 0 0 0
50 764 764 0 0 0 0 0 0 0 0 0 0 0 0
51 764 764 0 0 0 0 0 0 0 0 0 0 0 0
52 764 764 0 0 0 0 0 0 0 0 0 0 0 0
53 764 764 0 0 0 0 0 0 0 0 0 0 0 0
54 764 764 0 0 0 0 0 0 0 0 0 0 0 0
55 764 764 0 0 0 0 0 0 0 0 0 0 0 0
56 764 764 0 0 0 0 0 0 0 0 0 0 0 0
57 764 764 0 0 0 0 0 0 0 0 0 0 0 0
58 764 764 0 0 0 0 0 0 0 0 0 0 0 0
59 764 764 0 0 0 0 0 0 0 0 0 0 0 0
60 764 764 0 0 0 0 0 0 0 0 0 0 0 0
61 764 764 0 0 0 0 0 0 0 0 0 0 0 0
62 764 764 0 0 0 0 0 0 0 0 0 0 0 0
63 764 764 0 0 0 0 0 0 0 0 0 0 0 0
64 764 764 0 0 0 0 0 0 0 0 0 0 0 0
65 764 764 0 0 0 0 0 0 0 0 0 0 0 0
66 764 764 0 0 0 0 0 0 0 0 0 0 0 0
67 764 764 0 0 0 0 0 0 0 0 0 0 0 0
68 764 764 0 0 0 0 0 0 0 0 0 0 0 0
69 764 764 0 0 0 0 0 0 0 0 0 0 0 0
70 764 764 0 0 0 0 0 0 0 0 0 0 0 0
71 764 764 0 0 0 0 0 0 0 0 0 0 0 0
72 764 764 0 0 0 0 0 0 0 0 0 0 0 0
73 764 764 0 0 0 0 0 0 0 0 0 0 0 0
74 764 764 0 0 0 0 0 0 0 0 0 0 0 0
75 764 764 0 0 0 0 0 0 0 0 0 0 0 0
76 764 764 0 0 0 0 0 0 0 0 0 0 0 0
77 764 764 0 0 0 0 0 0 0 0 0 0 0 0
78 764 764 0 0 0 0 0 0 0 0 0 0 0 0
79 764 764 0 0 0 0 0 0 0 0 0 0 0 0
80 764 764 0 0 0 0 0 0 0 0 0 0 0 0
81 764 764 0 0 0 0 0 0 0 0 0 0 0 0
82 764 764 0 0 0 0 0 0 0 0 0 0 0 0

[GRDetailGRBINC]
IDNUM SIZE BLANK SCBPA SCBPB SCBPC SCBPD SCBPE SCBPF SCBPG SCBPH SCBPI SCBPJ SCBPK SCBPL
1 716 696 2C0114000000803E0000803EB81E053EB81E053E 0 0 0 0 0 0 0 0 0 0 0
2 716 696 2C0114000000803E0000803EB81E053EB81E053E 0 0 0 0 0 0 0 0 0 0 0
3 716 696 2C0114000000803E0000803EB81E053EB81E053E 0 0 0 0 0 0 0 0 0 0 0
4 716 696 2C0114000000803E0000803EB81E053EB81E053E 0 0 0 0 0 0 0 0 0 0 0
5 716 696 2C0114000000803E0000803EB81E053EB81E053E 0 0 0 0 0 0 0 0 0 0 0
6 716 696 2C0114000000803E0000803EB81E053EB81E053E 0 0 0 0 0 0 0 0 0 0 0
7 716 696 2C0114000000803E0000803EB81E053EB81E053E 0 0 0 0 0 0 0 0 0 0 0
8 716 696 2C0114000000803E0000803EB81E053EB81E053E 0 0 0 0 0 0 0 0 0 0 0
9 716 696 2C0114000000803E0000803EB81E053EB81E053E 0 0 0 0 0 0 0 0 0 0 0
10 716 696 2C0114000000803E0000803EB81E053EB81E053E 0 0 0 0 0 0 0 0 0 0 0
11 716 696 2C0114000000803E0000803EB81E053EB81E053E 0 0 0 0 0 0 0 0 0 0 0
12 716 696 2C0114000000803E0000803EB81E053EB81E053E 0 0 0 0 0 0 0 0 0 0 0
13 716 696 2C0114000000803E0000803EB81E053EB81E053E 0 0 0 0 0 0 0 0 0 0 0
14 716 696 2C0114000000803E0000803EB81E053EB81E053E 0 0 0 0 0 0 0 0 0 0 0
15 716 696 2C0114000000803E0000803EB81E053EB81E053E 0 0 0 0 0 0 0 0 0 0 0
16 716 688 4C011C000000008000000000000000806666E63E0000803E0002FFB4 0 0 0 0 0 0 0 0 0 0 0
17 716 688 4C011C000000008000000000000000806666E63E0000803E0002FFB4 0 0 0 0 0 0 0 0 0 0 0
18 716 688 4C011C000000008000000000000000806666E63E0000803E0002FFB4 0 0 0 0 0 0 0 0 0 0 0
19 716 688 4C011C000000008000000000000000806666E63E0000803E0002FFB4 0 0 0 0 0 0 0 0 0 0 0
20 716 688 4C011C000000008000000000000000806666E63E0000803E0002FFB4 0 0 0 0 0 0 0 0 0 0 0
21 716 688 4C011C000000008000000000000000806666E63E0000803E0002FFB4 0 0 0 0 0 0 0 0 0 0 0
22 716 688 4C011C000000008000000000000000806666E63E0000803E0002FFB4 0 0 0 0 0 0 0 0 0 0 0
23 716 688 4C011C000000008000000000000000806666E63E0000803E0002FFB4 0 0 0 0 0 0 0 0 0 0 0
24 716 688 4C011C000000008000000000000000803333B33ECDCC4C3E0002FFC8 0 0 0 0 0 0 0 0 0 0 0
25 716 688 4C011C000000008000000000000000806666E63E0000803E0002FFB4 0 0 0 0 0 0 0 0 0 0 0
26 716 688 4C011C000000008000000000000000806666E63E0000803E0002FFB4 0 0 0 0 0 0 0 0 0 0 0
27 716 688 4C011C000000008000000000000000806666E63E0000803E0002FFB4 0 0 0 0 0 0 0 0 0 0 0
28 716 688 4C011C000000008000000000000000806666E63E0000803E0002FFB4 0 0 0 0 0 0 0 0 0 0 0
29 716 688 4C011C000000008000000000000000806666E63E0000803E0002FFB4 0 0 0 0 0 0 0 0 0 0 0
30 716 688 4C011C000000008000000000000000806666E63E0000803E0002FFB4 0 0 0 0 0 0 0 0 0 0 0
31 716 688 4C011C000000008000000000000000806666E63E0000803E0002FFB4 0 0 0 0 0 0 0 0 0 0 0
32 716 688 4C011C000000008000000000000000806666E63E0000803E0002FFB4 0 0 0 0 0 0 0 0 0 0 0
33 716 688 4C011C000000008000000000000000806666E63E0000803E0002FFB4 0 0 0 0 0 0 0 0 0 0 0
34 716 688 4C011C000000008000000000000000806666E63E0000803E0002FFB4 0 0 0 0 0 0 0 0 0 0 0
35 716 688 4C011C000000008000000000000000806666E63E0000803E0002FFB4 0 0 0 0 0 0 0 0 0 0 0
36 716 688 4C011C000000008000000000000000806666E63E0000803E0002FFB4 0 0 0 0 0 0 0 0 0 0 0
37 716 688 4C011C000000008000000000000000806666E63E0000803E0002FFB4 0 0 0 0 0 0 0 0 0 0 0
38 716 688 4C011C000000008000000000000000806666E63E0000803E0002FFB4 0 0 0 0 0 0 0 0 0 0 0
39 716 688 4C011C000000008000000000000000806666E63E0000803E0002FFB4 0 0 0 0 0 0 0 0 0 0 0
40 716 688 4C011C000000008000000000000000806666E63E0000803E0002FFB4 0 0 0 0 0 0 0 0 0 0 0
41 716 688 4C011C000000008000000000000000806666E63E0000803E0002FFB4 0 0 0 0 0 0 0 0 0 0 0
42 716 688 4C011C000000008000000000000000806666E63E0000803E0002FFB4 0 0 0 0 0 0 0 0 0 0 0
43 716 688 4C011C000000008000000000000000806666E63E0000803E0002FFB4 0 0 0 0 0 0 0 0 0 0 0
44 716 688 4C011C000000008000000000000000806666E63E0000803E0002FFB4 0 0 0 0 0 0 0 0 0 0 0
45 716 688 4C011C000000008000000000000000806666E63E0000803E0002FFB4 0 0 0 0 0 0 0 0 0 0 0
46 716 688 4C011C000000008000000000000000806666E63E0000803E0002FFB4 0 0 0 0 0 0 0 0 0 0 0
47 716 688 4C011C000000008000000000000000806666E63E0000803E0002FFB4 0 0 0 0 0 0 0 0 0 0 0
48 716 688 4C011C000000008000000000000000806666E63E0000803E0002FFB4 0 0 0 0 0 0 0 0 0 0 0
49 716 688 4C011C000000008000000000000000806666E63E0000803E0002FFB4 0 0 0 0 0 0 0 0 0 0 0
50 716 688 4C011C000000008000000000000000806666E63E0000803E0002FFB4 0 0 0 0 0 0 0 0 0 0 0
51 716 688 4C011C000000008000000000000000806666E63E0000803E0002FFB4 0 0 0 0 0 0 0 0 0 0 0
52 716 688 4C011C000000008000000000000000806666E63E0000803E0002FFB4 0 0 0 0 0 0 0 0 0 0 0
53 716 688 4C011C000000008000000000000000806666E63E0000803E0002FFB4 0 0 0 0 0 0 0 0 0 0 0
54 716 688 4C011C000000008000000000000000806666E63E0000803E0002FFB4 0 0 0 0 0 0 0 0 0 0 0
55 716 688 4C011C000000008000000000000000806666E63E0000803E0002FFB4 0 0 0 0 0 0 0 0 0 0 0
56 716 688 4C011C000000008000000000000000806666E63E0000803E0002FFB4 0 0 0 0 0 0 0 0 0 0 0
57 716 688 4C011C000000008000000000000000806666E63E0000803E0002FFB4 0 0 0 0 0 0 0 0 0 0 0
58 716 688 4C011C000000008000000000000000806666E63E0000803E0002FFB4 0 0 0 0 0 0 0 0 0 0 0
59 716 688 4C011C000000008000000000000000806666E63E0000803E0002FFB4 0 0 0 0 0 0 0 0 0 0 0
60 716 688 4C011C000000008000000000000000806666E63E0000803E0002FFB4 0 0 0 0 0 0 0 0 0 0 0
61 716 688 4C011C000000008000000000000000806666E63E0000803E0002FFB4 0 0 0 0 0 0 0 0 0 0 0
62 716 696 2C0114000000803E0000803EB81E053EB81E053E 0 0 0 0 0 0 0 0 0 0 0
63 716 696 2C0114000000803E0000803EB81E053EB81E053E 0 0 0 0 0 0 0 0 0 0 0
64 716 688 4C011C000000008000000000000000803333B33ECDCC4C3E0002FFBE 0 0 0 0 0 0 0 0 0 0 0
65 716 688 4C011C000000008000000000000000803333B33ECDCC4C3E0002FFBE 0 0 0 0 0 0 0 0 0 0 0
66 716 688 4C011C000000008000000000000000803333B33ECDCC4C3E0002FFBE 0 0 0 0 0 0 0 0 0 0 0
67 716 688 4C011C000000008000000000000000809A99993E9A99993E0002FFC8 0 0 0 0 0 0 0 0 0 0 0
68 716 688 4C011C000000008000000000000000809A99993E9A99993E0002FFC8 0 0 0 0 0 0 0 0 0 0 0
69 716 688 4C011C000000008000000000000000809A99993E9A99993E0002FFC8 0 0 0 0 0 0 0 0 0 0 0
70 716 688 4C011C000000008000000000000000809A99993E9A99993E0002FFC8 0 0 0 0 0 0 0 0 0 0 0
71 716 688 4C011C000000008000000000000000809A99993E9A99993E0002FFC8 0 0 0 0 0 0 0 0 0 0 0
72 716 696 2C0114000000803E0000803EB81E053EB81E053E 0 0 0 0 0 0 0 0 0 0 0
73 716 696 2C011400CDCCCC3ECDCCCC3ECDCC4C3ECDCC4C3E 0 0 0 0 0 0 0 0 0 0 0
74 716 696 2C011400CDCCCC3ECDCCCC3ECDCC4C3ECDCC4C3E 0 0 0 0 0 0 0 0 0 0 0
75 716 696 2C011400CDCCCC3ECDCCCC3ECDCC4C3ECDCC4C3E 0 0 0 0 0 0 0 0 0 0 0
76 716 696 2C011400CDCCCC3ECDCCCC3ECDCC4C3ECDCC4C3E 0 0 0 0 0 0 0 0 0 0 0
77 716 688 4C011C000000008000000000000000800000003FCDCCCC3E0002FFBE 0 0 0 0 0 0 0 0 0 0 0
78 716 688 4C011C000000008000000000000000800000003FCDCCCC3E0002FFBE 0 0 0 0 0 0 0 0 0 0 0
79 716 688 4C011C000000008000000000000000800000003FCDCCCC3E0002FFBE 0 0 0 0 0 0 0 0 0 0 0
80 716 688 4C011C000000008000000000000000800000003FCDCCCC3E0002FFBE 0 0 0 0 0 0 0 0 0 0 0
81 716 696 2C011400CDCCCC3ECDCCCC3ECDCC4C3ECDCC4C3E 0 0 0 0 0 0 0 0 0 0 0
82 716 688 4C011C000000008000000000000000800000003FCDCCCC3E0002FFBE 0 0 0 0 0 0 0 0 0 0 0

[PositionData]
IDNUM CADID X Y A PARTS BRM TURN TS MS NP PU SIDE ScanDir1 ScanDir2 HEAD BG B S C M F PR MB PRISEQ PROGDIST ADMOUNT
1 0 3.900 12.600 0.000 0 1 0 0 0 0 0 0 0 0 0 0 0 1 "" 0 0 0 0 0 0 0
2 0 266.400 199.800 0.000 0 2 0 0 0 0 0 0 0 0 0 0 0 2 "" 0 0 0 0 0 0 0
3 0 0.000 0.000 0.000 0 3 0 0 0 0 0 0 0 0 0 0 0 3 "" 0 0 0 0 0 0 0
4 0 0.000 0.000 0.000 0 4 0 0 0 0 0 0 0 0 0 0 0 4 "" 0 0 0 0 0 0 0
5 0 0.000 0.000 0.000 0 5 0 0 0 0 0 0 0 0 0 0 1 1 "" 0 0 0 0 0 0 0
6 0 0.000 0.000 0.000 0 6 0 0 0 0 0 0 0 0 0 0 1 2 "" 0 0 0 0 0 0 0
7 0 0.000 0.000 0.000 0 7 0 0 0 0 0 0 0 0 0 0 1 3 "" 0 0 0 0 0 0 0
8 0 0.000 0.000 0.000 0 8 0 0 0 0 0 0 0 0 0 0 1 4 "" 0 0 0 0 0 0 0
9 0 0.000 0.000 0.000 0 9 0 0 0 0 0 0 0 0 0 0 0 5 "" 0 0 0 0 0 0 0
10 0 0.000 0.000 0.000 0 10 0 0 0 0 0 0 0 0 0 0 1 5 "" 0 0 0 0 0 0 0
11 1 151.500 25.250 90.000 1 0 7 4 5 4 40023 2 0 0 4 0 1 1 "Q201" 0 0 1000 0 0 0 0
12 2 195.150 173.150 180.000 1 0 12 1 4 12 40023 2 0 0 4 0 1 2 "Q1309" 0 0 1000 0 0 0 0
13 3 100.500 129.840 90.000 2 0 10 1 7 7 10009 2 0 0 1 0 1 3 "C340" 0 0 1000 0 0 0 0
14 4 100.500 130.840 90.000 2 0 9 5 9 3 10009 2 0 0 1 0 1 4 "C341" 0 0 1000 0 0 0 0
15 5 169.790 131.900 0.000 2 0 9 3 11 1 10009 2 0 0 1 0 1 5 "C1521" 0 0 1000 0 0 0 0
16 6 16.800 115.350 0.000 2 0 10 2 3 1 10009 2 0 0 1 0 1 6 "C5006" 0 0 1000 0 0 0 0
17 7 13.250 56.550 -90.000 3 0 2 2 2 12 40015 1 0 0 4 0 1 7 "C6504" 0 0 1000 0 0 0 0
18 8 11.450 56.550 90.000 3 0 2 1 1 6 40015 1 0 0 4 0 1 8 "C6508" 0 0 1000 0 0 0 0
19 9 24.100 22.750 90.000 4 0 7 1 12 10 10007 2 0 0 1 0 1 9 "C3410" 0 0 1000 0 0 0 0
20 10 149.874 40.975 180.000 4 0 8 3 11 6 10007 2 0 0 1 0 1 10 "C4801" 0 0 1000 0 0 0 0
21 11 149.874 39.075 0.000 4 0 8 1 12 10 10007 2 0 0 1 0 1 11 "C4802" 0 0 1000 0 0 0 0
22 12 42.650 145.650 180.000 5 0 7 3 8 4 10017 1 0 0 1 0 1 12 "C5312" 0 0 1000 0 0 0 0
23 13 57.050 148.800 90.000 5 0 6 3 5 9 10017 1 0 0 1 0 1 13 "C5313" 0 0 1000 0 0 0 0
24 14 63.900 151.050 -90.000 5 0 7 2 2 11 10017 1 0 0 1 0 1 14 "C5316" 0 0 1000 0 0 0 0
25 15 72.200 146.400 180.000 5 0 6 4 7 10 10017 1 0 0 1 0 1 15 "C5317" 0 0 1000 0 0 0 0
26 16 20.650 162.350 0.000 5 0 14 8 12 9 10017 1 0 0 1 0 1 16 "C5413" 0 0 1000 0 0 0 0
27 17 30.150 161.550 0.000 5 0 12 5 6 12 10017 1 0 0 1 0 1 17 "C5414" 0 0 1000 0 0 0 0
28 18 31.350 161.550 180.000 5 0 11 5 3 6 10017 1 0 0 1 0 1 18 "C5415" 0 0 1000 0 0 0 0
29 19 38.200 163.700 180.000 5 0 9 1 3 12 10017 1 0 0 1 0 1 19 "C5416" 0 0 1000 0 0 0 0
30 20 78.750 187.550 -90.000 6 0 6 5 1 4 10004 1 0 0 1 0 1 20 "C4126" 0 0 1000 0 0 0 0
31 21 77.950 184.250 -90.000 6 0 9 6 1 5 10004 1 0 0 1 0 1 21 "C4128" 0 0 1000 0 0 0 0
32 22 102.000 130.340 0.000 7 0 4 6 9 6 40007 2 0 0 4 0 1 22 "C339" 0 0 1000 0 0 0 0
33 23 236.050 189.350 180.000 8 0 2 1 12 1 40012 2 0 0 4 0 1 23 "C2911" 0 0 1000 0 0 0 0
34 24 76.450 187.550 -90.000 8 0 3 3 6 3 40012 2 0 0 4 0 1 24 "C4127" 0 0 1000 0 0 0 0
35 25 25.350 53.500 180.000 8 0 2 2 3 7 40012 2 0 0 4 0 1 25 "C6515" 0 0 1000 0 0 0 0
36 26 104.750 140.900 180.000 9 0 1 1 4 10 10019 1 0 0 1 0 1 26 "C202" 0 0 1000 0 0 0 0
37 27 231.850 192.200 0.000 9 0 2 1 12 10 10019 1 0 0 1 0 1 27 "C1004" 0 0 1000 0 0 0 0
38 28 63.350 180.000 90.000 9 0 3 2 2 4 10019 1 0 0 1 0 1 28 "C4110" 0 0 1000 0 0 0 0
39 29 19.700 134.400 180.000 9 0 2 2 3 4 10019 1 0 0 1 0 1 29 "C10508" 0 0 1000 0 0 0 0
40 30 74.450 188.450 90.000 10 0 14 9 10 10 10021 1 0 0 1 0 1 30 "C4106" 0 0 1000 0 0 0 0
41 31 62.400 139.450 0.000 10 0 7 4 4 3 10021 1 0 0 1 0 1 31 "C5305" 0 0 1000 0 0 0 0
42 32 93.750 176.350 0.000 11 0 11 6 4 6 30014 1 0 0 3 0 1 32 "C104" 0 0 1000 0 0 0 0
43 33 109.800 172.600 -90.000 11 0 11 7 5 5 30014 1 0 0 3 0 1 33 "C105" 0 0 1000 0 0 0 0
44 34 103.500 128.540 90.000 11 0 4 1 5 8 10014 1 0 0 1 0 1 34 "C358" 0 0 1000 0 0 0 0
45 35 106.200 127.950 90.000 11 0 3 1 5 8 10014 1 0 0 1 0 1 35 "C359" 0 0 1000 0 0 0 0
46 36 162.640 147.100 90.000 11 0 9 6 4 7 30014 1 0 0 3 0 1 36 "C602" 0 0 1000 0 0 0 0
47 37 121.140 79.950 -90.000 11 0 12 7 8 1 30014 1 0 0 3 0 1 37 "C604" 0 0 1000 0 0 0 0
48 38 129.390 82.800 45.000 11 0 11 3 3 12 40014 1 0 0 4 0 1 38 "C614" 0 0 1000 0 0 0 0
49 39 137.350 74.850 45.000 11 0 2 2 9 10 40014 1 0 0 4 0 1 39 "C627" 0 0 1000 0 0 0 0
50 40 186.600 80.600 0.000 11 0 8 3 1 3 40014 1 0 0 4 0 1 40 "C633" 0 0 1000 0 0 0 0
51 41 185.500 80.600 0.000 11 0 8 2 2 9 40014 1 0 0 4 0 1 41 "C634" 0 0 1000 0 0 0 0
52 42 161.240 127.700 0.000 11 0 11 6 6 4 40014 1 0 0 4 0 1 42 "C637" 0 0 1000 0 0 0 0
53 43 161.240 122.300 180.000 11 0 12 4 2 8 40014 1 0 0 4 0 1 43 "C640" 0 0 1000 0 0 0 0
54 44 115.850 173.200 0.000 11 0 9 1 3 12 30014 1 0 0 3 0 1 44 "C641" 0 0 1000 0 0 0 0
55 45 161.240 98.900 0.000 11 0 11 4 5 11 40014 1 0 0 4 0 1 45 "C642" 0 0 1000 0 0 0 0
56 46 161.240 93.500 180.000 11 0 6 4 5 10 30014 1 0 0 3 0 1 46 "C643" 0 0 1000 0 0 0 0
57 47 135.990 144.800 90.000 11 0 9 3 5 10 30014 1 0 0 3 0 1 47 "C658" 0 0 1000 0 0 0 0
58 48 199.300 177.650 180.000 11 0 9 3 10 12 40014 1 0 0 4 0 1 48 "C1301" 0 0 1000 0 0 0 0
59 49 197.150 173.250 180.000 11 0 9 1 9 9 40014 1 0 0 4 0 1 49 "C1308" 0 0 1000 0 0 0 0
60 50 192.300 182.150 180.000 11 0 9 2 11 6 40014 1 0 0 4 0 1 50 "C1416" 0 0 1000 0 0 0 0
61 51 110.900 29.100 90.000 11 0 2 1 8 4 40014 1 0 0 4 0 1 51 "C3204" 0 0 1000 0 0 0 0
62 52 42.100 26.800 -90.000 11 0 12 1 10 12 30014 1 0 0 3 0 1 52 "C3205" 0 0 1000 0 0 0 0
63 53 67.400 20.300 -90.000 11 0 12 12 11 6 30014 1 0 0 3 0 1 53 "C3206" 0 0 1000 0 0 0 0
64 54 130.000 21.500 -90.000 11 0 1 3 5 9 30014 1 0 0 3 0 1 54 "C3207" 0 0 1000 0 0 0 0
65 55 27.450 22.750 -90.000 11 0 7 2 1 11 40014 1 0 0 4 0 1 55 "C3411" 0 0 1000 0 0 0 0
66 56 55.050 186.400 180.000 11 0 1 1 12 7 40014 1 0 0 4 0 1 56 "C4100" 0 0 1000 0 0 0 0
67 57 47.250 186.750 90.000 11 0 5 2 1 2 10014 1 0 0 1 0 1 57 "C4101" 0 0 1000 0 0 0 0
68 58 73.350 183.300 90.000 11 0 5 1 2 8 10014 1 0 0 1 0 1 58 "C4107" 0 0 1000 0 0 0 0
69 59 56.350 178.550 180.000 11 0 3 3 4 6 40014 1 0 0 4 0 1 59 "C4124" 0 0 1000 0 0 0 0
70 60 57.450 178.550 180.000 11 0 3 2 5 12 40014 1 0 0 4 0 1 60 "C4125" 0 0 1000 0 0 0 0
71 61 140.474 41.775 90.000 11 0 12 6 12 7 30014 1 0 0 3 0 1 61 "C4804" 0 0 1000 0 0 0 0
72 62 148.900 44.300 90.000 11 0 6 2 6 2 30014 1 0 0 3 0 1 62 "C4805" 0 0 1000 0 0 0 0
73 63 147.150 36.700 180.000 11 0 10 1 6 12 30014 1 0 0 3 0 1 63 "C4807" 0 0 1000 0 0 0 0
74 64 143.750 45.600 90.000 11 0 10 2 7 11 30014 1 0 0 3 0 1 64 "C4808" 0 0 1000 0 0 0 0
75 65 22.400 125.200 -90.000 11 0 8 1 5 12 30014 1 0 0 3 0 1 65 "C5005" 0 0 1000 0 0 0 0
76 66 15.250 57.650 90.000 11 0 11 8 2 1 40014 1 0 0 4 0 1 66 "C6502" 0 0 1000 0 0 0 0
77 67 22.450 57.750 180.000 11 0 12 2 9 11 30014 1 0 0 3 0 1 67 "C6503" 0 0 1000 0 0 0 0
78 68 22.350 49.050 0.000 11 0 4 3 6 5 40014 1 0 0 4 0 1 68 "C6512" 0 0 1000 0 0 0 0
79 69 116.800 190.250 0.000 11 0 11 9 2 12 30014 1 0 0 3 0 1 69 "C7601" 0 0 1000 0 0 0 0
80 70 115.800 190.250 0.000 11 0 11 8 3 11 30014 1 0 0 3 0 1 70 "C7602" 0 0 1000 0 0 0 0
81 71 115.300 188.250 0.000 11 0 12 5 5 8 30014 1 0 0 3 0 1 71 "C7603" 0 0 1000 0 0 0 0
82 72 114.300 188.250 0.000 11 0 12 9 2 3 30014 1 0 0 3 0 1 72 "C7604" 0 0 1000 0 0 0 0
83 73 113.800 190.250 0.000 11 0 12 8 1 2 30014 1 0 0 3 0 1 73 "C7605" 0 0 1000 0 0 0 0
84 74 112.800 190.250 0.000 11 0 13 7 1 1 30014 1 0 0 3 0 1 74 "C7606" 0 0 1000 0 0 0 0
85 75 112.300 188.250 0.000 11 0 13 1 7 11 30014 1 0 0 3 0 1 75 "C7607" 0 0 1000 0 0 0 0
86 76 111.300 188.250 0.000 11 0 13 2 6 6 30014 1 0 0 3 0 1 76 "C7608" 0 0 1000 0 0 0 0
87 77 110.800 190.250 0.000 11 0 13 3 5 5 30014 1 0 0 3 0 1 77 "C7609" 0 0 1000 0 0 0 0
88 78 109.800 190.250 0.000 11 0 13 4 4 4 30014 1 0 0 3 0 1 78 "C7610" 0 0 1000 0 0 0 0
89 79 109.300 188.250 0.000 11 0 13 5 3 3 30014 1 0 0 3 0 1 79 "C7611" 0 0 1000 0 0 0 0
90 80 108.300 188.250 0.000 11 0 13 6 2 2 30014 1 0 0 3 0 1 80 "C7612" 0 0 1000 0 0 0 0
91 81 107.800 190.250 0.000 11 0 12 11 4 5 30014 1 0 0 3 0 1 81 "C7613" 0 0 1000 0 0 0 0
92 82 106.800 190.250 0.000 11 0 12 10 3 4 30014 1 0 0 3 0 1 82 "C7614" 0 0 1000 0 0 0 0
93 83 106.300 188.250 0.000 11 0 12 3 7 10 30014 1 0 0 3 0 1 83 "C7615" 0 0 1000 0 0 0 0
94 84 105.300 188.250 0.000 11 0 12 4 6 9 30014 1 0 0 3 0 1 84 "C7616" 0 0 1000 0 0 0 0
95 85 150.150 190.250 0.000 11 0 1 8 10 5 40014 1 0 0 4 0 1 85 "C7617" 0 0 1000 0 0 0 0
96 86 149.150 190.250 0.000 11 0 1 9 11 6 40014 1 0 0 4 0 1 86 "C7618" 0 0 1000 0 0 0 0
97 87 148.650 188.250 0.000 11 0 12 7 7 2 40014 1 0 0 4 0 1 87 "C7619" 0 0 1000 0 0 0 0
98 88 147.650 188.250 0.000 11 0 12 8 8 3 40014 1 0 0 4 0 1 88 "C7620" 0 0 1000 0 0 0 0
99 89 147.150 190.250 0.000 11 0 12 9 9 4 40014 1 0 0 4 0 1 89 "C7621" 0 0 1000 0 0 0 0
100 90 146.150 190.250 0.000 11 0 12 10 10 5 40014 1 0 0 4 0 1 90 "C7622" 0 0 1000 0 0 0 0
101 91 145.650 188.250 0.000 11 0 12 11 11 6 40014 1 0 0 4 0 1 91 "C7623" 0 0 1000 0 0 0 0
102 92 144.650 188.250 0.000 11 0 12 6 6 1 40014 1 0 0 4 0 1 92 "C7624" 0 0 1000 0 0 0 0
103 93 144.150 190.250 0.000 11 0 1 7 9 4 40014 1 0 0 4 0 1 93 "C7625" 0 0 1000 0 0 0 0
104 94 143.150 190.250 0.000 11 0 1 2 4 8 40014 1 0 0 4 0 1 94 "C7626" 0 0 1000 0 0 0 0
105 95 142.650 188.250 0.000 11 0 1 3 5 9 40014 1 0 0 4 0 1 95 "C7627" 0 0 1000 0 0 0 0
106 96 141.650 188.250 0.000 11 0 1 4 6 10 40014 1 0 0 4 0 1 96 "C7628" 0 0 1000 0 0 0 0
107 97 141.150 190.250 0.000 11 0 1 5 7 11 40014 1 0 0 4 0 1 97 "C7629" 0 0 1000 0 0 0 0
108 98 140.150 190.250 0.000 11 0 1 6 8 12 40014 1 0 0 4 0 1 98 "C7630" 0 0 1000 0 0 0 0
109 99 139.650 188.250 0.000 11 0 9 4 1 3 30014 1 0 0 3 0 1 99 "C7631" 0 0 1000 0 0 0 0
110 100 138.650 188.250 0.000 11 0 9 5 2 2 30014 1 0 0 3 0 1 100 "C7632" 0 0 1000 0 0 0 0
111 101 153.750 159.000 0.000 11 0 12 5 5 9 40014 1 0 0 4 0 1 101 "C8800" 0 0 1000 0 0 0 0
112 102 161.140 146.400 0.000 11 0 11 5 8 10 40014 1 0 0 4 0 1 102 "C8802" 0 0 1000 0 0 0 0
113 103 142.590 148.550 180.000 11 0 12 3 3 7 40014 1 0 0 4 0 1 103 "C8804" 0 0 1000 0 0 0 0
114 104 160.040 146.400 0.000 11 0 11 7 7 3 40014 1 0 0 4 0 1 104 "C8806" 0 0 1000 0 0 0 0
115 105 155.200 157.350 -90.000 11 0 9 2 7 11 30014 1 0 0 3 0 1 105 "C8809" 0 0 1000 0 0 0 0
116 106 84.100 115.500 90.000 11 0 4 2 7 2 10014 1 0 0 1 0 1 106 "C10600" 0 0 1000 0 0 0 0
117 107 230.800 186.950 180.000 12 0 11 3 12 10 10015 1 0 0 1 0 1 107 "C1000" 0 0 1000 0 0 0 0
118 108 186.890 117.900 0.000 12 0 2 1 10 3 40013 2 0 0 4 0 1 108 "C1529" 0 0 1000 0 0 0 0
119 109 183.590 121.650 90.000 12 0 3 2 12 12 30013 2 0 0 3 0 1 109 "C1534" 0 0 1000 0 0 0 0
120 110 249.250 43.800 180.000 12 0 6 2 4 1 30013 2 0 0 3 0 1 110 "C1601" 0 0 1000 0 0 0 0
121 111 246.450 50.650 90.000 12 0 3 1 10 10 10015 1 0 0 1 0 1 111 "C1605" 0 0 1000 0 0 0 0
122 112 212.950 143.000 90.000 12 0 6 4 1 9 30013 2 0 0 3 0 1 112 "C1702" 0 0 1000 0 0 0 0
123 113 207.300 137.800 180.000 12 0 11 4 11 4 10015 1 0 0 1 0 1 113 "C1706" 0 0 1000 0 0 0 0
124 114 204.100 132.900 0.000 12 0 11 5 10 2 10015 1 0 0 1 0 1 114 "C1711" 0 0 1000 0 0 0 0
125 115 174.050 101.850 -90.000 12 0 10 4 12 9 10015 1 0 0 1 0 1 115 "C1817" 0 0 1000 0 0 0 0
126 116 177.090 95.150 180.000 12 0 3 1 11 8 30013 2 0 0 3 0 1 116 "C1821" 0 0 1000 0 0 0 0
127 117 182.800 162.400 0.000 12 0 2 2 11 9 40013 2 0 0 4 0 1 117 "C2000" 0 0 1000 0 0 0 0
128 118 179.618 151.857 -90.000 12 0 4 2 1 4 10015 1 0 0 1 0 1 118 "C2015" 0 0 1000 0 0 0 0
129 119 156.950 70.040 90.000 12 0 5 2 5 4 10015 1 0 0 1 0 1 119 "C2100" 0 0 1000 0 0 0 0
130 120 141.450 73.050 90.000 12 0 5 1 6 10 10015 1 0 0 1 0 1 120 "C2112" 0 0 1000 0 0 0 0
131 121 156.950 69.040 90.000 12 0 11 2 8 11 10015 1 0 0 1 0 1 121 "C2114" 0 0 1000 0 0 0 0
132 122 179.150 80.450 90.000 12 0 11 1 9 12 10015 1 0 0 1 0 1 122 "C2201" 0 0 1000 0 0 0 0
133 123 177.840 86.250 -90.000 12 0 10 3 11 4 10015 1 0 0 1 0 1 123 "C2206" 0 0 1000 0 0 0 0
134 124 181.850 185.250 -90.000 12 0 9 1 12 8 10015 1 0 0 1 0 1 124 "C2901" 0 0 1000 0 0 0 0
135 125 170.950 183.500 90.000 12 0 1 3 1 8 30013 2 0 0 3 0 1 125 "C2903" 0 0 1000 0 0 0 0
136 126 249.800 185.900 180.000 12 0 7 2 1 7 10015 1 0 0 1 0 1 126 "C2915" 0 0 1000 0 0 0 0
137 127 157.250 182.400 0.000 12 0 3 2 11 11 40013 2 0 0 4 0 1 127 "C4512" 0 0 1000 0 0 0 0
138 128 157.400 176.150 180.000 12 0 4 1 2 10 10015 1 0 0 1 0 1 128 "C4906" 0 0 1000 0 0 0 0
139 129 156.150 182.400 0.000 12 0 3 3 12 5 40013 2 0 0 4 0 1 129 "C4907" 0 0 1000 0 0 0 0
140 130 49.600 140.150 180.000 12 0 9 2 5 10 10015 1 0 0 1 0 1 130 "C5325" 0 0 1000 0 0 0 0
141 131 189.990 121.600 180.000 13 0 7 5 5 1 30017 2 0 0 3 0 1 131 "C1528" 0 0 1000 0 0 0 0
142 132 252.340 49.050 180.000 13 0 6 1 3 7 30017 2 0 0 3 0 1 132 "C1600" 0 0 1000 0 0 0 0
143 133 207.000 145.500 -90.000 13 0 10 5 1 1 30017 2 0 0 3 0 1 133 "C1700" 0 0 1000 0 0 0 0
144 134 171.440 96.950 0.000 13 0 10 3 3 10 30017 2 0 0 3 0 1 134 "C1816" 0 0 1000 0 0 0 0
145 135 175.150 160.000 90.000 13 0 9 7 8 6 30017 2 0 0 3 0 1 135 "C2001" 0 0 1000 0 0 0 0
146 136 181.390 85.700 180.000 13 0 10 4 4 9 30017 2 0 0 3 0 1 136 "C2200" 0 0 1000 0 0 0 0
147 137 107.540 114.300 0.000 14 0 5 2 2 5 40021 1 0 0 4 0 1 137 "C102" 0 0 1000 0 0 0 0
148 138 107.540 116.150 180.000 14 0 5 1 3 11 40021 1 0 0 4 0 1 138 "C103" 0 0 1000 0 0 0 0
149 139 59.050 179.550 90.000 15 0 12 1 7 11 10012 1 0 0 1 0 1 139 "C4112" 0 0 1000 0 0 0 0
150 140 61.000 179.550 -90.000 15 0 12 3 5 9 10012 1 0 0 1 0 1 140 "C4113" 0 0 1000 0 0 0 0
151 141 151.300 35.700 90.000 15 0 13 2 11 10 10012 1 0 0 1 0 1 141 "C4821" 0 0 1000 0 0 0 0
152 142 153.200 35.700 -90.000 15 0 13 4 10 3 10012 1 0 0 1 0 1 142 "C4822" 0 0 1000 0 0 0 0
153 143 60.950 136.750 0.000 15 0 10 1 8 12 10012 1 0 0 1 0 1 143 "C5300" 0 0 1000 0 0 0 0
154 144 61.950 136.750 0.000 15 0 9 4 7 6 10012 1 0 0 1 0 1 144 "C5301" 0 0 1000 0 0 0 0
155 145 36.400 150.500 90.000 15 0 12 4 12 2 10012 1 0 0 1 0 1 145 "C5400" 0 0 1000 0 0 0 0
156 146 36.400 151.750 90.000 15 0 12 2 11 4 10012 1 0 0 1 0 1 146 "C5401" 0 0 1000 0 0 0 0
157 147 26.550 51.700 180.000 15 0 13 3 12 8 10012 1 0 0 1 0 1 147 "C6506" 0 0 1000 0 0 0 0
158 148 28.000 51.700 180.000 15 0 10 2 5 6 10012 1 0 0 1 0 1 148 "C6507" 0 0 1000 0 0 0 0
159 149 179.890 130.750 180.000 16 0 10 7 6 2 40019 1 0 0 4 0 1 149 "C1519" 0 0 1000 0 0 0 0
160 150 188.940 119.700 0.000 16 0 5 2 10 1 40019 1 0 0 4 0 1 150 "C1535" 0 0 1000 0 0 0 0
161 151 172.290 99.050 0.000 16 0 5 1 11 7 40019 1 0 0 4 0 1 151 "C1827" 0 0 1000 0 0 0 0
162 152 180.340 83.800 0.000 16 0 11 9 11 2 40019 1 0 0 4 0 1 152 "C2207" 0 0 1000 0 0 0 0
163 153 109.640 115.100 180.000 17 0 4 2 4 5 10015 2 0 0 1 0 1 153 "R103" 0 0 1000 0 0 0 0
164 154 198.250 175.250 180.000 17 0 9 2 6 2 40012 1 0 0 4 0 1 154 "R1340" 0 0 1000 0 0 0 0
165 155 187.940 117.900 180.000 17 0 7 3 9 1 40012 1 0 0 4 0 1 155 "R1514" 0 0 1000 0 0 0 0
166 156 249.650 45.300 90.000 17 0 3 1 9 11 10015 2 0 0 1 0 1 156 "R1600" 0 0 1000 0 0 0 0
167 157 211.100 143.000 90.000 17 0 1 3 4 12 30015 2 0 0 3 0 1 157 "R1703" 0 0 1000 0 0 0 0
168 158 173.650 100.350 180.000 17 0 5 4 2 12 30015 2 0 0 3 0 1 158 "R1815" 0 0 1000 0 0 0 0
169 159 182.800 160.550 180.000 17 0 8 1 11 12 40012 1 0 0 4 0 1 159 "R2002" 0 0 1000 0 0 0 0
170 160 185.718 156.657 180.000 17 0 7 1 10 8 40012 1 0 0 4 0 1 160 "R2012" 0 0 1000 0 0 0 0
171 161 148.150 157.100 180.000 17 0 3 1 8 9 40012 1 0 0 4 0 1 161 "R2031" 0 0 1000 0 0 0 0
172 162 157.450 79.490 180.000 17 0 5 1 4 9 30015 2 0 0 3 0 1 162 "R2102" 0 0 1000 0 0 0 0
173 163 156.250 78.490 0.000 17 0 4 3 6 6 30015 2 0 0 3 0 1 163 "R2104" 0 0 1000 0 0 0 0
174 164 155.650 71.290 -90.000 17 0 4 1 9 9 30015 2 0 0 3 0 1 164 "R2105" 0 0 1000 0 0 0 0
175 165 161.400 77.240 -90.000 17 0 4 2 8 3 30015 2 0 0 3 0 1 165 "R2107" 0 0 1000 0 0 0 0
176 166 162.350 80.650 0.000 17 0 4 4 7 12 30015 2 0 0 3 0 1 166 "R2110" 0 0 1000 0 0 0 0
177 167 179.540 81.900 180.000 17 0 5 2 3 3 30015 2 0 0 3 0 1 167 "R2203" 0 0 1000 0 0 0 0
178 168 71.050 185.200 -90.000 17 0 7 2 7 8 10015 2 0 0 1 0 1 168 "R4115" 0 0 1000 0 0 0 0
179 169 228.500 33.900 180.000 17 0 5 3 1 6 30015 2 0 0 3 0 1 169 "R4301" 0 0 1000 0 0 0 0
180 170 229.500 33.900 180.000 17 0 6 3 2 6 30015 2 0 0 3 0 1 170 "R4302" 0 0 1000 0 0 0 0
181 171 24.550 38.700 90.000 17 0 7 2 2 7 40012 1 0 0 4 0 1 171 "R4507" 0 0 1000 0 0 0 0
182 172 24.550 37.700 90.000 17 0 4 5 5 2 40012 1 0 0 4 0 1 172 "R4508" 0 0 1000 0 0 0 0
183 173 158.400 182.400 0.000 17 0 3 2 9 8 40012 1 0 0 4 0 1 173 "R4510" 0 0 1000 0 0 0 0
184 174 140.463 40.625 -90.000 17 0 5 1 8 11 10015 2 0 0 1 0 1 174 "R4811" 0 0 1000 0 0 0 0
185 175 140.463 39.425 -90.000 17 0 5 2 7 5 10015 2 0 0 1 0 1 175 "R4812" 0 0 1000 0 0 0 0
186 176 155.400 176.150 0.000 17 0 3 3 10 2 40012 1 0 0 4 0 1 176 "R4908" 0 0 1000 0 0 0 0
187 177 11.100 107.550 90.000 17 0 10 4 4 10 10015 2 0 0 1 0 1 177 "R5004" 0 0 1000 0 0 0 0
188 178 11.100 127.900 90.000 17 0 10 3 2 5 10015 2 0 0 1 0 1 178 "R5005" 0 0 1000 0 0 0 0
189 179 62.950 140.850 90.000 17 0 4 1 6 11 10015 2 0 0 1 0 1 179 "R5312" 0 0 1000 0 0 0 0
190 180 35.800 147.700 90.000 17 0 11 4 5 5 10015 2 0 0 1 0 1 180 "R5410" 0 0 1000 0 0 0 0
191 181 36.400 152.800 90.000 17 0 9 2 4 11 10015 2 0 0 1 0 1 181 "R5412" 0 0 1000 0 0 0 0
192 182 14.250 141.700 180.000 17 0 11 5 4 3 10015 2 0 0 1 0 1 182 "R10538" 0 0 1000 0 0 0 0
193 183 26.550 53.500 180.000 18 0 7 5 10 5 30019 2 0 0 3 0 1 183 "R6503" 0 0 1000 0 0 0 0
194 184 28.000 53.500 180.000 18 0 6 1 10 11 30019 2 0 0 3 0 1 184 "R6504" 0 0 1000 0 0 0 0
195 185 50.550 184.150 180.000 19 0 3 2 1 1 10017 2 0 0 1 0 1 185 "R4105" 0 0 1000 0 0 0 0
196 186 51.550 184.150 180.000 19 0 2 2 1 1 10017 2 0 0 1 0 1 186 "R4106" 0 0 1000 0 0 0 0
197 187 152.300 188.250 180.000 19 0 1 1 6 7 10017 2 0 0 1 0 1 187 "R4914" 0 0 1000 0 0 0 0
198 188 151.300 188.250 180.000 19 0 2 1 9 7 10017 2 0 0 1 0 1 188 "R4915" 0 0 1000 0 0 0 0
199 189 104.550 142.750 -90.000 20 0 2 3 3 4 30010 1 0 0 3 0 1 189 "R330" 0 0 1000 0 0 0 0
200 190 76.050 186.000 180.000 20 0 2 4 9 3 30010 1 0 0 3 0 1 190 "R4123" 0 0 1000 0 0 0 0
201 191 99.950 178.150 180.000 20 0 2 2 4 9 30010 1 0 0 3 0 1 191 "R7655" 0 0 1000 0 0 0 0
202 192 99.950 176.350 0.000 20 0 2 1 6 8 30010 1 0 0 3 0 1 192 "R7656" 0 0 1000 0 0 0 0
203 193 15.750 139.900 90.000 20 0 3 3 3 1 30010 1 0 0 3 0 1 193 "R10500" 0 0 1000 0 0 0 0
204 194 15.750 141.000 90.000 20 0 3 4 4 2 30010 1 0 0 3 0 1 194 "R10501" 0 0 1000 0 0 0 0
205 195 103.500 129.840 -90.000 21 0 6 1 12 8 30018 1 0 0 3 0 1 195 "R351" 0 0 1000 0 0 0 0
206 196 103.500 130.840 -90.000 21 0 7 5 11 2 30018 1 0 0 3 0 1 196 "R352" 0 0 1000 0 0 0 0
207 197 104.300 138.840 90.000 22 0 8 6 6 1 30004 2 0 0 3 0 1 197 "R370" 0 0 1000 0 0 0 0
208 198 106.200 141.300 90.000 23 0 11 3 6 7 10013 2 0 0 1 0 1 198 "R208" 0 0 1000 0 0 0 0
209 199 120.600 84.750 180.000 23 0 4 2 10 1 10013 2 0 0 1 0 1 199 "R209" 0 0 1000 0 0 0 0
210 200 104.300 137.740 -90.000 23 0 13 4 6 6 10013 2 0 0 1 0 1 200 "R303" 0 0 1000 0 0 0 0
211 201 104.350 154.050 90.000 23 0 11 4 2 1 10013 2 0 0 1 0 1 201 "R332" 0 0 1000 0 0 0 0
212 202 104.350 152.750 90.000 23 0 11 2 7 8 10013 2 0 0 1 0 1 202 "R335" 0 0 1000 0 0 0 0
213 203 110.050 155.000 0.000 23 0 9 2 8 7 10013 2 0 0 1 0 1 203 "R336" 0 0 1000 0 0 0 0
214 204 230.800 189.400 0.000 23 0 9 3 8 10 40013 1 0 0 4 0 1 204 "R1008" 0 0 1000 0 0 0 0
215 205 232.900 192.200 180.000 23 0 9 2 7 4 40013 1 0 0 4 0 1 205 "R1021" 0 0 1000 0 0 0 0
216 206 201.450 184.500 0.000 23 0 4 5 11 4 40013 1 0 0 4 0 1 206 "R1028" 0 0 1000 0 0 0 0
217 207 183.490 131.600 180.000 23 0 9 1 4 7 40013 1 0 0 4 0 1 207 "R1511" 0 0 1000 0 0 0 0
218 208 189.990 119.700 180.000 23 0 8 3 7 1 40013 1 0 0 4 0 1 208 "R1517" 0 0 1000 0 0 0 0
219 209 252.340 47.150 180.000 23 0 3 1 11 7 10013 2 0 0 1 0 1 209 "R1603" 0 0 1000 0 0 0 0
220 210 171.040 99.050 0.000 23 0 8 2 3 7 40013 1 0 0 4 0 1 210 "R1811" 0 0 1000 0 0 0 0
221 211 186.500 160.900 90.000 23 0 4 1 3 7 10013 2 0 0 1 0 1 211 "R2003" 0 0 1000 0 0 0 0
222 212 138.450 155.600 180.000 23 0 3 3 7 4 40013 1 0 0 4 0 1 212 "R2034" 0 0 1000 0 0 0 0
223 213 163.050 74.590 0.000 23 0 7 3 7 3 40013 1 0 0 4 0 1 213 "R2100" 0 0 1000 0 0 0 0
224 214 181.390 83.800 180.000 23 0 5 1 4 7 10013 2 0 0 1 0 1 214 "R2206" 0 0 1000 0 0 0 0
225 215 137.150 22.500 90.000 23 0 7 2 4 9 40013 1 0 0 4 0 1 215 "R3202" 0 0 1000 0 0 0 0
226 216 113.250 22.500 90.000 23 0 7 1 3 10 40013 1 0 0 4 0 1 216 "R3205" 0 0 1000 0 0 0 0
227 217 48.050 22.480 90.000 23 0 2 2 5 8 40013 1 0 0 4 0 1 217 "R3217" 0 0 1000 0 0 0 0
228 218 72.050 22.500 90.000 23 0 2 1 6 2 40013 1 0 0 4 0 1 218 "R3218" 0 0 1000 0 0 0 0
229 219 73.350 182.300 90.000 23 0 13 5 2 5 10013 2 0 0 1 0 1 219 "R4113" 0 0 1000 0 0 0 0
230 220 71.050 184.200 90.000 23 0 13 3 5 11 10013 2 0 0 1 0 1 220 "R4114" 0 0 1000 0 0 0 0
231 221 63.350 178.950 90.000 23 0 13 6 3 2 10013 2 0 0 1 0 1 221 "R4117" 0 0 1000 0 0 0 0
232 222 148.250 45.400 90.000 23 0 5 2 9 1 10013 2 0 0 1 0 1 222 "R4804" 0 0 1000 0 0 0 0
233 223 64.100 139.050 -90.000 23 0 12 4 4 5 10013 2 0 0 1 0 1 223 "R5303" 0 0 1000 0 0 0 0
234 224 47.500 140.150 0.000 23 0 3 2 2 10 40013 1 0 0 4 0 1 224 "R5314" 0 0 1000 0 0 0 0
235 225 109.800 173.650 90.000 24 0 4 3 1 5 30015 1 0 0 3 0 1 225 "R107" 0 0 1000 0 0 0 0
236 226 196.350 171.150 90.000 24 0 4 2 2 2 30015 1 0 0 3 0 1 226 "R1335" 0 0 1000 0 0 0 0
237 227 94.850 43.500 180.000 24 0 6 4 8 12 30015 1 0 0 3 0 1 227 "R3208" 0 0 1000 0 0 0 0
238 228 130.000 20.300 90.000 24 0 5 2 7 2 30015 1 0 0 3 0 1 228 "R3210" 0 0 1000 0 0 0 0
239 229 45.250 25.550 90.000 24 0 9 5 10 4 30015 1 0 0 3 0 1 229 "R3223" 0 0 1000 0 0 0 0
240 230 65.300 30.350 0.000 24 0 5 4 12 11 30015 1 0 0 3 0 1 230 "R3225" 0 0 1000 0 0 0 0
241 231 100.150 42.500 0.000 24 0 3 1 5 11 30015 1 0 0 3 0 1 231 "R3237" 0 0 1000 0 0 0 0
242 232 129.650 27.300 180.000 24 0 5 1 5 8 30015 1 0 0 3 0 1 232 "R3241" 0 0 1000 0 0 0 0
243 233 115.250 31.050 180.000 24 0 6 3 7 5 30015 1 0 0 3 0 1 233 "R3243" 0 0 1000 0 0 0 0
244 234 68.900 28.750 90.000 24 0 5 3 10 5 30015 1 0 0 3 0 1 234 "R3245" 0 0 1000 0 0 0 0
245 235 45.250 26.850 90.000 24 0 9 4 9 5 30015 1 0 0 3 0 1 235 "R3247" 0 0 1000 0 0 0 0
246 236 51.750 175.850 180.000 24 0 4 4 12 11 30015 1 0 0 3 0 1 236 "R4130" 0 0 1000 0 0 0 0
247 237 21.450 57.750 180.000 24 0 9 6 11 9 30015 1 0 0 3 0 1 237 "R6505" 0 0 1000 0 0 0 0
248 238 22.250 134.800 90.000 24 0 4 1 11 8 30015 1 0 0 3 0 1 238 "R10517" 0 0 1000 0 0 0 0
249 239 14.150 130.350 180.000 24 0 9 7 12 1 30015 1 0 0 3 0 1 239 "R10537" 0 0 1000 0 0 0 0
250 240 185.118 158.057 90.000 25 0 1 1 2 4 30008 1 0 0 3 0 1 240 "R2008" 0 0 1000 0 0 0 0
251 241 188.940 121.600 0.000 26 0 11 2 10 8 40011 2 0 0 4 0 1 241 "R1518" 0 0 1000 0 0 0 0
252 242 251.290 49.050 0.000 26 0 11 3 12 7 40011 2 0 0 4 0 1 242 "R1604" 0 0 1000 0 0 0 0
253 243 172.440 96.950 180.000 26 0 10 5 5 6 40011 2 0 0 4 0 1 243 "R1812" 0 0 1000 0 0 0 0
254 244 187.400 151.900 -90.000 26 0 4 4 12 1 40011 2 0 0 4 0 1 244 "R2006" 0 0 1000 0 0 0 0
255 245 180.340 85.700 0.000 26 0 8 1 4 11 40011 2 0 0 4 0 1 245 "R2207" 0 0 1000 0 0 0 0
256 246 18.600 135.200 0.000 26 0 3 3 1 1 40011 2 0 0 4 0 1 246 "R10524" 0 0 1000 0 0 0 0
257 247 15.150 130.350 180.000 26 0 3 2 3 7 40011 2 0 0 4 0 1 247 "R10535" 0 0 1000 0 0 0 0
258 248 140.000 155.550 0.000 27 0 6 3 10 2 40014 2 0 0 4 0 1 248 "R122" 0 0 1000 0 0 0 0
259 249 117.050 75.100 0.000 27 0 6 3 11 4 30014 2 0 0 3 0 1 249 "R602" 0 0 1000 0 0 0 0
260 250 212.600 180.900 -90.000 27 0 4 2 4 1 30014 2 0 0 3 0 1 250 "R1001" 0 0 1000 0 0 0 0
261 251 214.600 180.900 90.000 27 0 4 1 3 7 30014 2 0 0 3 0 1 251 "R1003" 0 0 1000 0 0 0 0
262 252 231.850 189.400 0.000 27 0 8 3 8 4 40014 2 0 0 4 0 1 252 "R1005" 0 0 1000 0 0 0 0
263 253 206.450 177.450 180.000 27 0 6 4 12 1 40014 2 0 0 4 0 1 253 "R1302" 0 0 1000 0 0 0 0
264 254 198.250 173.250 180.000 27 0 6 1 11 8 40014 2 0 0 4 0 1 254 "R1333" 0 0 1000 0 0 0 0
265 255 199.300 175.250 180.000 27 0 7 2 12 12 40014 2 0 0 4 0 1 255 "R1338" 0 0 1000 0 0 0 0
266 256 172.000 181.550 -90.000 27 0 4 4 5 10 30014 2 0 0 3 0 1 256 "R1420" 0 0 1000 0 0 0 0
267 257 208.700 145.950 180.000 27 0 5 4 9 2 40014 2 0 0 4 0 1 257 "R1705" 0 0 1000 0 0 0 0
268 258 236.000 187.050 180.000 27 0 8 2 10 10 40014 2 0 0 4 0 1 258 "R2906" 0 0 1000 0 0 0 0
269 259 112.500 23.500 90.000 27 0 2 1 7 5 40014 2 0 0 4 0 1 259 "R3207" 0 0 1000 0 0 0 0
270 260 46.650 22.080 180.000 27 0 6 2 9 3 30014 2 0 0 3 0 1 260 "R3221" 0 0 1000 0 0 0 0
271 261 70.650 22.100 180.000 27 0 5 3 11 4 30014 2 0 0 3 0 1 261 "R3222" 0 0 1000 0 0 0 0
272 262 106.700 41.100 0.000 27 0 5 4 8 10 30014 2 0 0 3 0 1 262 "R3238" 0 0 1000 0 0 0 0
273 263 130.800 27.300 0.000 27 0 5 2 9 1 30014 2 0 0 3 0 1 263 "R3242" 0 0 1000 0 0 0 0
274 264 113.400 33.450 -90.000 27 0 5 2 10 3 10014 2 0 0 1 0 1 264 "R3244" 0 0 1000 0 0 0 0
275 265 71.100 28.750 90.000 27 0 2 2 4 11 40014 2 0 0 4 0 1 265 "R3246" 0 0 1000 0 0 0 0
276 266 47.200 26.850 90.000 27 0 4 2 2 7 40014 2 0 0 4 0 1 266 "R3248" 0 0 1000 0 0 0 0
277 267 135.750 22.100 180.000 27 0 5 1 6 7 30014 2 0 0 3 0 1 267 "R3249" 0 0 1000 0 0 0 0
278 268 63.350 181.050 -90.000 27 0 5 1 3 9 10014 2 0 0 1 0 1 268 "R4112" 0 0 1000 0 0 0 0
279 269 71.700 182.250 180.000 27 0 6 2 9 7 40014 2 0 0 4 0 1 269 "R4128" 0 0 1000 0 0 0 0
280 270 217.650 33.550 0.000 27 0 7 3 6 6 40014 2 0 0 4 0 1 270 "R4303" 0 0 1000 0 0 0 0
281 271 33.150 40.550 0.000 27 0 4 3 10 4 30014 2 0 0 3 0 1 271 "R4501" 0 0 1000 0 0 0 0
282 272 150.600 45.400 90.000 27 0 3 1 7 10 30014 2 0 0 3 0 1 272 "R4805" 0 0 1000 0 0 0 0
283 273 64.950 136.550 0.000 27 0 3 1 4 9 10014 2 0 0 1 0 1 273 "R5300" 0 0 1000 0 0 0 0
284 274 64.100 138.050 -90.000 27 0 4 2 8 3 10014 2 0 0 1 0 1 274 "R5301" 0 0 1000 0 0 0 0
285 275 100.200 190.400 90.000 27 0 10 4 9 8 10014 2 0 0 1 0 1 275 "R7615" 0 0 1000 0 0 0 0
286 276 104.000 190.000 180.000 27 0 12 5 8 7 10014 2 0 0 1 0 1 276 "R7657" 0 0 1000 0 0 0 0
287 277 102.950 190.000 180.000 27 0 11 3 1 9 10014 2 0 0 1 0 1 277 "R7658" 0 0 1000 0 0 0 0
288 278 105.650 183.550 180.000 27 0 13 6 1 4 10014 2 0 0 1 0 1 278 "R7659" 0 0 1000 0 0 0 0
289 279 104.550 183.550 0.000 27 0 10 3 10 3 10014 2 0 0 1 0 1 279 "R7660" 0 0 1000 0 0 0 0
290 280 104.750 181.600 -90.000 27 0 9 2 2 9 10014 2 0 0 1 0 1 280 "R7661" 0 0 1000 0 0 0 0
291 281 87.250 104.200 -90.000 27 0 4 1 9 9 10014 2 0 0 1 0 1 281 "R10608" 0 0 1000 0 0 0 0
292 282 185.118 159.057 90.000 28 0 9 4 12 11 40008 1 0 0 4 0 1 282 "R2001" 0 0 1000 0 0 0 0
293 283 188.350 157.250 -90.000 28 0 1 12 3 3 40008 1 0 0 4 0 1 283 "R2014" 0 0 1000 0 0 0 0
294 284 188.350 155.850 -90.000 28 0 11 1 9 9 40008 1 0 0 4 0 1 284 "R2015" 0 0 1000 0 0 0 0
295 285 131.750 20.700 0.000 28 0 1 11 1 2 40008 1 0 0 4 0 1 285 "R3204" 0 0 1000 0 0 0 0
296 286 45.250 24.450 90.000 28 0 10 3 2 7 40008 1 0 0 4 0 1 286 "R3219" 0 0 1000 0 0 0 0
297 287 65.400 21.350 90.000 28 0 10 1 1 9 40008 1 0 0 4 0 1 287 "R3220" 0 0 1000 0 0 0 0
298 288 94.850 41.600 0.000 28 0 10 2 3 8 40008 1 0 0 4 0 1 288 "R3240" 0 0 1000 0 0 0 0
299 289 140.524 45.125 -90.000 28 0 1 10 2 1 40008 1 0 0 4 0 1 289 "R4803" 0 0 1000 0 0 0 0
300 290 205.350 146.000 0.000 29 0 1 2 10 5 10024 1 0 0 1 0 1 290 "R1701" 0 0 1000 0 0 0 0
301 291 107.700 41.100 180.000 30 0 8 1 7 7 10006 1 0 0 1 0 1 291 "R3231" 0 0 1000 0 0 0 0
302 292 105.700 41.100 0.000 30 0 8 2 5 1 10006 1 0 0 1 0 1 292 "R3233" 0 0 1000 0 0 0 0
303 293 151.550 27.100 90.000 31 0 4 6 1 3 40006 1 0 0 4 0 1 293 "R211" 0 0 1000 0 0 0 0
304 294 200.950 175.950 -90.000 32 0 7 4 11 5 40024 1 0 0 4 0 1 294 "R1320" 0 0 1000 0 0 0 0
305 295 158.000 80.940 -90.000 33 0 1 2 11 6 10024 2 0 0 1 0 1 295 "R2118" 0 0 1000 0 0 0 0
306 296 161.300 80.650 180.000 34 0 8 3 9 4 10006 2 0 0 1 0 1 296 "R2109" 0 0 1000 0 0 0 0
307 297 160.600 79.090 90.000 34 0 8 1 10 8 10006 2 0 0 1 0 1 297 "R2112" 0 0 1000 0 0 0 0
308 298 162.500 79.090 90.000 34 0 8 2 8 2 10006 2 0 0 1 0 1 298 "R2113" 0 0 1000 0 0 0 0
309 299 11.100 54.100 180.000 35 0 4 1 7 8 40015 2 0 0 4 0 1 299 "R701" 0 0 1000 0 0 0 0
310 300 13.600 54.100 180.000 35 0 4 2 8 9 40015 2 0 0 4 0 1 300 "R702" 0 0 1000 0 0 0 0
311 301 62.650 133.450 180.000 35 0 6 1 7 10 40015 2 0 0 4 0 1 301 "R707" 0 0 1000 0 0 0 0
312 302 60.000 133.450 180.000 35 0 6 2 8 9 40015 2 0 0 4 0 1 302 "R708" 0 0 1000 0 0 0 0
313 303 151.600 32.300 180.000 35 0 6 3 5 4 40015 2 0 0 4 0 1 303 "R4821" 0 0 1000 0 0 0 0
314 304 153.100 32.700 -90.000 35 0 6 4 6 3 40015 2 0 0 4 0 1 304 "R4822" 0 0 1000 0 0 0 0
315 305 156.400 176.150 180.000 35 0 5 3 8 8 40015 2 0 0 4 0 1 305 "R4906" 0 0 1000 0 0 0 0
316 306 158.400 176.150 0.000 35 0 5 4 5 4 40015 2 0 0 4 0 1 306 "R4911" 0 0 1000 0 0 0 0
317 307 200.950 177.000 90.000 36 0 7 3 1 11 30024 2 0 0 3 0 1 307 "R1319" 0 0 1000 0 0 0 0
318 308 68.250 181.400 90.000 37 0 6 5 2 2 10003 1 0 0 1 0 1 308 "R4109" 0 0 1000 0 0 0 0
319 309 48.550 140.150 180.000 38 0 1 1 12 1 30006 2 0 0 3 0 1 309 "R5313" 0 0 1000 0 0 0 0
320 310 170.440 96.950 0.000 39 0 9 4 3 8 40006 2 0 0 4 0 1 310 "R1813" 0 0 1000 0 0 0 0
321 311 83.690 99.800 180.000 40 0 11 3 11 8 30008 2 0 0 3 0 1 311 "R10600" 0 0 1000 0 0 0 0
322 312 76.100 99.350 180.000 40 0 1 1 10 5 30008 2 0 0 3 0 1 312 "R10602" 0 0 1000 0 0 0 0
323 313 80.990 99.800 180.000 40 0 8 5 4 10 30008 2 0 0 3 0 1 313 "R10604" 0 0 1000 0 0 0 0
324 314 78.500 99.350 180.000 40 0 1 2 9 10 30008 2 0 0 3 0 1 314 "R10606" 0 0 1000 0 0 0 0
325 315 180.700 179.640 0.000 41 0 1 2 7 1 10022 1 0 0 1 0 1 315 "R1419" 0 0 1000 0 0 0 0
326 316 45.225 178.025 90.000 41 0 7 4 6 5 10022 1 0 0 1 0 1 316 "R4121" 0 0 1000 0 0 0 0
327 317 146.240 131.900 -135.000 42 0 1 1 12 9 10018 2 0 0 1 0 1 317 "R403" 0 0 1000 0 0 0 0
328 318 153.315 135.100 -45.000 42 0 2 2 8 3 10018 2 0 0 1 0 1 318 "R404" 0 0 1000 0 0 0 0
329 319 146.515 105.325 90.000 42 0 6 2 8 3 10018 2 0 0 1 0 1 319 "R405" 0 0 1000 0 0 0 0
330 320 153.315 106.325 -45.000 42 0 2 1 7 9 10018 2 0 0 1 0 1 320 "R406" 0 0 1000 0 0 0 0
331 321 181.890 87.250 -90.000 42 0 3 2 7 3 10018 2 0 0 1 0 1 321 "R2209" 0 0 1000 0 0 0 0
332 322 253.340 49.050 180.000 43 0 7 4 7 3 30022 1 0 0 3 0 1 322 "R1605" 0 0 1000 0 0 0 0
333 323 153.100 25.650 180.000 44 0 9 6 1 3 40001 1 0 0 4 0 1 323 "R210" 0 0 1000 0 0 0 0
334 324 184.718 156.657 0.000 45 0 7 2 3 8 30025 1 0 0 3 0 1 324 "R2007" 0 0 1000 0 0 0 0
335 325 154.200 78.490 0.000 45 0 7 3 8 12 30025 1 0 0 3 0 1 325 "R2103" 0 0 1000 0 0 0 0
336 326 190.990 121.600 180.000 46 0 8 4 6 2 40025 1 0 0 4 0 1 326 "R1520" 0 0 1000 0 0 0 0
337 327 121.150 81.050 -90.000 47 0 2 2 6 6 10020 1 0 0 1 0 1 327 "R603" 0 0 1000 0 0 0 0
338 328 75.650 115.800 90.000 47 0 7 4 9 1 10020 1 0 0 1 0 1 328 "R709" 0 0 1000 0 0 0 0
339 329 75.650 116.800 90.000 47 0 3 2 6 6 10020 1 0 0 1 0 1 329 "R710" 0 0 1000 0 0 0 0
340 330 193.350 182.150 180.000 47 0 2 1 11 12 10020 1 0 0 1 0 1 330 "R1429" 0 0 1000 0 0 0 0
341 331 47.400 173.150 90.000 47 0 1 1 2 12 10020 1 0 0 1 0 1 331 "R4122" 0 0 1000 0 0 0 0
342 332 185.150 152.800 90.000 48 0 14 1 8 7 10002 1 0 0 1 0 1 332 "R2005" 0 0 1000 0 0 0 0
343 333 207.000 146.500 -90.000 49 0 1 2 9 2 10022 2 0 0 1 0 1 333 "R1702" 0 0 1000 0 0 0 0
344 334 209.750 145.950 180.000 50 0 7 3 4 7 30022 2 0 0 3 0 1 334 "R1706" 0 0 1000 0 0 0 0
345 335 182.390 85.700 180.000 50 0 7 4 6 4 30022 2 0 0 3 0 1 335 "R2208" 0 0 1000 0 0 0 0
346 336 157.850 78.090 -90.000 51 0 9 6 2 5 40002 1 0 0 4 0 1 336 "R2101" 0 0 1000 0 0 0 0
347 337 155.200 78.490 180.000 52 0 7 4 8 2 40022 2 0 0 4 0 1 337 "R2106" 0 0 1000 0 0 0 0
348 338 103.500 127.350 -90.000 53 0 9 6 6 2 10002 2 0 0 1 0 1 338 "R372" 0 0 1000 0 0 0 0
349 339 230.800 192.200 0.000 54 0 8 1 9 8 40010 1 0 0 4 0 1 339 "R1012" 0 0 1000 0 0 0 0
350 340 25.150 152.550 -90.000 54 0 10 4 11 4 40010 1 0 0 4 0 1 340 "R5400" 0 0 1000 0 0 0 0
351 341 209.750 177.450 180.000 55 0 14 3 3 4 10005 1 0 0 1 0 1 341 "R1045" 0 0 1000 0 0 0 0
352 342 208.250 179.550 180.000 55 0 14 4 2 3 10005 1 0 0 1 0 1 342 "R1046" 0 0 1000 0 0 0 0
353 343 237.200 181.000 -90.000 55 0 14 6 1 1 10005 1 0 0 1 0 1 343 "R1432" 0 0 1000 0 0 0 0
354 344 182.190 134.200 -90.000 55 0 14 7 6 8 10005 1 0 0 1 0 1 344 "R1510" 0 0 1000 0 0 0 0
355 345 191.040 119.700 0.000 55 0 14 5 7 2 10005 1 0 0 1 0 1 345 "R1521" 0 0 1000 0 0 0 0
356 346 188.150 161.300 180.000 55 0 14 2 5 11 10005 1 0 0 1 0 1 346 "R2016" 0 0 1000 0 0 0 0
357 347 181.390 81.800 0.000 55 0 6 5 12 6 10005 1 0 0 1 0 1 347 "R2210" 0 0 1000 0 0 0 0
358 348 113.850 37.450 0.000 56 0 7 5 9 6 30020 1 0 0 3 0 1 348 "R3232" 0 0 1000 0 0 0 0
359 349 106.000 37.450 0.000 56 0 10 5 8 6 30020 1 0 0 3 0 1 349 "R3234" 0 0 1000 0 0 0 0
360 350 83.690 101.600 180.000 56 0 10 6 9 5 30020 1 0 0 3 0 1 350 "R10601" 0 0 1000 0 0 0 0
361 351 76.100 101.200 180.000 56 0 10 9 12 2 30020 1 0 0 3 0 1 351 "R10603" 0 0 1000 0 0 0 0
362 352 80.990 101.600 180.000 56 0 10 7 10 4 30020 1 0 0 3 0 1 352 "R10605" 0 0 1000 0 0 0 0
363 353 78.490 101.200 180.000 56 0 10 8 11 3 30020 1 0 0 3 0 1 353 "R10607" 0 0 1000 0 0 0 0
364 354 168.690 131.900 0.000 57 0 5 1 6 9 40020 1 0 0 4 0 1 354 "R1512" 0 0 1000 0 0 0 0
365 355 252.840 50.500 -90.000 57 0 5 2 12 3 40020 1 0 0 4 0 1 355 "R1606" 0 0 1000 0 0 0 0
366 356 187.500 154.600 90.000 58 0 9 5 5 1 40001 2 0 0 4 0 1 356 "R2004" 0 0 1000 0 0 0 0
367 357 190.490 123.200 -90.000 59 0 8 4 5 6 40027 1 0 0 4 0 1 357 "R1519" 0 0 1000 0 0 0 0
368 358 179.150 180.500 -90.000 60 0 7 1 2 9 30026 1 0 0 3 0 1 358 "R1418" 0 0 1000 0 0 0 0
369 359 45.225 176.825 90.000 60 0 7 2 12 10 30026 1 0 0 3 0 1 359 "R4120" 0 0 1000 0 0 0 0
370 360 236.050 191.750 180.000 61 0 8 6 1 3 30005 2 0 0 3 0 1 360 "R2909" 0 0 1000 0 0 0 0
371 361 200.950 178.050 -90.000 62 0 14 10 4 12 10026 2 0 0 1 0 1 361 "R1318" 0 0 1000 0 0 0 0
372 362 101.650 127.340 90.000 63 0 9 5 10 4 10010 1 0 0 1 0 1 362 "C356" 0 0 1000 0 0 0 0
373 363 68.250 180.350 -90.000 63 0 10 2 1 2 10010 1 0 0 1 0 1 363 "C4109" 0 0 1000 0 0 0 0
374 364 106.200 137.740 -90.000 64 0 12 6 3 1 10023 1 0 0 1 0 1 364 "C303" 0 0 1000 0 0 0 0
375 365 106.200 138.840 -90.000 64 0 1 2 3 3 10023 1 0 0 1 0 1 365 "C362" 0 0 1000 0 0 0 0
376 366 185.700 154.250 0.000 65 0 1 2 8 4 10023 2 0 0 1 0 1 366 "R2000" 0 0 1000 0 0 0 0
377 367 55.050 188.450 0.000 66 0 8 4 12 5 40026 2 0 0 4 0 1 367 "R4102" 0 0 1000 0 0 0 0
378 368 115.840 126.400 180.000 67 0 5 1 4 10 40020 2 0 0 4 0 1 368 "R104" 0 0 1000 0 0 0 0
379 369 117.990 91.900 0.000 67 0 10 7 4 5 40020 2 0 0 4 0 1 369 "R105" 0 0 1000 0 0 0 0
380 370 119.100 91.900 0.000 67 0 11 9 4 5 40020 2 0 0 4 0 1 370 "R108" 0 0 1000 0 0 0 0
381 371 121.940 91.900 0.000 67 0 12 2 1 10 40020 2 0 0 4 0 1 371 "R109" 0 0 1000 0 0 0 0
382 372 102.590 175.250 90.000 68 0 2 4 8 1 30009 1 0 0 3 0 1 372 "AR704" 0 0 1000 0 0 0 0
383 373 12.350 54.900 -90.000 68 0 1 1 8 6 30009 1 0 0 3 0 1 373 "AR705" 0 0 1000 0 0 0 0
384 374 95.400 172.750 180.000 68 0 1 2 11 11 30009 1 0 0 3 0 1 374 "AR706" 0 0 1000 0 0 0 0
385 375 191.000 156.600 180.000 68 0 2 2 2 7 30009 1 0 0 3 0 1 375 "AR2000" 0 0 1000 0 0 0 0
386 376 152.250 34.200 90.000 68 0 2 3 12 2 30009 1 0 0 3 0 1 376 "AR4821" 0 0 1000 0 0 0 0
387 377 98.050 172.750 0.000 69 0 11 2 7 9 30001 2 0 0 3 0 1 377 "AR701" 0 0 1000 0 0 0 0
388 378 102.590 172.850 -90.000 69 0 11 1 6 10 30001 2 0 0 3 0 1 378 "AR703" 0 0 1000 0 0 0 0
389 379 73.900 28.450 -90.000 70 0 8 6 3 6 30007 1 0 0 3 0 1 379 "AR3203" 0 0 1000 0 0 0 0
390 380 50.150 27.900 -90.000 70 0 8 5 2 7 30007 1 0 0 3 0 1 380 "AR3204" 0 0 1000 0 0 0 0
391 381 137.150 25.600 0.000 70 0 1 2 6 7 30007 1 0 0 3 0 1 381 "AR3206" 0 0 1000 0 0 0 0
392 382 115.650 29.000 -90.000 70 0 1 1 7 2 30007 1 0 0 3 0 1 382 "AR3207" 0 0 1000 0 0 0 0
393 383 260.050 157.500 180.000 71 0 10 1 7 12 40009 2 0 0 4 0 1 383 "AR3400" 0 0 1000 0 0 0 0
394 384 56.900 181.050 -90.000 71 0 10 2 10 11 40009 2 0 0 4 0 1 384 "AR4100" 0 0 1000 0 0 0 0
395 385 60.000 181.050 90.000 71 0 10 4 9 3 40009 2 0 0 4 0 1 385 "AR4101" 0 0 1000 0 0 0 0
396 386 61.350 133.450 90.000 71 0 10 3 12 10 40009 2 0 0 4 0 1 386 "AR5301" 0 0 1000 0 0 0 0
397 387 98.300 189.700 90.000 71 0 10 6 8 1 40009 2 0 0 4 0 1 387 "AR7602" 0 0 1000 0 0 0 0
398 388 142.250 23.350 -90.000 72 0 6 2 4 11 40016 2 0 0 4 0 1 388 "AR3208" 0 0 1000 0 0 0 0
399 389 143.750 23.350 -90.000 72 0 6 3 2 6 40016 2 0 0 4 0 1 389 "AR3209" 0 0 1000 0 0 0 0
400 390 145.250 23.350 -90.000 72 0 6 4 1 5 40016 2 0 0 4 0 1 390 "AR3210" 0 0 1000 0 0 0 0
401 391 146.750 23.350 -90.000 72 0 6 1 3 12 40016 2 0 0 4 0 1 391 "AR3211" 0 0 1000 0 0 0 0
402 392 118.250 23.350 -90.000 72 0 6 3 11 7 10016 1 0 0 1 0 1 392 "AR3212" 0 0 1000 0 0 0 0
403 393 121.250 23.350 -90.000 72 0 4 2 11 6 10016 1 0 0 1 0 1 393 "AR3213" 0 0 1000 0 0 0 0
404 394 119.750 23.350 -90.000 72 0 4 1 12 12 10016 1 0 0 1 0 1 394 "AR3214" 0 0 1000 0 0 0 0
405 395 122.750 23.350 -90.000 72 0 3 1 12 12 10016 1 0 0 1 0 1 395 "AR3215" 0 0 1000 0 0 0 0
406 396 52.950 23.350 -90.000 72 0 4 2 4 11 40016 2 0 0 4 0 1 396 "AR3216" 0 0 1000 0 0 0 0
407 397 54.450 23.350 -90.000 72 0 4 1 3 10 40016 2 0 0 4 0 1 397 "AR3217" 0 0 1000 0 0 0 0
408 398 55.950 23.350 -90.000 72 0 5 4 1 6 40016 2 0 0 4 0 1 398 "AR3218" 0 0 1000 0 0 0 0
409 399 57.450 23.350 -90.000 72 0 11 8 1 6 40016 2 0 0 4 0 1 399 "AR3219" 0 0 1000 0 0 0 0
410 400 76.950 23.350 -90.000 72 0 7 3 11 2 10016 1 0 0 1 0 1 400 "AR3220" 0 0 1000 0 0 0 0
411 401 79.950 23.350 -90.000 72 0 5 1 12 12 10016 1 0 0 1 0 1 401 "AR3221" 0 0 1000 0 0 0 0
412 402 81.450 23.350 -90.000 72 0 5 2 11 6 10016 1 0 0 1 0 1 402 "AR3222" 0 0 1000 0 0 0 0
413 403 78.450 23.350 -90.000 72 0 6 4 10 8 10016 1 0 0 1 0 1 403 "AR3223" 0 0 1000 0 0 0 0
414 404 52.450 141.550 0.000 73 0 3 2 3 2 10018 1 0 0 1 0 1 404 "C5306" 0 0 1000 0 0 0 0
415 405 63.000 142.350 180.000 73 0 2 1 4 8 10018 1 0 0 1 0 1 405 "C5307" 0 0 1000 0 0 0 0
416 406 54.650 146.650 90.000 73 0 2 2 2 2 10018 1 0 0 1 0 1 406 "C5314" 0 0 1000 0 0 0 0
417 407 59.650 146.650 -90.000 73 0 1 1 1 8 10018 1 0 0 1 0 1 407 "C5315" 0 0 1000 0 0 0 0
418 408 25.400 154.050 0.000 73 0 7 3 5 6 10018 1 0 0 1 0 1 408 "C5405" 0 0 1000 0 0 0 0
419 409 36.400 154.300 180.000 73 0 6 4 6 12 10018 1 0 0 1 0 1 409 "C5406" 0 0 1000 0 0 0 0
420 410 28.250 158.850 90.000 73 0 6 3 4 11 10018 1 0 0 1 0 1 410 "C5409" 0 0 1000 0 0 0 0
421 411 33.100 158.550 -90.000 73 0 6 1 3 1 10018 1 0 0 1 0 1 411 "C5410" 0 0 1000 0 0 0 0
422 412 209.400 144.250 90.000 74 0 1 1 3 3 30007 2 0 0 3 0 1 412 "C1701" 0 0 1000 0 0 0 0
423 413 153.950 71.990 180.000 75 0 3 2 10 7 30011 1 0 0 3 0 1 413 "C2108" 0 0 1000 0 0 0 0
424 414 44.900 166.850 -90.000 75 0 2 4 10 5 30011 1 0 0 3 0 1 414 "C5320" 0 0 1000 0 0 0 0
425 415 47.200 167.550 0.000 75 0 2 1 11 10 30011 1 0 0 3 0 1 415 "C5321" 0 0 1000 0 0 0 0
426 416 57.300 164.050 90.000 75 0 2 3 7 6 30011 1 0 0 3 0 1 416 "C5322" 0 0 1000 0 0 0 0
427 417 57.450 169.850 -90.000 75 0 2 2 5 11 30011 1 0 0 3 0 1 417 "C5323" 0 0 1000 0 0 0 0
428 418 24.700 184.900 180.000 75 0 8 2 12 2 30011 1 0 0 3 0 1 418 "C5419" 0 0 1000 0 0 0 0
429 419 27.100 184.350 -90.000 75 0 8 4 11 9 30011 1 0 0 3 0 1 419 "C5420" 0 0 1000 0 0 0 0
430 420 32.600 184.700 90.000 75 0 3 3 2 3 30011 1 0 0 3 0 1 420 "C5421" 0 0 1000 0 0 0 0
431 421 38.850 185.050 90.000 75 0 3 4 1 4 30011 1 0 0 3 0 1 421 "C5422" 0 0 1000 0 0 0 0
432 422 154.900 182.650 0.000 76 0 4 2 10 12 40017 1 0 0 4 0 1 422 "C4908" 0 0 1000 0 0 0 0
433 423 73.190 111.300 0.000 77 0 11 7 10 1 30012 1 0 0 3 0 1 423 "C106" 0 0 1000 0 0 0 0
434 424 181.950 179.590 0.000 77 0 11 8 1 7 30012 1 0 0 3 0 1 424 "C1419" 0 0 1000 0 0 0 0
435 425 173.650 180.800 180.000 77 0 2 1 1 12 30012 1 0 0 3 0 1 425 "C1432" 0 0 1000 0 0 0 0
436 426 182.618 151.057 180.000 77 0 10 1 2 8 30012 1 0 0 3 0 1 426 "C2010" 0 0 1000 0 0 0 0
437 427 181.318 151.057 0.000 77 0 9 1 6 8 30012 1 0 0 3 0 1 427 "C2011" 0 0 1000 0 0 0 0
438 428 110.850 40.250 180.000 77 0 3 3 9 5 30012 1 0 0 3 0 1 428 "C3202" 0 0 1000 0 0 0 0
439 429 109.300 40.250 0.000 77 0 3 4 6 6 30012 1 0 0 3 0 1 429 "C3203" 0 0 1000 0 0 0 0
440 430 217.750 29.750 180.000 77 0 10 2 5 7 30012 1 0 0 3 0 1 430 "C4303" 0 0 1000 0 0 0 0
441 431 35.750 42.650 -90.000 77 0 11 6 12 2 30012 1 0 0 3 0 1 431 "C4502" 0 0 1000 0 0 0 0
442 432 146.000 45.400 90.000 77 0 3 2 8 9 30012 1 0 0 3 0 1 432 "C4803" 0 0 1000 0 0 0 0
443 433 56.400 135.000 0.000 77 0 8 2 8 4 30012 1 0 0 3 0 1 433 "C5304" 0 0 1000 0 0 0 0
444 434 56.450 146.600 0.000 77 0 8 3 7 5 30012 1 0 0 3 0 1 434 "C5310" 0 0 1000 0 0 0 0
445 435 57.950 146.600 180.000 77 0 11 4 8 4 30012 1 0 0 3 0 1 435 "C5311" 0 0 1000 0 0 0 0
446 436 30.900 147.600 180.000 77 0 11 5 9 3 30012 1 0 0 3 0 1 436 "C5403" 0 0 1000 0 0 0 0
447 437 31.400 159.300 180.000 77 0 8 1 10 8 30012 1 0 0 3 0 1 437 "C5411" 0 0 1000 0 0 0 0
448 438 29.900 159.300 0.000 77 0 8 4 9 11 30012 1 0 0 3 0 1 438 "C5412" 0 0 1000 0 0 0 0
449 439 206.700 144.250 90.000 78 0 5 3 7 12 40017 2 0 0 4 0 1 439 "R1700" 0 0 1000 0 0 0 0
450 440 91.850 160.100 90.000 79 0 1 1 5 11 10019 2 0 0 1 0 1 440 "R9901" 0 0 1000 0 0 0 0
451 441 93.950 73.100 -90.000 79 0 2 2 5 5 10019 2 0 0 1 0 1 441 "R9902" 0 0 1000 0 0 0 0
452 442 98.400 47.500 90.000 79 0 6 2 9 5 10019 2 0 0 1 0 1 442 "R9904" 0 0 1000 0 0 0 0
453 443 171.150 154.450 0.000 79 0 2 1 10 11 10019 2 0 0 1 0 1 443 "R9905" 0 0 1000 0 0 0 0
454 444 204.100 78.350 -90.000 79 0 3 2 8 5 10019 2 0 0 1 0 1 444 "R9906" 0 0 1000 0 0 0 0
455 445 21.100 49.300 180.000 80 0 7 1 10 12 10008 2 0 0 1 0 1 445 "R6512" 0 0 1000 0 0 0 0
456 446 19.750 49.300 180.000 80 0 8 1 6 12 10008 2 0 0 1 0 1 446 "R6514" 0 0 1000 0 0 0 0
457 447 44.250 186.900 90.000 81 0 12 6 9 6 10025 2 0 0 1 0 1 447 "R4116" 0 0 1000 0 0 0 0
458 448 110.000 142.750 90.000 82 0 12 2 2 3 10011 2 0 0 1 0 1 448 "C333" 0 0 1000 0 0 0 0
459 449 153.450 76.540 -90.000 82 0 13 5 9 1 10011 2 0 0 1 0 1 449 "C2107" 0 0 1000 0 0 0 0
460 450 45.225 179.325 90.000 82 0 12 1 10 10 10011 2 0 0 1 0 1 450 "C4111" 0 0 1000 0 0 0 0
461 451 155.450 156.050 -90.000 82 0 13 2 8 9 10011 2 0 0 1 0 1 451 "C8801" 0 0 1000 0 0 0 0
462 452 158.740 146.650 0.000 82 0 13 3 7 7 10011 2 0 0 1 0 1 452 "C8803" 0 0 1000 0 0 0 0
463 453 141.340 148.250 180.000 82 0 12 3 1 8 10011 2 0 0 1 0 1 453 "C8805" 0 0 1000 0 0 0 0
464 454 83.850 116.700 90.000 82 0 10 1 6 11 10011 2 0 0 1 0 1 454 "C10601" 0 0 1000 0 0 0 0
465 455 43.500 147.300 -90.000 83 0 8 4 4 11 10007 1 0 0 1 0 1 455 "R5304" 0 0 1000 0 0 0 0
466 456 54.850 148.800 -90.000 83 0 8 1 3 9 10007 1 0 0 1 0 1 456 "R5305" 0 0 1000 0 0 0 0
467 457 61.650 151.050 90.000 83 0 14 5 9 6 10007 1 0 0 1 0 1 457 "R5306" 0 0 1000 0 0 0 0
468 458 70.350 145.750 -90.000 83 0 7 1 3 9 10007 1 0 0 1 0 1 458 "R5307" 0 0 1000 0 0 0 0
469 459 21.350 160.750 -90.000 83 0 8 3 1 5 10007 1 0 0 1 0 1 459 "R5401" 0 0 1000 0 0 0 0
470 460 28.350 162.100 -90.000 83 0 14 6 11 5 10007 1 0 0 1 0 1 460 "R5402" 0 0 1000 0 0 0 0
471 461 33.150 162.300 -90.000 83 0 8 2 2 3 10007 1 0 0 1 0 1 461 "R5403" 0 0 1000 0 0 0 0
472 462 40.050 163.100 90.000 83 0 13 1 4 12 10007 1 0 0 1 0 1 462 "R5404" 0 0 1000 0 0 0 0
[StockData]
IDNUM N PA PB PC PD PE PF PG PH PI PJ TA TB TC TD TE TF TG TH TI TJ DA DB
1 10002 48 53 0 0 0 0 0 0 0 0 2481 2481 0 0 0 0 0 0 0 0 0 0
2 10003 37 0 0 0 0 0 0 0 0 0 2481 0 0 0 0 0 0 0 0 0 0 0
3 10004 6 0 0 0 0 0 0 0 0 0 2481 0 0 0 0 0 0 0 0 0 0 0
4 10005 55 0 0 0 0 0 0 0 0 0 2481 0 0 0 0 0 0 0 0 0 0 0
5 10006 30 34 0 0 0 0 0 0 0 0 2481 2481 0 0 0 0 0 0 0 0 0 0
6 10007 83 4 0 0 0 0 0 0 0 0 2482 2481 0 0 0 0 0 0 0 0 0 0
7 10008 0 80 0 0 0 0 0 0 0 0 0 2482 0 0 0 0 0 0 0 0 0 0
8 10009 0 2 0 0 0 0 0 0 0 0 0 2481 0 0 0 0 0 0 0 0 0 0
9 10010 63 0 0 0 0 0 0 0 0 0 2481 0 0 0 0 0 0 0 0 0 0 0
10 10011 0 82 0 0 0 0 0 0 0 0 0 2482 0 0 0 0 0 0 0 0 0 0
11 10012 15 0 0 0 0 0 0 0 0 0 2481 0 0 0 0 0 0 0 0 0 0 0
12 10013 0 23 0 0 0 0 0 0 0 0 0 2481 0 0 0 0 0 0 0 0 0 0
13 10014 11 27 0 0 0 0 0 0 0 0 2481 2481 0 0 0 0 0 0 0 0 0 0
14 10015 12 17 0 0 0 0 0 0 0 0 2481 2481 0 0 0 0 0 0 0 0 0 0
15 10016 72 0 0 0 0 0 0 0 0 0 2481 0 0 0 0 0 0 0 0 0 0 0
16 10017 5 19 0 0 0 0 0 0 0 0 2481 2481 0 0 0 0 0 0 0 0 0 0
17 10018 73 42 0 0 0 0 0 0 0 0 2481 2481 0 0 0 0 0 0 0 0 0 0
18 10019 9 79 0 0 0 0 0 0 0 0 2481 2482 0 0 0 0 0 0 0 0 0 0
19 10020 47 0 0 0 0 0 0 0 0 0 2481 0 0 0 0 0 0 0 0 0 0 0
20 10021 10 0 0 0 0 0 0 0 0 0 2481 0 0 0 0 0 0 0 0 0 0 0
21 10022 41 49 0 0 0 0 0 0 0 0 2481 2481 0 0 0 0 0 0 0 0 0 0
22 10023 64 65 0 0 0 0 0 0 0 0 2481 2481 0 0 0 0 0 0 0 0 0 0
23 10024 29 33 0 0 0 0 0 0 0 0 2481 2481 0 0 0 0 0 0 0 0 0 0
24 10025 0 81 0 0 0 0 0 0 0 0 0 2482 0 0 0 0 0 0 0 0 0 0
25 10026 0 62 0 0 0 0 0 0 0 0 0 2481 0 0 0 0 0 0 0 0 0 0
26 30001 0 69 0 0 0 0 0 0 0 0 0 2481 0 0 0 0 0 0 0 0 0 0
27 30004 0 22 0 0 0 0 0 0 0 0 0 2481 0 0 0 0 0 0 0 0 0 0
28 30005 0 61 0 0 0 0 0 0 0 0 0 2481 0 0 0 0 0 0 0 0 0 0
29 30006 0 38 0 0 0 0 0 0 0 0 0 2481 0 0 0 0 0 0 0 0 0 0
30 30007 70 74 0 0 0 0 0 0 0 0 2481 2482 0 0 0 0 0 0 0 0 0 0
31 30008 25 40 0 0 0 0 0 0 0 0 2481 2481 0 0 0 0 0 0 0 0 0 0
32 30009 68 0 0 0 0 0 0 0 0 0 2481 0 0 0 0 0 0 0 0 0 0 0
33 30010 20 0 0 0 0 0 0 0 0 0 2481 0 0 0 0 0 0 0 0 0 0 0
34 30011 75 0 0 0 0 0 0 0 0 0 2482 0 0 0 0 0 0 0 0 0 0 0
35 30012 77 0 0 0 0 0 0 0 0 0 2482 0 0 0 0 0 0 0 0 0 0 0
36 30013 0 12 0 0 0 0 0 0 0 0 0 2481 0 0 0 0 0 0 0 0 0 0
37 30014 11 27 0 0 0 0 0 0 0 0 2481 2481 0 0 0 0 0 0 0 0 0 0
38 30015 24 17 0 0 0 0 0 0 0 0 2481 2481 0 0 0 0 0 0 0 0 0 0
39 30017 0 13 0 0 0 0 0 0 0 0 0 2481 0 0 0 0 0 0 0 0 0 0
40 30018 21 0 0 0 0 0 0 0 0 0 2481 0 0 0 0 0 0 0 0 0 0 0
41 30019 0 18 0 0 0 0 0 0 0 0 0 2481 0 0 0 0 0 0 0 0 0 0
42 30020 56 0 0 0 0 0 0 0 0 0 2481 0 0 0 0 0 0 0 0 0 0 0
43 30022 43 50 0 0 0 0 0 0 0 0 2481 2481 0 0 0 0 0 0 0 0 0 0
44 30024 0 36 0 0 0 0 0 0 0 0 0 2481 0 0 0 0 0 0 0 0 0 0
45 30025 45 0 0 0 0 0 0 0 0 0 2481 0 0 0 0 0 0 0 0 0 0 0
46 30026 60 0 0 0 0 0 0 0 0 0 2481 0 0 0 0 0 0 0 0 0 0 0
47 40001 44 58 0 0 0 0 0 0 0 0 2481 2481 0 0 0 0 0 0 0 0 0 0
48 40002 51 0 0 0 0 0 0 0 0 0 2481 0 0 0 0 0 0 0 0 0 0 0
49 40006 31 39 0 0 0 0 0 0 0 0 2481 2481 0 0 0 0 0 0 0 0 0 0
50 40007 0 7 0 0 0 0 0 0 0 0 0 2481 0 0 0 0 0 0 0 0 0 0
51 40008 28 0 0 0 0 0 0 0 0 0 2481 0 0 0 0 0 0 0 0 0 0 0
52 40009 0 71 0 0 0 0 0 0 0 0 0 2481 0 0 0 0 0 0 0 0 0 0
53 40010 54 0 0 0 0 0 0 0 0 0 2481 0 0 0 0 0 0 0 0 0 0 0
54 40011 0 26 0 0 0 0 0 0 0 0 0 2481 0 0 0 0 0 0 0 0 0 0
55 40012 17 8 0 0 0 0 0 0 0 0 2481 2481 0 0 0 0 0 0 0 0 0 0
56 40013 23 12 0 0 0 0 0 0 0 0 2481 2481 0 0 0 0 0 0 0 0 0 0
57 40014 11 27 0 0 0 0 0 0 0 0 2481 2481 0 0 0 0 0 0 0 0 0 0
58 40015 3 35 0 0 0 0 0 0 0 0 2481 2481 0 0 0 0 0 0 0 0 0 0
59 40016 0 72 0 0 0 0 0 0 0 0 0 2481 0 0 0 0 0 0 0 0 0 0
60 40017 76 78 0 0 0 0 0 0 0 0 2482 2482 0 0 0 0 0 0 0 0 0 0
61 40019 16 0 0 0 0 0 0 0 0 0 2481 0 0 0 0 0 0 0 0 0 0 0
62 40020 57 67 0 0 0 0 0 0 0 0 2481 2481 0 0 0 0 0 0 0 0 0 0
63 40021 14 0 0 0 0 0 0 0 0 0 2481 0 0 0 0 0 0 0 0 0 0 0
64 40022 0 52 0 0 0 0 0 0 0 0 0 2481 0 0 0 0 0 0 0 0 0 0
65 40023 0 1 0 0 0 0 0 0 0 0 0 2502 0 0 0 0 0 0 0 0 0 1
66 40024 32 0 0 0 0 0 0 0 0 0 2481 0 0 0 0 0 0 0 0 0 0 0
67 40025 46 0 0 0 0 0 0 0 0 0 2481 0 0 0 0 0 0 0 0 0 0 0
68 40026 0 66 0 0 0 0 0 0 0 0 0 2481 0 0 0 0 0 0 0 0 0 0
69 40027 59 0 0 0 0 0 0 0 0 0 2481 0 0 0 0 0 0 0 0 0 0 0
[NozzleStock]
IDNUM N P
1 111 230
2 112 230
3 113 230
4 114 230
5 115 230
6 116 230
7 121 230
8 122 230
9 123 230
10 124 230
11 125 230
12 126 230
13 211 230
14 212 230
15 213 230
16 214 230
17 215 230
18 216 230
19 221 230
20 222 230
21 223 230
22 224 230
23 225 230
24 226 230
25 311 230
26 313 230
27 315 230
28 321 230
29 312 230
30 314 230
31 316 230
32 322 230
33 323 230
34 324 230
35 325 230
36 326 230
37 411 230
38 412 230
39 413 230
40 414 230
41 415 230
42 416 230
43 421 230
44 422 230
45 423 230
46 424 230
47 425 230
48 426 230
[NozzlePosition]
IDNUM HEAD NPA NPB NPC NPD NPE NPF NPG NPH NPI NPJ NPK NPL TURN PROGDIST
1 1 111 112 113 114 115 116 121 122 123 124 125 126 1 0
2 2 211 212 213 214 215 216 221 222 223 224 225 226 1 0
3 3 311 313 315 321 312 314 316 322 323 324 325 326 1 0
4 4 411 412 413 414 415 416 421 422 423 424 425 426 1 0
[SubStockData]
IDNUM N PA PB PC PD PE PF PG PH PI PJ TA TB TC TD TE TF TG TH TI TJ DA DB
