[Index]
Format=Maihime2.71EX
Version=1.10
Machine=Modular
Date=2026/07/03,08:58:43
AuthorType=DataGenerator
Author=PS200-G
Diff=No

[Machines]
IDNUM MCNAME MCNo HeadNo NozzleChange FeederSlot14 DoubleFeeder BulkFeeder StickFeeder TrayFeeder StrayFeeder BGACSP SpecialNozzle LeadChecker LoaderControl TrayMagazine Nozzle FdrSlot FdrTblType JtrayFeeder ChipTMeasurement PCBWarpMeasurement ManualTray Hs8NzlChg
1 CM602-L 1 1 1 1 1 0 0 0 0 0 0 0 0 0 12 27 0 0 0 0 0 0
2 CM602-L 1 2 1 1 1 0 0 0 0 0 0 0 0 0 12 27 0 0 0 0 0 0
3 CM602-L 1 3 1 1 1 0 0 0 0 0 0 0 0 0 12 27 0 0 0 0 0 0
4 CM602-L 1 4 1 1 1 0 0 0 0 0 0 0 0 0 12 27 0 0 0 0 0 0

[LotNames]
Lot Filter AutoChg BaseChg BypassMode Lane MCFileName ProductionID Comment
"TOP_EBT30493009" 0 0 0 0 0 "T_EBT30493009_" "" ""

[BoardData]
X=280.000
Y=206.000
Z=1.600
OrgOffsetX=0.000
OrgOffsetY=0.000
OrgType=Right,Rear
Carrier=NO
SecPosOffset=0.000

[MultiBlock]
IDNUM RMODE
1 0

[BlockAttribute]
IDNUM OX OY OZ B BLK ROT PCBPosition PROGDIST BG
1 0.000 0.000 0.000 0 1 0 0 0 0

[BlockData]
IDNUM O X Y A PARTS BRM C M F PR MB PRISEQ
1 1 151.500 25.250 90.000 1 0 "Q201" 0 0 1000 0 0
2 1 195.150 173.150 180.000 1 0 "Q1309" 0 0 1000 0 0
3 1 100.500 129.840 90.000 2 0 "C340" 0 0 1000 0 0
4 1 100.500 130.840 90.000 2 0 "C341" 0 0 1000 0 0
5 1 169.790 131.900 0.000 2 0 "C1521" 0 0 1000 0 0
6 1 16.800 115.350 0.000 2 0 "C5006" 0 0 1000 0 0
7 1 13.250 56.550 -90.000 3 0 "C6504" 0 0 1000 0 0
8 1 11.450 56.550 90.000 3 0 "C6508" 0 0 1000 0 0
9 1 24.100 22.750 90.000 4 0 "C3410" 0 0 1000 0 0
10 1 149.874 40.975 180.000 4 0 "C4801" 0 0 1000 0 0
11 1 149.874 39.075 0.000 4 0 "C4802" 0 0 1000 0 0
12 1 42.650 145.650 180.000 5 0 "C5312" 0 0 1000 0 0
13 1 57.050 148.800 90.000 5 0 "C5313" 0 0 1000 0 0
14 1 63.900 151.050 -90.000 5 0 "C5316" 0 0 1000 0 0
15 1 72.200 146.400 180.000 5 0 "C5317" 0 0 1000 0 0
16 1 20.650 162.350 0.000 5 0 "C5413" 0 0 1000 0 0
17 1 30.150 161.550 0.000 5 0 "C5414" 0 0 1000 0 0
18 1 31.350 161.550 180.000 5 0 "C5415" 0 0 1000 0 0
19 1 38.200 163.700 180.000 5 0 "C5416" 0 0 1000 0 0
20 1 78.750 187.550 -90.000 6 0 "C4126" 0 0 1000 0 0
21 1 77.950 184.250 -90.000 6 0 "C4128" 0 0 1000 0 0
22 1 102.000 130.340 0.000 7 0 "C339" 0 0 1000 0 0
23 1 60.600 103.300 0.000 7 0 "C7100" 0 0 1000 0 0
24 1 236.050 189.350 180.000 8 0 "C2911" 0 0 1000 0 0
25 1 76.450 187.550 -90.000 8 0 "C4127" 0 0 1000 0 0
26 1 25.350 53.500 180.000 8 0 "C6515" 0 0 1000 0 0
27 1 104.750 140.900 180.000 9 0 "C202" 0 0 1000 0 0
28 1 231.850 192.200 0.000 9 0 "C1004" 0 0 1000 0 0
29 1 63.350 180.000 90.000 9 0 "C4110" 0 0 1000 0 0
30 1 19.700 134.400 180.000 9 0 "C10508" 0 0 1000 0 0
31 1 74.450 188.450 90.000 10 0 "C4106" 0 0 1000 0 0
32 1 62.400 139.450 0.000 10 0 "C5305" 0 0 1000 0 0
33 1 93.750 176.350 0.000 11 0 "C104" 0 0 1000 0 0
34 1 109.800 172.600 -90.000 11 0 "C105" 0 0 1000 0 0
35 1 103.500 128.540 90.000 11 0 "C358" 0 0 1000 0 0
36 1 106.200 127.950 90.000 11 0 "C359" 0 0 1000 0 0
37 1 162.640 147.100 90.000 11 0 "C602" 0 0 1000 0 0
38 1 121.140 79.950 -90.000 11 0 "C604" 0 0 1000 0 0
39 1 129.390 82.800 45.000 11 0 "C614" 0 0 1000 0 0
40 1 137.350 74.850 45.000 11 0 "C627" 0 0 1000 0 0
41 1 186.600 80.600 0.000 11 0 "C633" 0 0 1000 0 0
42 1 185.500 80.600 0.000 11 0 "C634" 0 0 1000 0 0
43 1 161.240 127.700 0.000 11 0 "C637" 0 0 1000 0 0
44 1 161.240 122.300 180.000 11 0 "C640" 0 0 1000 0 0
45 1 115.850 173.200 0.000 11 0 "C641" 0 0 1000 0 0
46 1 161.240 98.900 0.000 11 0 "C642" 0 0 1000 0 0
47 1 161.240 93.500 180.000 11 0 "C643" 0 0 1000 0 0
48 1 135.990 144.800 90.000 11 0 "C658" 0 0 1000 0 0
49 1 199.300 177.650 180.000 11 0 "C1301" 0 0 1000 0 0
50 1 197.150 173.250 180.000 11 0 "C1308" 0 0 1000 0 0
51 1 192.300 182.150 180.000 11 0 "C1416" 0 0 1000 0 0
52 1 110.900 29.100 90.000 11 0 "C3204" 0 0 1000 0 0
53 1 42.100 26.800 -90.000 11 0 "C3205" 0 0 1000 0 0
54 1 67.400 20.300 -90.000 11 0 "C3206" 0 0 1000 0 0
55 1 130.000 21.500 -90.000 11 0 "C3207" 0 0 1000 0 0
56 1 27.450 22.750 -90.000 11 0 "C3411" 0 0 1000 0 0
57 1 55.050 186.400 180.000 11 0 "C4100" 0 0 1000 0 0
58 1 47.250 186.750 90.000 11 0 "C4101" 0 0 1000 0 0
59 1 73.350 183.300 90.000 11 0 "C4107" 0 0 1000 0 0
60 1 56.350 178.550 180.000 11 0 "C4124" 0 0 1000 0 0
61 1 57.450 178.550 180.000 11 0 "C4125" 0 0 1000 0 0
62 1 140.474 41.775 90.000 11 0 "C4804" 0 0 1000 0 0
63 1 148.900 44.300 90.000 11 0 "C4805" 0 0 1000 0 0
64 1 147.150 36.700 180.000 11 0 "C4807" 0 0 1000 0 0
65 1 143.750 45.600 90.000 11 0 "C4808" 0 0 1000 0 0
66 1 22.400 125.200 -90.000 11 0 "C5005" 0 0 1000 0 0
67 1 15.250 57.650 90.000 11 0 "C6502" 0 0 1000 0 0
68 1 22.450 57.750 180.000 11 0 "C6503" 0 0 1000 0 0
69 1 22.350 49.050 0.000 11 0 "C6512" 0 0 1000 0 0
70 1 116.800 190.250 0.000 11 0 "C7601" 0 0 1000 0 0
71 1 115.800 190.250 0.000 11 0 "C7602" 0 0 1000 0 0
72 1 115.300 188.250 0.000 11 0 "C7603" 0 0 1000 0 0
73 1 114.300 188.250 0.000 11 0 "C7604" 0 0 1000 0 0
74 1 113.800 190.250 0.000 11 0 "C7605" 0 0 1000 0 0
75 1 112.800 190.250 0.000 11 0 "C7606" 0 0 1000 0 0
76 1 112.300 188.250 0.000 11 0 "C7607" 0 0 1000 0 0
77 1 111.300 188.250 0.000 11 0 "C7608" 0 0 1000 0 0
78 1 110.800 190.250 0.000 11 0 "C7609" 0 0 1000 0 0
79 1 109.800 190.250 0.000 11 0 "C7610" 0 0 1000 0 0
80 1 109.300 188.250 0.000 11 0 "C7611" 0 0 1000 0 0
81 1 108.300 188.250 0.000 11 0 "C7612" 0 0 1000 0 0
82 1 107.800 190.250 0.000 11 0 "C7613" 0 0 1000 0 0
83 1 106.800 190.250 0.000 11 0 "C7614" 0 0 1000 0 0
84 1 106.300 188.250 0.000 11 0 "C7615" 0 0 1000 0 0
85 1 105.300 188.250 0.000 11 0 "C7616" 0 0 1000 0 0
86 1 150.150 190.250 0.000 11 0 "C7617" 0 0 1000 0 0
87 1 149.150 190.250 0.000 11 0 "C7618" 0 0 1000 0 0
88 1 148.650 188.250 0.000 11 0 "C7619" 0 0 1000 0 0
89 1 147.650 188.250 0.000 11 0 "C7620" 0 0 1000 0 0
90 1 147.150 190.250 0.000 11 0 "C7621" 0 0 1000 0 0
91 1 146.150 190.250 0.000 11 0 "C7622" 0 0 1000 0 0
92 1 145.650 188.250 0.000 11 0 "C7623" 0 0 1000 0 0
93 1 144.650 188.250 0.000 11 0 "C7624" 0 0 1000 0 0
94 1 144.150 190.250 0.000 11 0 "C7625" 0 0 1000 0 0
95 1 143.150 190.250 0.000 11 0 "C7626" 0 0 1000 0 0
96 1 142.650 188.250 0.000 11 0 "C7627" 0 0 1000 0 0
97 1 141.650 188.250 0.000 11 0 "C7628" 0 0 1000 0 0
98 1 141.150 190.250 0.000 11 0 "C7629" 0 0 1000 0 0
99 1 140.150 190.250 0.000 11 0 "C7630" 0 0 1000 0 0
100 1 139.650 188.250 0.000 11 0 "C7631" 0 0 1000 0 0
101 1 138.650 188.250 0.000 11 0 "C7632" 0 0 1000 0 0
102 1 153.750 159.000 0.000 11 0 "C8800" 0 0 1000 0 0
103 1 161.140 146.400 0.000 11 0 "C8802" 0 0 1000 0 0
104 1 142.590 148.550 180.000 11 0 "C8804" 0 0 1000 0 0
105 1 160.040 146.400 0.000 11 0 "C8806" 0 0 1000 0 0
106 1 155.200 157.350 -90.000 11 0 "C8809" 0 0 1000 0 0
107 1 84.100 115.500 90.000 11 0 "C10600" 0 0 1000 0 0
108 1 104.300 133.890 90.000 11 0 "C304" 0 0 1000 0 0
109 1 104.300 135.540 90.000 11 0 "C306" 0 0 1000 0 0
110 1 104.300 136.540 90.000 11 0 "C310" 0 0 1000 0 0
111 1 104.300 132.890 90.000 11 0 "C352" 0 0 1000 0 0
112 1 184.550 62.900 -90.000 11 0 "C901" 0 0 1000 0 0
113 1 184.550 63.950 -90.000 11 0 "C903" 0 0 1000 0 0
114 1 231.000 54.400 0.000 11 0 "C905" 0 0 1000 0 0
115 1 202.750 67.050 180.000 11 0 "C907" 0 0 1000 0 0
116 1 201.200 70.350 0.000 11 0 "C909" 0 0 1000 0 0
117 1 182.700 62.900 90.000 11 0 "C911" 0 0 1000 0 0
118 1 39.500 105.100 0.000 11 0 "C7017" 0 0 1000 0 0
119 1 127.250 55.600 180.000 11 0 "C10707" 0 0 1000 0 0
120 1 230.800 186.950 180.000 12 0 "C1000" 0 0 1000 0 0
121 1 186.890 117.900 0.000 12 0 "C1529" 0 0 1000 0 0
122 1 183.590 121.650 90.000 12 0 "C1534" 0 0 1000 0 0
123 1 249.250 43.800 180.000 12 0 "C1601" 0 0 1000 0 0
124 1 246.450 50.650 90.000 12 0 "C1605" 0 0 1000 0 0
125 1 212.950 143.000 90.000 12 0 "C1702" 0 0 1000 0 0
126 1 207.300 137.800 180.000 12 0 "C1706" 0 0 1000 0 0
127 1 204.100 132.900 0.000 12 0 "C1711" 0 0 1000 0 0
128 1 174.050 101.850 -90.000 12 0 "C1817" 0 0 1000 0 0
129 1 177.090 95.150 180.000 12 0 "C1821" 0 0 1000 0 0
130 1 182.800 162.400 0.000 12 0 "C2000" 0 0 1000 0 0
131 1 179.618 151.857 -90.000 12 0 "C2015" 0 0 1000 0 0
132 1 156.950 70.040 90.000 12 0 "C2100" 0 0 1000 0 0
133 1 141.450 73.050 90.000 12 0 "C2112" 0 0 1000 0 0
134 1 156.950 69.040 90.000 12 0 "C2114" 0 0 1000 0 0
135 1 179.150 80.450 90.000 12 0 "C2201" 0 0 1000 0 0
136 1 177.840 86.250 -90.000 12 0 "C2206" 0 0 1000 0 0
137 1 181.850 185.250 -90.000 12 0 "C2901" 0 0 1000 0 0
138 1 170.950 183.500 90.000 12 0 "C2903" 0 0 1000 0 0
139 1 249.800 185.900 180.000 12 0 "C2915" 0 0 1000 0 0
140 1 157.250 182.400 0.000 12 0 "C4512" 0 0 1000 0 0
141 1 157.400 176.150 180.000 12 0 "C4906" 0 0 1000 0 0
142 1 156.150 182.400 0.000 12 0 "C4907" 0 0 1000 0 0
143 1 49.600 140.150 180.000 12 0 "C5325" 0 0 1000 0 0
144 1 11.450 100.550 90.000 12 0 "C7000" 0 0 1000 0 0
145 1 189.990 121.600 180.000 13 0 "C1528" 0 0 1000 0 0
146 1 252.340 49.050 180.000 13 0 "C1600" 0 0 1000 0 0
147 1 207.000 145.500 -90.000 13 0 "C1700" 0 0 1000 0 0
148 1 171.440 96.950 0.000 13 0 "C1816" 0 0 1000 0 0
149 1 175.150 160.000 90.000 13 0 "C2001" 0 0 1000 0 0
150 1 181.390 85.700 180.000 13 0 "C2200" 0 0 1000 0 0
151 1 107.540 114.300 0.000 14 0 "C102" 0 0 1000 0 0
152 1 107.540 116.150 180.000 14 0 "C103" 0 0 1000 0 0
153 1 59.050 179.550 90.000 15 0 "C4112" 0 0 1000 0 0
154 1 61.000 179.550 -90.000 15 0 "C4113" 0 0 1000 0 0
155 1 151.300 35.700 90.000 15 0 "C4821" 0 0 1000 0 0
156 1 153.200 35.700 -90.000 15 0 "C4822" 0 0 1000 0 0
157 1 60.950 136.750 0.000 15 0 "C5300" 0 0 1000 0 0
158 1 61.950 136.750 0.000 15 0 "C5301" 0 0 1000 0 0
159 1 36.400 150.500 90.000 15 0 "C5400" 0 0 1000 0 0
160 1 36.400 151.750 90.000 15 0 "C5401" 0 0 1000 0 0
161 1 26.550 51.700 180.000 15 0 "C6506" 0 0 1000 0 0
162 1 28.000 51.700 180.000 15 0 "C6507" 0 0 1000 0 0
163 1 32.450 54.750 180.000 15 0 "C6530" 0 0 1000 0 0
164 1 33.800 54.750 180.000 15 0 "C6531" 0 0 1000 0 0
165 1 31.200 53.150 180.000 15 0 "C6532" 0 0 1000 0 0
166 1 29.850 53.150 180.000 15 0 "C6533" 0 0 1000 0 0
167 1 11.450 101.650 90.000 15 0 "C7001" 0 0 1000 0 0
168 1 179.890 130.750 180.000 16 0 "C1519" 0 0 1000 0 0
169 1 188.940 119.700 0.000 16 0 "C1535" 0 0 1000 0 0
170 1 172.290 99.050 0.000 16 0 "C1827" 0 0 1000 0 0
171 1 180.340 83.800 0.000 16 0 "C2207" 0 0 1000 0 0
172 1 109.640 115.100 180.000 17 0 "R103" 0 0 1000 0 0
173 1 198.250 175.250 180.000 17 0 "R1340" 0 0 1000 0 0
174 1 187.940 117.900 180.000 17 0 "R1514" 0 0 1000 0 0
175 1 249.650 45.300 90.000 17 0 "R1600" 0 0 1000 0 0
176 1 211.100 143.000 90.000 17 0 "R1703" 0 0 1000 0 0
177 1 173.650 100.350 180.000 17 0 "R1815" 0 0 1000 0 0
178 1 182.800 160.550 180.000 17 0 "R2002" 0 0 1000 0 0
179 1 185.718 156.657 180.000 17 0 "R2012" 0 0 1000 0 0
180 1 148.150 157.100 180.000 17 0 "R2031" 0 0 1000 0 0
181 1 157.450 79.490 180.000 17 0 "R2102" 0 0 1000 0 0
182 1 156.250 78.490 0.000 17 0 "R2104" 0 0 1000 0 0
183 1 155.650 71.290 -90.000 17 0 "R2105" 0 0 1000 0 0
184 1 161.400 77.240 -90.000 17 0 "R2107" 0 0 1000 0 0
185 1 162.350 80.650 0.000 17 0 "R2110" 0 0 1000 0 0
186 1 179.540 81.900 180.000 17 0 "R2203" 0 0 1000 0 0
187 1 71.050 185.200 -90.000 17 0 "R4115" 0 0 1000 0 0
188 1 228.500 33.900 180.000 17 0 "R4301" 0 0 1000 0 0
189 1 229.500 33.900 180.000 17 0 "R4302" 0 0 1000 0 0
190 1 24.550 38.700 90.000 17 0 "R4507" 0 0 1000 0 0
191 1 24.550 37.700 90.000 17 0 "R4508" 0 0 1000 0 0
192 1 158.400 182.400 0.000 17 0 "R4510" 0 0 1000 0 0
193 1 140.463 40.625 -90.000 17 0 "R4811" 0 0 1000 0 0
194 1 140.463 39.425 -90.000 17 0 "R4812" 0 0 1000 0 0
195 1 155.400 176.150 0.000 17 0 "R4908" 0 0 1000 0 0
196 1 11.100 107.550 90.000 17 0 "R5004" 0 0 1000 0 0
197 1 11.100 127.900 90.000 17 0 "R5005" 0 0 1000 0 0
198 1 62.950 140.850 90.000 17 0 "R5312" 0 0 1000 0 0
199 1 35.800 147.700 90.000 17 0 "R5410" 0 0 1000 0 0
200 1 36.400 152.800 90.000 17 0 "R5412" 0 0 1000 0 0
201 1 14.250 141.700 180.000 17 0 "R10538" 0 0 1000 0 0
202 1 106.250 123.750 -90.000 17 0 "R369" 0 0 1000 0 0
203 1 44.800 103.950 -90.000 17 0 "R7001" 0 0 1000 0 0
204 1 26.550 53.500 180.000 18 0 "R6503" 0 0 1000 0 0
205 1 28.000 53.500 180.000 18 0 "R6504" 0 0 1000 0 0
206 1 50.550 184.150 180.000 19 0 "R4105" 0 0 1000 0 0
207 1 51.550 184.150 180.000 19 0 "R4106" 0 0 1000 0 0
208 1 152.300 188.250 180.000 19 0 "R4914" 0 0 1000 0 0
209 1 151.300 188.250 180.000 19 0 "R4915" 0 0 1000 0 0
210 1 104.550 142.750 -90.000 20 0 "R330" 0 0 1000 0 0
211 1 76.050 186.000 180.000 20 0 "R4123" 0 0 1000 0 0
212 1 99.950 178.150 180.000 20 0 "R7655" 0 0 1000 0 0
213 1 99.950 176.350 0.000 20 0 "R7656" 0 0 1000 0 0
214 1 15.750 139.900 90.000 20 0 "R10500" 0 0 1000 0 0
215 1 15.750 141.000 90.000 20 0 "R10501" 0 0 1000 0 0
216 1 151.300 53.950 -90.000 20 0 "R900" 0 0 1000 0 0
217 1 200.600 64.200 90.000 20 0 "R901" 0 0 1000 0 0
218 1 149.400 54.750 90.000 20 0 "R907" 0 0 1000 0 0
219 1 103.500 129.840 -90.000 21 0 "R351" 0 0 1000 0 0
220 1 103.500 130.840 -90.000 21 0 "R352" 0 0 1000 0 0
221 1 106.200 133.890 -90.000 21 0 "R310" 0 0 1000 0 0
222 1 106.200 132.890 -90.000 21 0 "R315" 0 0 1000 0 0
223 1 106.200 135.540 -90.000 21 0 "R319" 0 0 1000 0 0
224 1 106.200 136.540 -90.000 21 0 "R320" 0 0 1000 0 0
225 1 32.450 56.600 180.000 21 0 "R6530" 0 0 1000 0 0
226 1 31.200 55.000 180.000 21 0 "R6531" 0 0 1000 0 0
227 1 33.800 56.600 180.000 21 0 "R6532" 0 0 1000 0 0
228 1 29.850 55.000 180.000 21 0 "R6533" 0 0 1000 0 0
229 1 104.300 138.840 90.000 22 0 "R370" 0 0 1000 0 0
230 1 106.200 141.300 90.000 23 0 "R208" 0 0 1000 0 0
231 1 120.600 84.750 180.000 23 0 "R209" 0 0 1000 0 0
232 1 104.300 137.740 -90.000 23 0 "R303" 0 0 1000 0 0
233 1 104.350 154.050 90.000 23 0 "R332" 0 0 1000 0 0
234 1 104.350 152.750 90.000 23 0 "R335" 0 0 1000 0 0
235 1 110.050 155.000 0.000 23 0 "R336" 0 0 1000 0 0
236 1 230.800 189.400 0.000 23 0 "R1008" 0 0 1000 0 0
237 1 232.900 192.200 180.000 23 0 "R1021" 0 0 1000 0 0
238 1 201.450 184.500 0.000 23 0 "R1028" 0 0 1000 0 0
239 1 183.490 131.600 180.000 23 0 "R1511" 0 0 1000 0 0
240 1 189.990 119.700 180.000 23 0 "R1517" 0 0 1000 0 0
241 1 252.340 47.150 180.000 23 0 "R1603" 0 0 1000 0 0
242 1 171.040 99.050 0.000 23 0 "R1811" 0 0 1000 0 0
243 1 186.500 160.900 90.000 23 0 "R2003" 0 0 1000 0 0
244 1 138.450 155.600 180.000 23 0 "R2034" 0 0 1000 0 0
245 1 163.050 74.590 0.000 23 0 "R2100" 0 0 1000 0 0
246 1 181.390 83.800 180.000 23 0 "R2206" 0 0 1000 0 0
247 1 137.150 22.500 90.000 23 0 "R3202" 0 0 1000 0 0
248 1 113.250 22.500 90.000 23 0 "R3205" 0 0 1000 0 0
249 1 48.050 22.480 90.000 23 0 "R3217" 0 0 1000 0 0
250 1 72.050 22.500 90.000 23 0 "R3218" 0 0 1000 0 0
251 1 73.350 182.300 90.000 23 0 "R4113" 0 0 1000 0 0
252 1 71.050 184.200 90.000 23 0 "R4114" 0 0 1000 0 0
253 1 63.350 178.950 90.000 23 0 "R4117" 0 0 1000 0 0
254 1 148.250 45.400 90.000 23 0 "R4804" 0 0 1000 0 0
255 1 64.100 139.050 -90.000 23 0 "R5303" 0 0 1000 0 0
256 1 47.500 140.150 0.000 23 0 "R5314" 0 0 1000 0 0
257 1 231.000 50.900 0.000 23 0 "R905" 0 0 1000 0 0
258 1 109.800 173.650 90.000 24 0 "R107" 0 0 1000 0 0
259 1 196.350 171.150 90.000 24 0 "R1335" 0 0 1000 0 0
260 1 94.850 43.500 180.000 24 0 "R3208" 0 0 1000 0 0
261 1 130.000 20.300 90.000 24 0 "R3210" 0 0 1000 0 0
262 1 45.250 25.550 90.000 24 0 "R3223" 0 0 1000 0 0
263 1 65.300 30.350 0.000 24 0 "R3225" 0 0 1000 0 0
264 1 100.150 42.500 0.000 24 0 "R3237" 0 0 1000 0 0
265 1 129.650 27.300 180.000 24 0 "R3241" 0 0 1000 0 0
266 1 115.250 31.050 180.000 24 0 "R3243" 0 0 1000 0 0
267 1 68.900 28.750 90.000 24 0 "R3245" 0 0 1000 0 0
268 1 45.250 26.850 90.000 24 0 "R3247" 0 0 1000 0 0
269 1 51.750 175.850 180.000 24 0 "R4130" 0 0 1000 0 0
270 1 21.450 57.750 180.000 24 0 "R6505" 0 0 1000 0 0
271 1 22.250 134.800 90.000 24 0 "R10517" 0 0 1000 0 0
272 1 14.150 130.350 180.000 24 0 "R10537" 0 0 1000 0 0
273 1 19.850 56.450 -90.000 24 0 "R6500" 0 0 1000 0 0
274 1 185.118 158.057 90.000 25 0 "R2008" 0 0 1000 0 0
275 1 188.940 121.600 0.000 26 0 "R1518" 0 0 1000 0 0
276 1 251.290 49.050 0.000 26 0 "R1604" 0 0 1000 0 0
277 1 172.440 96.950 180.000 26 0 "R1812" 0 0 1000 0 0
278 1 187.400 151.900 -90.000 26 0 "R2006" 0 0 1000 0 0
279 1 180.340 85.700 0.000 26 0 "R2207" 0 0 1000 0 0
280 1 18.600 135.200 0.000 26 0 "R10524" 0 0 1000 0 0
281 1 15.150 130.350 180.000 26 0 "R10535" 0 0 1000 0 0
282 1 140.000 155.550 0.000 27 0 "R122" 0 0 1000 0 0
283 1 117.050 75.100 0.000 27 0 "R602" 0 0 1000 0 0
284 1 212.600 180.900 -90.000 27 0 "R1001" 0 0 1000 0 0
285 1 214.600 180.900 90.000 27 0 "R1003" 0 0 1000 0 0
286 1 231.850 189.400 0.000 27 0 "R1005" 0 0 1000 0 0
287 1 206.450 177.450 180.000 27 0 "R1302" 0 0 1000 0 0
288 1 198.250 173.250 180.000 27 0 "R1333" 0 0 1000 0 0
289 1 199.300 175.250 180.000 27 0 "R1338" 0 0 1000 0 0
290 1 172.000 181.550 -90.000 27 0 "R1420" 0 0 1000 0 0
291 1 208.700 145.950 180.000 27 0 "R1705" 0 0 1000 0 0
292 1 236.000 187.050 180.000 27 0 "R2906" 0 0 1000 0 0
293 1 112.500 23.500 90.000 27 0 "R3207" 0 0 1000 0 0
294 1 46.650 22.080 180.000 27 0 "R3221" 0 0 1000 0 0
295 1 70.650 22.100 180.000 27 0 "R3222" 0 0 1000 0 0
296 1 106.700 41.100 0.000 27 0 "R3238" 0 0 1000 0 0
297 1 130.800 27.300 0.000 27 0 "R3242" 0 0 1000 0 0
298 1 113.400 33.450 -90.000 27 0 "R3244" 0 0 1000 0 0
299 1 71.100 28.750 90.000 27 0 "R3246" 0 0 1000 0 0
300 1 47.200 26.850 90.000 27 0 "R3248" 0 0 1000 0 0
301 1 135.750 22.100 180.000 27 0 "R3249" 0 0 1000 0 0
302 1 63.350 181.050 -90.000 27 0 "R4112" 0 0 1000 0 0
303 1 71.700 182.250 180.000 27 0 "R4128" 0 0 1000 0 0
304 1 217.650 33.550 0.000 27 0 "R4303" 0 0 1000 0 0
305 1 33.150 40.550 0.000 27 0 "R4501" 0 0 1000 0 0
306 1 150.600 45.400 90.000 27 0 "R4805" 0 0 1000 0 0
307 1 64.950 136.550 0.000 27 0 "R5300" 0 0 1000 0 0
308 1 64.100 138.050 -90.000 27 0 "R5301" 0 0 1000 0 0
309 1 100.200 190.400 90.000 27 0 "R7615" 0 0 1000 0 0
310 1 104.000 190.000 180.000 27 0 "R7657" 0 0 1000 0 0
311 1 102.950 190.000 180.000 27 0 "R7658" 0 0 1000 0 0
312 1 105.650 183.550 180.000 27 0 "R7659" 0 0 1000 0 0
313 1 104.550 183.550 0.000 27 0 "R7660" 0 0 1000 0 0
314 1 104.750 181.600 -90.000 27 0 "R7661" 0 0 1000 0 0
315 1 87.250 104.200 -90.000 27 0 "R10608" 0 0 1000 0 0
316 1 200.600 63.150 90.000 27 0 "R903" 0 0 1000 0 0
317 1 182.700 65.100 -90.000 27 0 "R909" 0 0 1000 0 0
318 1 231.000 49.000 180.000 27 0 "R921" 0 0 1000 0 0
319 1 63.750 104.050 0.000 27 0 "R7100" 0 0 1000 0 0
320 1 127.800 70.050 180.000 27 0 "R10700" 0 0 1000 0 0
321 1 185.118 159.057 90.000 28 0 "R2001" 0 0 1000 0 0
322 1 188.350 157.250 -90.000 28 0 "R2014" 0 0 1000 0 0
323 1 188.350 155.850 -90.000 28 0 "R2015" 0 0 1000 0 0
324 1 131.750 20.700 0.000 28 0 "R3204" 0 0 1000 0 0
325 1 45.250 24.450 90.000 28 0 "R3219" 0 0 1000 0 0
326 1 65.400 21.350 90.000 28 0 "R3220" 0 0 1000 0 0
327 1 94.850 41.600 0.000 28 0 "R3240" 0 0 1000 0 0
328 1 140.524 45.125 -90.000 28 0 "R4803" 0 0 1000 0 0
329 1 205.350 146.000 0.000 29 0 "R1701" 0 0 1000 0 0
330 1 107.700 41.100 180.000 30 0 "R3231" 0 0 1000 0 0
331 1 105.700 41.100 0.000 30 0 "R3233" 0 0 1000 0 0
332 1 151.550 27.100 90.000 31 0 "R211" 0 0 1000 0 0
333 1 200.950 175.950 -90.000 32 0 "R1320" 0 0 1000 0 0
334 1 158.000 80.940 -90.000 33 0 "R2118" 0 0 1000 0 0
335 1 161.300 80.650 180.000 34 0 "R2109" 0 0 1000 0 0
336 1 160.600 79.090 90.000 34 0 "R2112" 0 0 1000 0 0
337 1 162.500 79.090 90.000 34 0 "R2113" 0 0 1000 0 0
338 1 11.100 54.100 180.000 35 0 "R701" 0 0 1000 0 0
339 1 13.600 54.100 180.000 35 0 "R702" 0 0 1000 0 0
340 1 62.650 133.450 180.000 35 0 "R707" 0 0 1000 0 0
341 1 60.000 133.450 180.000 35 0 "R708" 0 0 1000 0 0
342 1 151.600 32.300 180.000 35 0 "R4821" 0 0 1000 0 0
343 1 153.100 32.700 -90.000 35 0 "R4822" 0 0 1000 0 0
344 1 156.400 176.150 180.000 35 0 "R4906" 0 0 1000 0 0
345 1 158.400 176.150 0.000 35 0 "R4911" 0 0 1000 0 0
346 1 200.950 177.000 90.000 36 0 "R1319" 0 0 1000 0 0
347 1 68.250 181.400 90.000 37 0 "R4109" 0 0 1000 0 0
348 1 48.550 140.150 180.000 38 0 "R5313" 0 0 1000 0 0
349 1 170.440 96.950 0.000 39 0 "R1813" 0 0 1000 0 0
350 1 83.690 99.800 180.000 40 0 "R10600" 0 0 1000 0 0
351 1 76.100 99.350 180.000 40 0 "R10602" 0 0 1000 0 0
352 1 80.990 99.800 180.000 40 0 "R10604" 0 0 1000 0 0
353 1 78.500 99.350 180.000 40 0 "R10606" 0 0 1000 0 0
354 1 180.700 179.640 0.000 41 0 "R1419" 0 0 1000 0 0
355 1 45.225 178.025 90.000 41 0 "R4121" 0 0 1000 0 0
356 1 146.240 131.900 -135.000 42 0 "R403" 0 0 1000 0 0
357 1 153.315 135.100 -45.000 42 0 "R404" 0 0 1000 0 0
358 1 146.515 105.325 90.000 42 0 "R405" 0 0 1000 0 0
359 1 153.315 106.325 -45.000 42 0 "R406" 0 0 1000 0 0
360 1 181.890 87.250 -90.000 42 0 "R2209" 0 0 1000 0 0
361 1 253.340 49.050 180.000 43 0 "R1605" 0 0 1000 0 0
362 1 52.900 57.800 90.000 44 0 "R705" 0 0 1000 0 0
363 1 52.900 56.800 90.000 44 0 "R706" 0 0 1000 0 0
364 1 153.100 25.650 180.000 45 0 "R210" 0 0 1000 0 0
365 1 184.718 156.657 0.000 46 0 "R2007" 0 0 1000 0 0
366 1 154.200 78.490 0.000 46 0 "R2103" 0 0 1000 0 0
367 1 190.990 121.600 180.000 47 0 "R1520" 0 0 1000 0 0
368 1 121.150 81.050 -90.000 48 0 "R603" 0 0 1000 0 0
369 1 75.650 115.800 90.000 48 0 "R709" 0 0 1000 0 0
370 1 75.650 116.800 90.000 48 0 "R710" 0 0 1000 0 0
371 1 193.350 182.150 180.000 48 0 "R1429" 0 0 1000 0 0
372 1 47.400 173.150 90.000 48 0 "R4122" 0 0 1000 0 0
373 1 185.150 152.800 90.000 49 0 "R2005" 0 0 1000 0 0
374 1 207.000 146.500 -90.000 50 0 "R1702" 0 0 1000 0 0
375 1 209.750 145.950 180.000 51 0 "R1706" 0 0 1000 0 0
376 1 182.390 85.700 180.000 51 0 "R2208" 0 0 1000 0 0
377 1 157.850 78.090 -90.000 52 0 "R2101" 0 0 1000 0 0
378 1 47.900 105.400 -90.000 52 0 "R7003" 0 0 1000 0 0
379 1 155.200 78.490 180.000 53 0 "R2106" 0 0 1000 0 0
380 1 103.500 127.350 -90.000 54 0 "R372" 0 0 1000 0 0
381 1 103.500 126.150 -90.000 54 0 "R371" 0 0 1000 0 0
382 1 230.800 192.200 0.000 55 0 "R1012" 0 0 1000 0 0
383 1 25.150 152.550 -90.000 55 0 "R5400" 0 0 1000 0 0
384 1 209.750 177.450 180.000 56 0 "R1045" 0 0 1000 0 0
385 1 208.250 179.550 180.000 56 0 "R1046" 0 0 1000 0 0
386 1 237.200 181.000 -90.000 56 0 "R1432" 0 0 1000 0 0
387 1 182.190 134.200 -90.000 56 0 "R1510" 0 0 1000 0 0
388 1 191.040 119.700 0.000 56 0 "R1521" 0 0 1000 0 0
389 1 188.150 161.300 180.000 56 0 "R2016" 0 0 1000 0 0
390 1 181.390 81.800 0.000 56 0 "R2210" 0 0 1000 0 0
391 1 113.850 37.450 0.000 57 0 "R3232" 0 0 1000 0 0
392 1 106.000 37.450 0.000 57 0 "R3234" 0 0 1000 0 0
393 1 83.690 101.600 180.000 57 0 "R10601" 0 0 1000 0 0
394 1 76.100 101.200 180.000 57 0 "R10603" 0 0 1000 0 0
395 1 80.990 101.600 180.000 57 0 "R10605" 0 0 1000 0 0
396 1 78.490 101.200 180.000 57 0 "R10607" 0 0 1000 0 0
397 1 168.690 131.900 0.000 58 0 "R1512" 0 0 1000 0 0
398 1 252.840 50.500 -90.000 58 0 "R1606" 0 0 1000 0 0
399 1 187.500 154.600 90.000 59 0 "R2004" 0 0 1000 0 0
400 1 190.490 123.200 -90.000 60 0 "R1519" 0 0 1000 0 0
401 1 179.150 180.500 -90.000 61 0 "R1418" 0 0 1000 0 0
402 1 45.225 176.825 90.000 61 0 "R4120" 0 0 1000 0 0
403 1 236.050 191.750 180.000 62 0 "R2909" 0 0 1000 0 0
404 1 200.950 178.050 -90.000 63 0 "R1318" 0 0 1000 0 0
405 1 176.350 63.500 90.000 64 0 "AR900" 0 0 1000 0 0
406 1 186.850 63.450 90.000 64 0 "AR901" 0 0 1000 0 0
407 1 203.150 63.800 -90.000 64 0 "AR906" 0 0 1000 0 0
408 1 197.400 63.500 -90.000 64 0 "AR907" 0 0 1000 0 0
409 1 173.750 63.500 -90.000 64 0 "AR908" 0 0 1000 0 0
410 1 179.000 63.500 90.000 64 0 "AR909" 0 0 1000 0 0
411 1 180.500 66.300 90.000 64 0 "AR910" 0 0 1000 0 0
412 1 190.500 63.450 90.000 64 0 "AR911" 0 0 1000 0 0
413 1 206.050 66.950 90.000 64 0 "AR912" 0 0 1000 0 0
414 1 208.350 63.750 90.000 64 0 "AR913" 0 0 1000 0 0
415 1 101.650 127.340 90.000 65 0 "C356" 0 0 1000 0 0
416 1 68.250 180.350 -90.000 65 0 "C4109" 0 0 1000 0 0
417 1 101.650 126.140 90.000 65 0 "C355" 0 0 1000 0 0
418 1 19.850 57.600 -90.000 65 0 "C6659" 0 0 1000 0 0
419 1 106.200 137.740 -90.000 66 0 "C303" 0 0 1000 0 0
420 1 106.200 138.840 -90.000 66 0 "C362" 0 0 1000 0 0
421 1 185.700 154.250 0.000 67 0 "R2000" 0 0 1000 0 0
422 1 55.050 188.450 0.000 68 0 "R4102" 0 0 1000 0 0
423 1 200.850 66.950 -90.000 69 0 "AR902" 0 0 1000 0 0
424 1 194.700 63.500 90.000 69 0 "AR903" 0 0 1000 0 0
425 1 151.350 49.500 0.000 69 0 "AR904" 0 0 1000 0 0
426 1 151.300 52.100 0.000 69 0 "AR905" 0 0 1000 0 0
427 1 53.700 103.950 90.000 70 0 "R7101" 0 0 1000 0 0
428 1 115.840 126.400 180.000 71 0 "R104" 0 0 1000 0 0
429 1 117.990 91.900 0.000 71 0 "R105" 0 0 1000 0 0
430 1 119.100 91.900 0.000 71 0 "R108" 0 0 1000 0 0
431 1 121.940 91.900 0.000 71 0 "R109" 0 0 1000 0 0
432 1 102.590 175.250 90.000 72 0 "AR704" 0 0 1000 0 0
433 1 12.350 54.900 -90.000 72 0 "AR705" 0 0 1000 0 0
434 1 95.400 172.750 180.000 72 0 "AR706" 0 0 1000 0 0
435 1 191.000 156.600 180.000 72 0 "AR2000" 0 0 1000 0 0
436 1 152.250 34.200 90.000 72 0 "AR4821" 0 0 1000 0 0
437 1 41.450 104.150 -90.000 72 0 "AR707" 0 0 1000 0 0
438 1 98.050 172.750 0.000 73 0 "AR701" 0 0 1000 0 0
439 1 102.590 172.850 -90.000 73 0 "AR703" 0 0 1000 0 0
440 1 73.900 28.450 -90.000 74 0 "AR3203" 0 0 1000 0 0
441 1 50.150 27.900 -90.000 74 0 "AR3204" 0 0 1000 0 0
442 1 137.150 25.600 0.000 74 0 "AR3206" 0 0 1000 0 0
443 1 115.650 29.000 -90.000 74 0 "AR3207" 0 0 1000 0 0
444 1 260.050 157.500 180.000 75 0 "AR3400" 0 0 1000 0 0
445 1 56.900 181.050 -90.000 75 0 "AR4100" 0 0 1000 0 0
446 1 60.000 181.050 90.000 75 0 "AR4101" 0 0 1000 0 0
447 1 61.350 133.450 90.000 75 0 "AR5301" 0 0 1000 0 0
448 1 98.300 189.700 90.000 75 0 "AR7602" 0 0 1000 0 0
449 1 142.250 23.350 -90.000 76 0 "AR3208" 0 0 1000 0 0
450 1 143.750 23.350 -90.000 76 0 "AR3209" 0 0 1000 0 0
451 1 145.250 23.350 -90.000 76 0 "AR3210" 0 0 1000 0 0
452 1 146.750 23.350 -90.000 76 0 "AR3211" 0 0 1000 0 0
453 1 118.250 23.350 -90.000 76 0 "AR3212" 0 0 1000 0 0
454 1 121.250 23.350 -90.000 76 0 "AR3213" 0 0 1000 0 0
455 1 119.750 23.350 -90.000 76 0 "AR3214" 0 0 1000 0 0
456 1 122.750 23.350 -90.000 76 0 "AR3215" 0 0 1000 0 0
457 1 52.950 23.350 -90.000 76 0 "AR3216" 0 0 1000 0 0
458 1 54.450 23.350 -90.000 76 0 "AR3217" 0 0 1000 0 0
459 1 55.950 23.350 -90.000 76 0 "AR3218" 0 0 1000 0 0
460 1 57.450 23.350 -90.000 76 0 "AR3219" 0 0 1000 0 0
461 1 76.950 23.350 -90.000 76 0 "AR3220" 0 0 1000 0 0
462 1 79.950 23.350 -90.000 76 0 "AR3221" 0 0 1000 0 0
463 1 81.450 23.350 -90.000 76 0 "AR3222" 0 0 1000 0 0
464 1 78.450 23.350 -90.000 76 0 "AR3223" 0 0 1000 0 0
465 1 52.450 141.550 0.000 77 0 "C5306" 0 0 1000 0 0
466 1 63.000 142.350 180.000 77 0 "C5307" 0 0 1000 0 0
467 1 54.650 146.650 90.000 77 0 "C5314" 0 0 1000 0 0
468 1 59.650 146.650 -90.000 77 0 "C5315" 0 0 1000 0 0
469 1 25.400 154.050 0.000 77 0 "C5405" 0 0 1000 0 0
470 1 36.400 154.300 180.000 77 0 "C5406" 0 0 1000 0 0
471 1 28.250 158.850 90.000 77 0 "C5409" 0 0 1000 0 0
472 1 33.100 158.550 -90.000 77 0 "C5410" 0 0 1000 0 0
473 1 209.400 144.250 90.000 78 0 "C1701" 0 0 1000 0 0
474 1 46.287 106.600 -90.000 78 0 "C7011" 0 0 1000 0 0
475 1 153.950 71.990 180.000 79 0 "C2108" 0 0 1000 0 0
476 1 44.900 166.850 -90.000 79 0 "C5320" 0 0 1000 0 0
477 1 47.200 167.550 0.000 79 0 "C5321" 0 0 1000 0 0
478 1 57.300 164.050 90.000 79 0 "C5322" 0 0 1000 0 0
479 1 57.450 169.850 -90.000 79 0 "C5323" 0 0 1000 0 0
480 1 24.700 184.900 180.000 79 0 "C5419" 0 0 1000 0 0
481 1 27.100 184.350 -90.000 79 0 "C5420" 0 0 1000 0 0
482 1 32.600 184.700 90.000 79 0 "C5421" 0 0 1000 0 0
483 1 38.850 185.050 90.000 79 0 "C5422" 0 0 1000 0 0
484 1 38.737 109.250 0.000 79 0 "C7008" 0 0 1000 0 0
485 1 45.587 108.600 180.000 79 0 "C7010" 0 0 1000 0 0
486 1 45.137 105.300 -90.000 79 0 "C7012" 0 0 1000 0 0
487 1 154.900 182.650 0.000 80 0 "C4908" 0 0 1000 0 0
488 1 73.190 111.300 0.000 81 0 "C106" 0 0 1000 0 0
489 1 181.950 179.590 0.000 81 0 "C1419" 0 0 1000 0 0
490 1 173.650 180.800 180.000 81 0 "C1432" 0 0 1000 0 0
491 1 182.618 151.057 180.000 81 0 "C2010" 0 0 1000 0 0
492 1 181.318 151.057 0.000 81 0 "C2011" 0 0 1000 0 0
493 1 110.850 40.250 180.000 81 0 "C3202" 0 0 1000 0 0
494 1 109.300 40.250 0.000 81 0 "C3203" 0 0 1000 0 0
495 1 217.750 29.750 180.000 81 0 "C4303" 0 0 1000 0 0
496 1 35.750 42.650 -90.000 81 0 "C4502" 0 0 1000 0 0
497 1 146.000 45.400 90.000 81 0 "C4803" 0 0 1000 0 0
498 1 56.400 135.000 0.000 81 0 "C5304" 0 0 1000 0 0
499 1 56.450 146.600 0.000 81 0 "C5310" 0 0 1000 0 0
500 1 57.950 146.600 180.000 81 0 "C5311" 0 0 1000 0 0
501 1 30.900 147.600 180.000 81 0 "C5403" 0 0 1000 0 0
502 1 31.400 159.300 180.000 81 0 "C5411" 0 0 1000 0 0
503 1 29.900 159.300 0.000 81 0 "C5412" 0 0 1000 0 0
504 1 225.000 52.550 180.000 81 0 "C906" 0 0 1000 0 0
505 1 61.150 108.050 -90.000 81 0 "C7103" 0 0 1000 0 0
506 1 142.900 59.200 90.000 81 0 "C10706" 0 0 1000 0 0
507 1 206.700 144.250 90.000 82 0 "R1700" 0 0 1000 0 0
508 1 91.850 160.100 90.000 83 0 "R9901" 0 0 1000 0 0
509 1 93.950 73.100 -90.000 83 0 "R9902" 0 0 1000 0 0
510 1 98.400 47.500 90.000 83 0 "R9904" 0 0 1000 0 0
511 1 171.150 154.450 0.000 83 0 "R9905" 0 0 1000 0 0
512 1 204.100 78.350 -90.000 83 0 "R9906" 0 0 1000 0 0
513 1 21.100 49.300 180.000 84 0 "R6512" 0 0 1000 0 0
514 1 19.750 49.300 180.000 84 0 "R6514" 0 0 1000 0 0
515 1 44.250 186.900 90.000 85 0 "R4116" 0 0 1000 0 0
516 1 29.200 104.300 0.000 86 0 "C7004" 0 0 1000 0 0
517 1 26.400 104.300 0.000 86 0 "C7021" 0 0 1000 0 0
518 1 110.000 142.750 90.000 87 0 "C333" 0 0 1000 0 0
519 1 153.450 76.540 -90.000 87 0 "C2107" 0 0 1000 0 0
520 1 45.225 179.325 90.000 87 0 "C4111" 0 0 1000 0 0
521 1 155.450 156.050 -90.000 87 0 "C8801" 0 0 1000 0 0
522 1 158.740 146.650 0.000 87 0 "C8803" 0 0 1000 0 0
523 1 141.340 148.250 180.000 87 0 "C8805" 0 0 1000 0 0
524 1 83.850 116.700 90.000 87 0 "C10601" 0 0 1000 0 0
525 1 128.500 55.350 180.000 87 0 "C10708" 0 0 1000 0 0
526 1 43.500 147.300 -90.000 88 0 "R5304" 0 0 1000 0 0
527 1 54.850 148.800 -90.000 88 0 "R5305" 0 0 1000 0 0
528 1 61.650 151.050 90.000 88 0 "R5306" 0 0 1000 0 0
529 1 70.350 145.750 -90.000 88 0 "R5307" 0 0 1000 0 0
530 1 21.350 160.750 -90.000 88 0 "R5401" 0 0 1000 0 0
531 1 28.350 162.100 -90.000 88 0 "R5402" 0 0 1000 0 0
532 1 33.150 162.300 -90.000 88 0 "R5403" 0 0 1000 0 0
533 1 40.050 163.100 90.000 88 0 "R5404" 0 0 1000 0 0

[FilterData]

[Individual]
IDNUM MBMark BMark BREC BRMode Vac Mrec CCRec Opti IH HAcc ConveySpeed BlockRcgTrans PCBHeightMeasure HeightCorrectMode BothSideMount ProgDistRecog RecChkMount OptMode In1BlkPrtEmpMntPosCancel In1BlkPreventPrtEmp In1BlkStopPredictPrtEmp RefInterfereOpt BadMarkDeliverType PCBHightDeliverType BlkMarkDeliverType
1 NO NO YES 1 YES NO NO YES 0.010 NO 0 0 NO 1 NO NO NO 0 NO NO NO NO 3 3 3

[FdrTblMode]
IDNUM NowStation FdrTblMode Pass PassLane
1 2 JOINT NO NO
2 2 JOINT YES NO
3 2 JOINT NO NO
4 2 JOINT NO NO

[MultiPriority]

[RelativePriority]

[MultiPriorityBlock]

[RelativePriorityBlock]

[VStockData]

[VNozzleStock]

[VPaletteData]

[PCBConveyance]
IDNUM Stage ConveySpeed1 ConveySpeed2
1 1 0 0
2 2 0 0

[ExpectedTactTimes]
IDNUM MCNAME Stage Time PROGDIST
1 "CM602-1" 1 48.800 0
2 "CM602-1" 2 52.670 0

[NozzleLIBNCM]
IDNUM MCNAME MCNo Nozzle NozzleType Diameter Tuph Maxh X Y NozzleName CO LO CorrectHeat VU VD TT MT VA1 VA2 COMMENT Maxs WriteUserName WriteDate
1 "CM602-1" 1 230 1 1.100 13.800 13.800 1.000 0.900 "1005-1608" 1 1 1 5 -2 5 0 -5 -90 "1005-1608" 144 "create" "16:52:02, 2013/01/02"
2 "CM602-1" 1 110 1 0.600 13.800 13.800 0.600 0.600 "1005MM" 1 1 1 5 -2 5 0 -3 -90 "1005" 144 "create" "16:52:02, 2013/01/02"

[FeederGroup]
[RecognitionMark]
IDNUM KIND ATT REF LAMPA LAMPB TYPE SIZEA SIZEB SIZEC SIZED SIZEE SIZEF SIZEG SIZEH DARK TH AREA JUDGE RECSTARTX RECSTARTY RECENDX RECENDY
1 0 0 0 0 0 1 0.000 0.000 0.000 0.000 0.000 0.000 0.000 0.000 1 0 2.500 50 0.000 0.000 0.000 0.000
2 0 0 0 0 0 1 1.000 0.000 0.000 0.000 0.000 0.000 0.000 0.000 1 0 2.500 50 0.000 0.000 0.000 0.000
3 1 0 125 1 1 2 0.600 0.600 0.000 0.000 0.000 0.000 0.000 0.000 1 1 0.000 0 0.000 0.000 0.000 0.000
4 2 0 125 1 1 2 0.600 0.600 0.000 0.000 0.000 0.000 0.000 0.000 1 1 0.000 0 0.000 0.000 0.000 0.000
[PartsLIB]
IDNUM PartsName PartsID PartsComment ManufactDate Manufacturer ReliableFLG UpdateDate UpdatePerson UpdateLine UpdateGroup UpdatetLot Maker1 PartCode1 BarCode1 Maker2 PartCode2 BarCode2 Maker3 PartCode3 BarCode3 Relief1 Relief1ExtensionNum Relief2 Relief2ExtensionNum Relief3 Relief3ExtensionNum Relief4 Relief4ExtensionNum Relief5 Relief5ExtensionNum Relief6 Relief6ExtensionNum Relief7 Relief7ExtensionNum Relief8 Relief8ExtensionNum Relief9 Relief9ExtensionNum Relief10 Relief10ExtensionNum PartsReelNum Pack Retry Package ReelWidth TapeFeederKind ReelSize SendPitch TapeFeederSendCount ChipName ChipComment ChipKind View FileName L W T REF NR ChipExtKind POLARIZE SSIZE SHEIGHT
1 "EBK64992801" 1 "" "2021/02/02,23:53:38" "" 0 "" "" "" "" "" "" "" "" "" "" "" "" "" "" "" 0 "" 0 "" 0 "" 0 "" 0 "" 0 "" 0 "" 0 "" 0 "" 0 1 180 3 0 8 2 2 4 1 "MINI TR 3PIN" "" 14 0 "" 1.70 1.10 0.55 61 3000 0 0 0 0
2 "0CC103BK5BA" 2 "" "2026/04/14,16:20:51" "" 0 "" "" "" "" "" "" "" "" "" "" "" "" "" "" "" 0 "" 0 "" 0 "" 0 "" 0 "" 0 "" 0 "" 0 "" 0 "" 0 1 90 3 0 8 1 2 2 1 "C1005_T0.5" "" 2 0 "" 1.00 0.50 0.50 55 10000 0 0 0 0
3 "0CC151BK41A" 3 "" "2026/07/01,13:54:42" "" 0 "" "" "" "" "" "" "" "" "" "" "" "" "" "" "" 0 "" 0 "" 0 "" 0 "" 0 "" 0 "" 0 "" 0 "" 0 "" 0 1 90 3 0 8 1 2 2 1 "C1005_T0.5" "" 2 0 "" 1.00 0.50 0.50 55 10000 0 0 0 0
4 "0CC180BKFAA" 4 "" "2026/04/14,16:32:24" "" 0 "" "" "" "" "" "" "" "" "" "" "" "" "" "" "" 0 "" 0 "" 0 "" 0 "" 0 "" 0 "" 0 "" 0 "" 0 "" 0 1 90 3 0 8 1 2 2 1 "C1005_T0.5" "" 2 0 "" 1.00 0.50 0.50 55 10000 0 0 0 0
5 "0CC271BK4AA" 5 "" "2018/09/03,12:26:52" "" 0 "" "" "" "" "" "" "" "" "" "" "" "" "" "" "" 0 "" 0 "" 0 "" 0 "" 0 "" 0 "" 0 "" 0 "" 0 "" 0 1 90 3 0 8 1 2 2 1 "C1005_T0.5" "" 2 0 "" 1.00 0.50 0.50 55 10000 0 0 0 0
6 "0CC560BK41A" 6 "" "2018/09/03,12:27:04" "" 0 "" "" "" "" "" "" "" "" "" "" "" "" "" "" "" 0 "" 0 "" 0 "" 0 "" 0 "" 0 "" 0 "" 0 "" 0 "" 0 1 90 3 0 8 1 2 2 1 "C1005_T0.5" "" 2 0 "" 1.00 0.50 0.50 55 10000 0 0 0 0
7 "0CH5220K618" 7 "" "2020/12/06,14:27:13" "" 0 "" "" "" "" "" "" "" "" "" "" "" "" "" "" "" 0 "" 0 "" 0 "" 0 "" 0 "" 0 "" 0 "" 0 "" 0 "" 0 1 90 3 0 8 1 2 2 1 "C1005_T0.5" "" 2 0 "" 1.00 0.50 0.50 55 10000 0 0 0 0
8 "0CH5470K618" 8 "" "2026/04/14,16:11:06" "" 0 "" "" "" "" "" "" "" "" "" "" "" "" "" "" "" 0 "" 0 "" 0 "" 0 "" 0 "" 0 "" 0 "" 0 "" 0 "" 0 1 90 3 0 8 1 2 2 1 "C1005_T0.5" "" 2 0 "" 1.00 0.50 0.50 55 10000 0 0 0 0
9 "0CK101BK4EA" 9 "" "2026/04/14,16:32:24" "" 0 "" "" "" "" "" "" "" "" "" "" "" "" "" "" "" 0 "" 0 "" 0 "" 0 "" 0 "" 0 "" 0 "" 0 "" 0 "" 0 1 90 3 0 8 1 2 2 1 "C1005_T0.5" "" 2 0 "" 1.00 0.50 0.50 55 10000 0 0 0 0
10 "0CK102BK56A" 10 "" "2026/04/14,16:32:24" "" 0 "" "" "" "" "" "" "" "" "" "" "" "" "" "" "" 0 "" 0 "" 0 "" 0 "" 0 "" 0 "" 0 "" 0 "" 0 "" 0 1 90 3 0 8 1 2 2 1 "C1005_T0.5" "" 2 0 "" 1.00 0.50 0.50 55 10000 0 0 0 0
11 "0CK104BF56A" 11 "" "2026/04/14,16:32:24" "" 0 "" "" "" "" "" "" "" "" "" "" "" "" "" "" "" 0 "" 0 "" 0 "" 0 "" 0 "" 0 "" 0 "" 0 "" 0 "" 0 1 90 3 0 8 1 2 2 1 "C1005_T0.5" "" 2 0 "" 1.00 0.50 0.50 55 10000 0 0 0 0
12 "0CK104BH56A" 12 "" "2026/07/01,11:14:55" "" 0 "" "" "" "" "" "" "" "" "" "" "" "" "" "" "" 0 "" 0 "" 0 "" 0 "" 0 "" 0 "" 0 "" 0 "" 0 "" 0 1 90 3 0 8 1 2 2 1 "C1005_T0.5" "" 2 0 "" 1.00 0.50 0.50 55 10000 0 0 0 0
13 "0CK471BK56A" 13 "" "2018/09/03,12:27:03" "" 0 "" "" "" "" "" "" "" "" "" "" "" "" "" "" "" 0 "" 0 "" 0 "" 0 "" 0 "" 0 "" 0 "" 0 "" 0 "" 0 1 90 3 0 8 1 2 2 1 "C1005_T0.5" "" 2 0 "" 1.00 0.50 0.50 55 10000 0 0 0 0
14 "0CZZB00024A" 14 "" "2026/04/14,16:32:24" "" 0 "" "" "" "" "" "" "" "" "" "" "" "" "" "" "" 0 "" 0 "" 0 "" 0 "" 0 "" 0 "" 0 "" 0 "" 0 "" 0 1 90 3 0 8 1 2 2 1 "C1005_T0.5" "" 2 0 "" 1.00 0.50 0.50 55 10000 0 0 0 0
15 "0CZZB00035A" 15 "" "2024/02/05,14:58:38" "" 0 "" "" "" "" "" "" "" "" "" "" "" "" "" "" "" 0 "" 0 "" 0 "" 0 "" 0 "" 0 "" 0 "" 0 "" 0 "" 0 1 90 3 0 8 1 2 2 1 "C1005_T0.5" "" 2 0 "" 1.00 0.50 0.50 55 10000 0 0 0 0
16 "0CZZB00055B" 16 "" "2022/09/21,16:10:46" "" 0 "" "" "" "" "" "" "" "" "" "" "" "" "" "" "" 0 "" 0 "" 0 "" 0 "" 0 "" 0 "" 0 "" 0 "" 0 "" 0 1 90 3 0 8 1 2 2 1 "C1005_T0.5" "" 2 0 "" 1.00 0.50 0.50 55 10000 0 0 0 0
17 "0RJ0000C678" 17 "" "2026/07/01,11:14:55" "" 0 "" "" "" "" "" "" "" "" "" "" "" "" "" "" "" 0 "" 0 "" 0 "" 0 "" 0 "" 0 "" 0 "" 0 "" 0 "" 0 1 90 3 0 8 1 2 2 1 "R1005_T0.35" "" 1 0 "" 1.00 0.50 0.30 55 10000 0 0 0 0
18 "0RJ0102C678" 18 "" "2026/06/23,22:48:19" "" 0 "" "" "" "" "" "" "" "" "" "" "" "" "" "" "" 0 "" 0 "" 0 "" 0 "" 0 "" 0 "" 0 "" 0 "" 0 "" 0 1 90 3 0 8 1 2 2 1 "R1005_T0.35" "" 1 0 "" 1.00 0.50 0.30 55 10000 0 0 0 0
19 "0RJ0221C678" 19 "" "2026/04/14,16:14:01" "" 0 "" "" "" "" "" "" "" "" "" "" "" "" "" "" "" 0 "" 0 "" 0 "" 0 "" 0 "" 0 "" 0 "" 0 "" 0 "" 0 1 90 3 0 8 1 2 2 1 "R1005_T0.35" "" 1 0 "" 1.00 0.50 0.30 55 10000 0 0 0 0
20 "0RJ0332C678" 20 "" "2026/02/14,12:41:59" "" 0 "" "" "" "" "" "" "" "" "" "" "" "" "" "" "" 0 "" 0 "" 0 "" 0 "" 0 "" 0 "" 0 "" 0 "" 0 "" 0 1 90 3 0 8 1 2 2 1 "R1005_T0.35" "" 1 0 "" 1.00 0.50 0.30 55 10000 0 0 0 0
21 "0RJ0512C678" 21 "" "2026/04/15,11:57:17" "" 0 "" "" "" "" "" "" "" "" "" "" "" "" "" "" "" 0 "" 0 "" 0 "" 0 "" 0 "" 0 "" 0 "" 0 "" 0 "" 0 1 90 3 0 8 1 2 2 1 "R1005_T0.35" "" 1 0 "" 1.00 0.50 0.30 55 10000 0 0 0 0
22 "0RJ0682C678" 22 "" "2026/04/23,02:21:24" "" 0 "" "" "" "" "" "" "" "" "" "" "" "" "" "" "" 0 "" 0 "" 0 "" 0 "" 0 "" 0 "" 0 "" 0 "" 0 "" 0 1 90 3 0 8 1 2 2 1 "R1005_T0.35" "" 1 0 "" 1.00 0.50 0.30 55 10000 0 0 0 0
23 "0RJ1000C678" 23 "" "2026/04/15,11:45:56" "" 0 "" "" "" "" "" "" "" "" "" "" "" "" "" "" "" 0 "" 0 "" 0 "" 0 "" 0 "" 0 "" 0 "" 0 "" 0 "" 0 1 90 3 0 8 1 2 2 1 "R1005_T0.35" "" 1 0 "" 1.00 0.50 0.30 55 10000 0 0 0 0
24 "0RJ1001C678" 24 "" "2026/05/09,22:00:56" "" 0 "" "" "" "" "" "" "" "" "" "" "" "" "" "" "" 0 "" 0 "" 0 "" 0 "" 0 "" 0 "" 0 "" 0 "" 0 "" 0 1 90 3 0 8 1 2 2 1 "R1005_T0.35" "" 1 0 "" 1.00 0.50 0.30 55 10000 0 0 0 0
25 "0RJ1001E478" 25 "" "2026/04/16,10:17:51" "" 0 "" "" "" "" "" "" "" "" "" "" "" "" "" "" "" 0 "" 0 "" 0 "" 0 "" 0 "" 0 "" 0 "" 0 "" 0 "" 0 1 90 3 0 8 1 2 2 1 "R1005_T0.35" "" 1 0 "" 1.00 0.50 0.30 55 10000 0 0 0 0
26 "0RJ1002C478" 26 "" "2026/04/14,16:14:01" "" 0 "" "" "" "" "" "" "" "" "" "" "" "" "" "" "" 0 "" 0 "" 0 "" 0 "" 0 "" 0 "" 0 "" 0 "" 0 "" 0 1 90 3 0 8 1 2 2 1 "R1005_T0.35" "" 1 0 "" 1.00 0.50 0.30 55 10000 0 0 0 0
27 "0RJ1002C678" 27 "" "2026/04/16,19:23:12" "" 0 "" "" "" "" "" "" "" "" "" "" "" "" "" "" "" 0 "" 0 "" 0 "" 0 "" 0 "" 0 "" 0 "" 0 "" 0 "" 0 1 90 3 0 8 1 2 2 1 "R1005_T0.35" "" 1 0 "" 1.00 0.50 0.30 55 10000 0 0 0 0
28 "0RJ1003C678" 28 "" "2026/04/16,10:43:35" "" 0 "" "" "" "" "" "" "" "" "" "" "" "" "" "" "" 0 "" 0 "" 0 "" 0 "" 0 "" 0 "" 0 "" 0 "" 0 "" 0 1 90 3 0 8 1 2 2 1 "R1005_T0.35" "" 1 0 "" 1.00 0.50 0.30 55 10000 0 0 0 0
29 "0RJ1102C478" 29 "" "2026/04/14,16:32:24" "" 0 "" "" "" "" "" "" "" "" "" "" "" "" "" "" "" 0 "" 0 "" 0 "" 0 "" 0 "" 0 "" 0 "" 0 "" 0 "" 0 1 90 3 0 8 1 2 2 1 "R1005_T0.35" "" 1 0 "" 1.00 0.50 0.30 55 10000 0 0 0 0
30 "0RJ1201C678" 30 "" "2026/04/16,10:46:06" "" 0 "" "" "" "" "" "" "" "" "" "" "" "" "" "" "" 0 "" 0 "" 0 "" 0 "" 0 "" 0 "" 0 "" 0 "" 0 "" 0 1 90 3 0 8 1 2 2 1 "R1005_T0.35" "" 1 0 "" 1.00 0.50 0.30 55 10000 0 0 0 0
31 "0RJ1203C478" 31 "" "2026/04/14,16:19:17" "" 0 "" "" "" "" "" "" "" "" "" "" "" "" "" "" "" 0 "" 0 "" 0 "" 0 "" 0 "" 0 "" 0 "" 0 "" 0 "" 0 1 90 3 0 8 1 2 2 1 "R1005_T0.35" "" 1 0 "" 1.00 0.50 0.30 55 10000 0 0 0 0
32 "0RJ1402C478" 32 "" "2026/04/25,01:30:10" "" 0 "" "" "" "" "" "" "" "" "" "" "" "" "" "" "" 0 "" 0 "" 0 "" 0 "" 0 "" 0 "" 0 "" 0 "" 0 "" 0 1 90 3 0 8 1 2 2 1 "R1005_T0.35" "" 1 0 "" 1.00 0.50 0.30 55 10000 0 0 0 0
33 "0RJ1502C478" 33 "" "2026/04/23,02:30:22" "" 0 "" "" "" "" "" "" "" "" "" "" "" "" "" "" "" 0 "" 0 "" 0 "" 0 "" 0 "" 0 "" 0 "" 0 "" 0 "" 0 1 90 3 0 8 1 2 2 1 "R1005_T0.35" "" 1 0 "" 1.00 0.50 0.30 55 10000 0 0 0 0
34 "0RJ1503C478" 34 "" "2026/02/14,12:42:53" "" 0 "" "" "" "" "" "" "" "" "" "" "" "" "" "" "" 0 "" 0 "" 0 "" 0 "" 0 "" 0 "" 0 "" 0 "" 0 "" 0 1 90 3 0 8 1 2 2 1 "R1005_T0.35" "" 1 0 "" 1.00 0.50 0.30 55 10000 0 0 0 0
35 "0RJ1801C678" 35 "" "2026/04/16,10:43:35" "" 0 "" "" "" "" "" "" "" "" "" "" "" "" "" "" "" 0 "" 0 "" 0 "" 0 "" 0 "" 0 "" 0 "" 0 "" 0 "" 0 1 90 3 0 8 1 2 2 1 "R1005_T0.35" "" 1 0 "" 1.00 0.50 0.30 55 10000 0 0 0 0
36 "0RJ1802C478" 36 "" "2026/04/14,16:32:24" "" 0 "" "" "" "" "" "" "" "" "" "" "" "" "" "" "" 0 "" 0 "" 0 "" 0 "" 0 "" 0 "" 0 "" 0 "" 0 "" 0 1 90 3 0 8 1 2 2 1 "R1005_T0.35" "" 1 0 "" 1.00 0.50 0.30 55 10000 0 0 0 0
37 "0RJ2000C678" 37 "" "2026/06/21,13:26:49" "" 0 "" "" "" "" "" "" "" "" "" "" "" "" "" "" "" 0 "" 0 "" 0 "" 0 "" 0 "" 0 "" 0 "" 0 "" 0 "" 0 1 90 3 0 8 1 2 2 1 "R1005_T0.35" "" 1 0 "" 1.00 0.50 0.30 55 10000 0 0 0 0
38 "0RJ2001C678" 38 "" "2026/04/22,11:39:16" "" 0 "" "" "" "" "" "" "" "" "" "" "" "" "" "" "" 0 "" 0 "" 0 "" 0 "" 0 "" 0 "" 0 "" 0 "" 0 "" 0 1 90 3 0 8 1 2 2 1 "R1005_T0.35" "" 1 0 "" 1.00 0.50 0.30 55 10000 0 0 0 0
39 "0RJ2002C478" 39 "" "2026/04/16,19:55:15" "" 0 "" "" "" "" "" "" "" "" "" "" "" "" "" "" "" 0 "" 0 "" 0 "" 0 "" 0 "" 0 "" 0 "" 0 "" 0 "" 0 1 90 3 0 8 1 2 2 1 "R1005_T0.35" "" 1 0 "" 1.00 0.50 0.30 55 10000 0 0 0 0
40 "0RJ2201C678" 40 "" "2026/06/21,10:44:35" "" 0 "" "" "" "" "" "" "" "" "" "" "" "" "" "" "" 0 "" 0 "" 0 "" 0 "" 0 "" 0 "" 0 "" 0 "" 0 "" 0 1 90 3 0 8 1 2 2 1 "R1005_T0.35" "" 1 0 "" 1.00 0.50 0.30 55 10000 0 0 0 0
41 "0RJ2202C678" 41 "" "2026/04/22,11:50:41" "" 0 "" "" "" "" "" "" "" "" "" "" "" "" "" "" "" 0 "" 0 "" 0 "" 0 "" 0 "" 0 "" 0 "" 0 "" 0 "" 0 1 90 3 0 8 1 2 2 1 "R1005_T0.35" "" 1 0 "" 1.00 0.50 0.30 55 10000 0 0 0 0
42 "0RJ2400C478" 42 "" "2026/04/14,17:55:29" "" 0 "" "" "" "" "" "" "" "" "" "" "" "" "" "" "" 0 "" 0 "" 0 "" 0 "" 0 "" 0 "" 0 "" 0 "" 0 "" 0 1 90 3 0 8 1 2 2 1 "R1005_T0.35" "" 1 0 "" 1.00 0.50 0.30 55 10000 0 0 0 0
43 "0RJ2402C478" 43 "" "2026/04/14,16:32:24" "" 0 "" "" "" "" "" "" "" "" "" "" "" "" "" "" "" 0 "" 0 "" 0 "" 0 "" 0 "" 0 "" 0 "" 0 "" 0 "" 0 1 90 3 0 8 1 2 2 1 "R1005_T0.35" "" 1 0 "" 1.00 0.50 0.30 55 10000 0 0 0 0
44 "0RJ2701C678" 44 "" "2026/02/14,12:42:13" "" 0 "" "" "" "" "" "" "" "" "" "" "" "" "" "" "" 0 "" 0 "" 0 "" 0 "" 0 "" 0 "" 0 "" 0 "" 0 "" 0 1 90 3 0 8 1 2 2 1 "R1005_T0.35" "" 1 0 "" 1.00 0.50 0.30 55 10000 0 0 0 0
45 "0RJ2702C478" 45 "" "2026/06/23,22:53:37" "" 0 "" "" "" "" "" "" "" "" "" "" "" "" "" "" "" 0 "" 0 "" 0 "" 0 "" 0 "" 0 "" 0 "" 0 "" 0 "" 0 1 90 3 0 8 1 2 2 1 "R1005_T0.35" "" 1 0 "" 1.00 0.50 0.30 55 10000 0 0 0 0
46 "0RJ3003C478" 46 "" "2026/04/23,02:26:18" "" 0 "" "" "" "" "" "" "" "" "" "" "" "" "" "" "" 0 "" 0 "" 0 "" 0 "" 0 "" 0 "" 0 "" 0 "" 0 "" 0 1 90 3 0 8 1 2 2 1 "R1005_T0.35" "" 1 0 "" 1.00 0.50 0.30 55 10000 0 0 0 0
47 "0RJ3301C478" 47 "" "2026/02/14,12:43:02" "" 0 "" "" "" "" "" "" "" "" "" "" "" "" "" "" "" 0 "" 0 "" 0 "" 0 "" 0 "" 0 "" 0 "" 0 "" 0 "" 0 1 90 3 0 8 1 2 2 1 "R1005_T0.35" "" 1 0 "" 1.00 0.50 0.30 55 10000 0 0 0 0
48 "0RJ3301C678" 48 "" "2026/04/15,12:04:37" "" 0 "" "" "" "" "" "" "" "" "" "" "" "" "" "" "" 0 "" 0 "" 0 "" 0 "" 0 "" 0 "" 0 "" 0 "" 0 "" 0 1 90 3 0 8 1 2 2 1 "R1005_T0.35" "" 1 0 "" 1.00 0.50 0.30 55 10000 0 0 0 0
49 "0RJ3601C478" 49 "" "2026/06/23,22:50:32" "" 0 "" "" "" "" "" "" "" "" "" "" "" "" "" "" "" 0 "" 0 "" 0 "" 0 "" 0 "" 0 "" 0 "" 0 "" 0 "" 0 1 90 3 0 8 1 2 2 1 "R1005_T0.35" "" 1 0 "" 1.00 0.50 0.30 55 10000 0 0 0 0
50 "0RJ3602C478" 50 "" "2026/04/14,16:32:24" "" 0 "" "" "" "" "" "" "" "" "" "" "" "" "" "" "" 0 "" 0 "" 0 "" 0 "" 0 "" 0 "" 0 "" 0 "" 0 "" 0 1 90 3 0 8 1 2 2 1 "R1005_T0.35" "" 1 0 "" 1.00 0.50 0.30 55 10000 0 0 0 0
51 "0RJ3901C478" 51 "" "2026/05/09,21:03:36" "" 0 "" "" "" "" "" "" "" "" "" "" "" "" "" "" "" 0 "" 0 "" 0 "" 0 "" 0 "" 0 "" 0 "" 0 "" 0 "" 0 1 90 3 0 8 1 2 2 1 "R1005_T0.35" "" 1 0 "" 1.00 0.50 0.30 55 10000 0 0 0 0
52 "0RJ3902C478" 52 "" "2026/04/15,12:02:42" "" 0 "" "" "" "" "" "" "" "" "" "" "" "" "" "" "" 0 "" 0 "" 0 "" 0 "" 0 "" 0 "" 0 "" 0 "" 0 "" 0 1 90 3 0 8 1 2 2 1 "R1005_T0.35" "" 1 0 "" 1.00 0.50 0.30 55 10000 0 0 0 0
53 "0RJ4302C478" 53 "" "2026/04/14,16:23:16" "" 0 "" "" "" "" "" "" "" "" "" "" "" "" "" "" "" 0 "" 0 "" 0 "" 0 "" 0 "" 0 "" 0 "" 0 "" 0 "" 0 1 90 3 0 8 1 2 2 1 "R1005_T0.35" "" 1 0 "" 1.00 0.50 0.30 55 10000 0 0 0 0
54 "0RJ4700C678" 54 "" "2026/06/21,10:42:49" "" 0 "" "" "" "" "" "" "" "" "" "" "" "" "" "" "" 0 "" 0 "" 0 "" 0 "" 0 "" 0 "" 0 "" 0 "" 0 "" 0 1 90 3 0 8 1 2 2 1 "R1005_T0.35" "" 1 0 "" 1.00 0.50 0.30 55 10000 0 0 0 0
55 "0RJ4701C678" 55 "" "2026/04/16,10:34:04" "" 0 "" "" "" "" "" "" "" "" "" "" "" "" "" "" "" 0 "" 0 "" 0 "" 0 "" 0 "" 0 "" 0 "" 0 "" 0 "" 0 1 90 3 0 8 1 2 2 1 "R1005_T0.35" "" 1 0 "" 1.00 0.50 0.30 55 10000 0 0 0 0
56 "0RJ4702C678" 56 "" "2026/04/16,10:34:04" "" 0 "" "" "" "" "" "" "" "" "" "" "" "" "" "" "" 0 "" 0 "" 0 "" 0 "" 0 "" 0 "" 0 "" 0 "" 0 "" 0 1 90 3 0 8 1 2 2 1 "R1005_T0.35" "" 1 0 "" 1.00 0.50 0.30 55 10000 0 0 0 0
57 "0RJ5101C678" 57 "" "2026/04/16,10:34:04" "" 0 "" "" "" "" "" "" "" "" "" "" "" "" "" "" "" 0 "" 0 "" 0 "" 0 "" 0 "" 0 "" 0 "" 0 "" 0 "" 0 1 90 3 0 8 1 2 2 1 "R1005_T0.35" "" 1 0 "" 1.00 0.50 0.30 55 10000 0 0 0 0
58 "0RJ5102C478" 58 "" "2026/04/22,11:35:14" "" 0 "" "" "" "" "" "" "" "" "" "" "" "" "" "" "" 0 "" 0 "" 0 "" 0 "" 0 "" 0 "" 0 "" 0 "" 0 "" 0 1 90 3 0 8 1 2 2 1 "R1005_T0.35" "" 1 0 "" 1.00 0.50 0.30 55 10000 0 0 0 0
59 "0RJ5102C678" 59 "" "2026/02/14,12:42:20" "" 0 "" "" "" "" "" "" "" "" "" "" "" "" "" "" "" 0 "" 0 "" 0 "" 0 "" 0 "" 0 "" 0 "" 0 "" 0 "" 0 1 90 3 0 8 1 2 2 1 "R1005_T0.35" "" 1 0 "" 1.00 0.50 0.30 55 10000 0 0 0 0
60 "0RJ5601C478" 60 "" "2026/02/14,12:43:09" "" 0 "" "" "" "" "" "" "" "" "" "" "" "" "" "" "" 0 "" 0 "" 0 "" 0 "" 0 "" 0 "" 0 "" 0 "" 0 "" 0 1 90 3 0 8 1 2 2 1 "R1005_T0.35" "" 1 0 "" 1.00 0.50 0.30 55 10000 0 0 0 0
61 "0RJ6801C678" 61 "" "2026/04/16,10:37:09" "" 0 "" "" "" "" "" "" "" "" "" "" "" "" "" "" "" 0 "" 0 "" 0 "" 0 "" 0 "" 0 "" 0 "" 0 "" 0 "" 0 1 90 3 0 8 1 2 2 1 "R1005_T0.35" "" 1 0 "" 1.00 0.50 0.30 55 10000 0 0 0 0
62 "0RJ7502C478" 62 "" "2026/06/21,10:53:31" "" 0 "" "" "" "" "" "" "" "" "" "" "" "" "" "" "" 0 "" 0 "" 0 "" 0 "" 0 "" 0 "" 0 "" 0 "" 0 "" 0 1 90 3 0 8 1 2 2 1 "R1005_T0.35" "" 1 0 "" 1.00 0.50 0.30 55 10000 0 0 0 0
63 "0RJ8201C478" 63 "" "2026/07/02,16:23:35" "" 0 "" "" "" "" "" "" "" "" "" "" "" "" "" "" "" 0 "" 0 "" 0 "" 0 "" 0 "" 0 "" 0 "" 0 "" 0 "" 0 1 90 3 0 8 1 2 2 1 "R1005_T0.35" "" 1 0 "" 1.00 0.50 0.30 55 10000 0 0 0 0
64 "0RZZH033273" 64 "" "2021/11/28,20:27:52" "" 0 "" "" "" "" "" "" "" "" "" "" "" "" "" "" "" 0 "" 0 "" 0 "" 0 "" 0 "" 0 "" 0 "" 0 "" 0 "" 0 1 90 3 0 8 1 2 2 1 "ARRAY2010_T0.4" "" 21 0 "" 2.00 1.00 0.45 81 3000 0 0 0 0
65 "EAE30281901" 65 "" "2023/06/23,19:08:25" "" 0 "" "" "" "" "" "" "" "" "" "" "" "" "" "" "" 0 "" 0 "" 0 "" 0 "" 0 "" 0 "" 0 "" 0 "" 0 "" 0 1 90 3 0 8 1 2 2 1 "C1005_T0.5" "" 2 0 "" 1.00 0.50 0.50 55 10000 0 0 0 0
66 "EAE32166101" 66 "" "2026/04/14,16:32:24" "" 0 "" "" "" "" "" "" "" "" "" "" "" "" "" "" "" 0 "" 0 "" 0 "" 0 "" 0 "" 0 "" 0 "" 0 "" 0 "" 0 1 90 3 0 8 1 2 2 1 "C1005_T0.5" "" 2 0 "" 1.00 0.50 0.50 55 10000 0 0 0 0
67 "EBC30996801" 67 "" "2026/06/21,10:55:42" "" 0 "" "" "" "" "" "" "" "" "" "" "" "" "" "" "" 0 "" 0 "" 0 "" 0 "" 0 "" 0 "" 0 "" 0 "" 0 "" 0 1 90 3 0 8 1 2 2 1 "R1005_T0.35" "" 1 0 "" 1.00 0.50 0.30 55 10000 0 0 0 0
68 "EBC32176201" 68 "" "2026/04/15,11:59:09" "" 0 "" "" "" "" "" "" "" "" "" "" "" "" "" "" "" 0 "" 0 "" 0 "" 0 "" 0 "" 0 "" 0 "" 0 "" 0 "" 0 1 90 3 0 8 1 2 2 1 "R1005_T0.35" "" 1 0 "" 1.00 0.50 0.30 55 10000 0 0 0 0
69 "EBC32260601" 69 "" "2026/04/22,11:50:41" "" 0 "" "" "" "" "" "" "" "" "" "" "" "" "" "" "" 0 "" 0 "" 0 "" 0 "" 0 "" 0 "" 0 "" 0 "" 0 "" 0 1 90 3 0 8 1 2 2 1 "ARRAY2010_T0.4" "" 21 0 "" 2.00 1.00 0.45 81 3000 0 0 0 0
70 "EBC35293401" 70 "" "2026/04/16,19:55:15" "" 0 "" "" "" "" "" "" "" "" "" "" "" "" "" "" "" 0 "" 0 "" 0 "" 0 "" 0 "" 0 "" 0 "" 0 "" 0 "" 0 1 90 3 0 8 1 2 2 1 "R1005_T0.35" "" 1 0 "" 1.00 0.50 0.30 55 10000 0 0 0 0
71 "EBC41607701" 71 "" "2026/04/16,19:50:50" "" 0 "" "" "" "" "" "" "" "" "" "" "" "" "" "" "" 0 "" 0 "" 0 "" 0 "" 0 "" 0 "" 0 "" 0 "" 0 "" 0 1 90 3 0 8 1 2 2 1 "R1005_T0.35" "" 1 0 "" 1.00 0.50 0.30 55 10000 0 0 0 0
72 "EBC62582701" 72 "" "2026/04/14,16:32:24" "" 0 "" "" "" "" "" "" "" "" "" "" "" "" "" "" "" 0 "" 0 "" 0 "" 0 "" 0 "" 0 "" 0 "" 0 "" 0 "" 0 1 90 3 0 8 1 2 2 1 "ARRAY1010_T0.35" "" 21 0 "" 1.01 1.00 0.30 51 3000 0 0 0 0
73 "EBC62582702" 73 "" "2026/04/14,16:32:24" "" 0 "" "" "" "" "" "" "" "" "" "" "" "" "" "" "" 0 "" 0 "" 0 "" 0 "" 0 "" 0 "" 0 "" 0 "" 0 "" 0 1 90 3 0 8 1 2 2 1 "ARRAY1010_T0.35" "" 21 0 "" 1.01 1.00 0.30 51 3000 0 0 0 0
74 "EBC62582703" 74 "" "2026/04/14,16:32:24" "" 0 "" "" "" "" "" "" "" "" "" "" "" "" "" "" "" 0 "" 0 "" 0 "" 0 "" 0 "" 0 "" 0 "" 0 "" 0 "" 0 1 90 3 0 8 1 2 2 1 "ARRAY1010_T0.35" "" 21 0 "" 1.01 1.00 0.30 51 3000 0 0 0 0
75 "EBC62582706" 75 "" "2021/07/22,21:08:40" "" 0 "" "" "" "" "" "" "" "" "" "" "" "" "" "" "" 0 "" 0 "" 0 "" 0 "" 0 "" 0 "" 0 "" 0 "" 0 "" 0 1 90 3 0 8 1 2 2 1 "ARRAY1010_T0.35" "" 21 0 "" 1.01 1.00 0.30 51 3000 0 0 0 0
76 "EBC62582709" 76 "" "2021/07/22,21:08:45" "" 0 "" "" "" "" "" "" "" "" "" "" "" "" "" "" "" 0 "" 0 "" 0 "" 0 "" 0 "" 0 "" 0 "" 0 "" 0 "" 0 1 90 3 0 8 1 2 2 1 "ARRAY1010_T0.35" "" 21 0 "" 1.01 1.00 0.30 51 3000 0 0 0 0
77 "0CC223BK5BA" 77 "" "2019/07/23,18:39:35" "" 0 "" "" "" "" "" "" "" "" "" "" "" "" "" "" "" 0 "" 0 "" 0 "" 0 "" 0 "" 0 "" 0 "" 0 "" 0 "" 0 1 90 3 0 8 1 2 2 1 "C1005_T0.5" "" 2 0 "" 1.00 0.50 0.50 55 10000 0 0 0 0
78 "0CH1224K512" 78 "" "2026/04/14,16:32:24" "" 0 "" "" "" "" "" "" "" "" "" "" "" "" "" "" "" 0 "" 0 "" 0 "" 0 "" 0 "" 0 "" 0 "" 0 "" 0 "" 0 1 90 3 0 8 1 2 4 1 "C1608_T0.8" "" 2 0 "" 1.60 0.80 0.80 51 4000 0 0 0 0
79 "0CK104CK56A" 79 "" "2026/04/22,14:47:24" "" 0 "" "" "" "" "" "" "" "" "" "" "" "" "" "" "" 0 "" 0 "" 0 "" 0 "" 0 "" 0 "" 0 "" 0 "" 0 "" 0 1 90 3 0 8 1 2 4 1 "C1608_T0.8" "" 2 0 "" 1.60 0.80 0.80 51 4000 0 0 0 0
80 "0CK105CD56A" 80 "" "2021/08/23,23:19:56" "" 0 "" "" "" "" "" "" "" "" "" "" "" "" "" "" "" 0 "" 0 "" 0 "" 0 "" 0 "" 0 "" 0 "" 0 "" 0 "" 0 1 90 3 0 8 1 2 4 1 "C1608_T0.8" "" 2 0 "" 1.60 0.80 0.80 51 4000 0 0 0 0
81 "0CK105CK56A" 81 "" "2026/04/14,16:32:24" "" 0 "" "" "" "" "" "" "" "" "" "" "" "" "" "" "" 0 "" 0 "" 0 "" 0 "" 0 "" 0 "" 0 "" 0 "" 0 "" 0 1 90 3 0 8 1 2 4 1 "C1608_T0.8" "" 2 0 "" 1.55 0.80 0.80 51 4000 0 0 0 0
82 "0RH1002C422" 82 "" "2021/06/30,01:14:45" "" 0 "" "" "" "" "" "" "" "" "" "" "" "" "" "" "" 0 "" 0 "" 0 "" 0 "" 0 "" 0 "" 0 "" 0 "" 0 "" 0 1 90 3 0 8 1 2 4 1 "R1608_T0.45" "" 1 0 "" 1.60 0.80 0.45 51 4000 0 0 0 0
83 "0RJ0000D677" 83 "" "2026/04/16,10:37:09" "" 0 "" "" "" "" "" "" "" "" "" "" "" "" "" "" "" 0 "" 0 "" 0 "" 0 "" 0 "" 0 "" 0 "" 0 "" 0 "" 0 1 90 3 0 8 1 2 4 1 "R1608_T0.45" "" 1 0 "" 1.60 0.80 0.45 51 4000 0 0 0 0
84 "0RJ2000D677" 84 "" "2026/04/15,13:30:00" "" 0 "" "" "" "" "" "" "" "" "" "" "" "" "" "" "" 0 "" 0 "" 0 "" 0 "" 0 "" 0 "" 0 "" 0 "" 0 "" 0 1 90 3 0 8 1 2 4 1 "R1608_T0.45" "" 1 0 "" 1.60 0.80 0.45 51 4000 0 0 0 0
85 "0RJ3301D677" 85 "" "2026/04/16,10:37:09" "" 0 "" "" "" "" "" "" "" "" "" "" "" "" "" "" "" 0 "" 0 "" 0 "" 0 "" 0 "" 0 "" 0 "" 0 "" 0 "" 0 1 90 3 0 8 1 2 4 1 "R1608_T0.45" "" 1 0 "" 1.60 0.80 0.45 51 4000 0 0 0 0
86 "EAE62082801" 86 "" "2026/04/14,16:32:24" "" 0 "" "" "" "" "" "" "" "" "" "" "" "" "" "" "" 0 "" 0 "" 0 "" 0 "" 0 "" 0 "" 0 "" 0 "" 0 "" 0 1 90 3 0 8 1 2 4 1 "C1608_T0.8" "" 2 0 "" 1.60 0.80 0.80 51 4000 0 0 0 0
87 "EAE62303301" 87 "" "2026/04/25,01:24:05" "" 0 "" "" "" "" "" "" "" "" "" "" "" "" "" "" "" 0 "" 0 "" 0 "" 0 "" 0 "" 0 "" 0 "" 0 "" 0 "" 0 1 90 3 0 8 1 2 4 1 "C1608_T0.8" "" 2 0 "" 1.60 0.80 0.80 51 4000 0 0 0 0
88 "EBC58702101" 88 "" "2026/04/16,10:43:35" "" 0 "" "" "" "" "" "" "" "" "" "" "" "" "" "" "" 0 "" 0 "" 0 "" 0 "" 0 "" 0 "" 0 "" 0 "" 0 "" 0 1 90 3 0 8 1 2 4 1 "R1608_T0.45" "" 1 0 "" 1.60 0.80 0.45 51 4000 0 0 0 0
[PartsData]
IDNUM NAME CHIP SKIP A PACK SSIZE SHEIGHT CHIPCON RETRY
1 "EBK64992801" 1 0 0.000 180 0 0 0 3
2 "0CC103BK5BA" 2 0 0.000 90 0 0 0 3
3 "0CC151BK41A" 3 0 0.000 90 0 0 0 3
4 "0CC180BKFAA" 4 0 0.000 90 0 0 0 3
5 "0CC271BK4AA" 5 0 0.000 90 0 0 0 3
6 "0CC560BK41A" 6 0 0.000 90 0 0 0 3
7 "0CH5220K618" 7 0 0.000 90 0 0 0 3
8 "0CH5470K618" 8 0 0.000 90 0 0 0 3
9 "0CK101BK4EA" 9 0 0.000 90 0 0 0 3
10 "0CK102BK56A" 10 0 0.000 90 0 0 0 3
11 "0CK104BF56A" 11 0 0.000 90 0 0 0 3
12 "0CK104BH56A" 12 0 0.000 90 0 0 0 3
13 "0CK471BK56A" 13 0 0.000 90 0 0 0 3
14 "0CZZB00024A" 14 0 0.000 90 0 0 0 3
15 "0CZZB00035A" 15 0 0.000 90 0 0 0 3
16 "0CZZB00055B" 16 0 0.000 90 0 0 0 3
17 "0RJ0000C678" 17 0 0.000 90 0 0 0 3
18 "0RJ0102C678" 18 0 0.000 90 0 0 0 3
19 "0RJ0221C678" 19 0 0.000 90 0 0 0 3
20 "0RJ0332C678" 20 0 0.000 90 0 0 0 3
21 "0RJ0512C678" 21 0 0.000 90 0 0 0 3
22 "0RJ0682C678" 22 0 0.000 90 0 0 0 3
23 "0RJ1000C678" 23 0 0.000 90 0 0 0 3
24 "0RJ1001C678" 24 0 0.000 90 0 0 0 3
25 "0RJ1001E478" 25 0 0.000 90 0 0 0 3
26 "0RJ1002C478" 26 0 0.000 90 0 0 0 3
27 "0RJ1002C678" 27 0 0.000 90 0 0 0 3
28 "0RJ1003C678" 28 0 0.000 90 0 0 0 3
29 "0RJ1102C478" 29 0 0.000 90 0 0 0 3
30 "0RJ1201C678" 30 0 0.000 90 0 0 0 3
31 "0RJ1203C478" 31 0 0.000 90 0 0 0 3
32 "0RJ1402C478" 32 0 0.000 90 0 0 0 3
33 "0RJ1502C478" 33 0 0.000 90 0 0 0 3
34 "0RJ1503C478" 34 0 0.000 90 0 0 0 3
35 "0RJ1801C678" 35 0 0.000 90 0 0 0 3
36 "0RJ1802C478" 36 0 0.000 90 0 0 0 3
37 "0RJ2000C678" 37 0 0.000 90 0 0 0 3
38 "0RJ2001C678" 38 0 0.000 90 0 0 0 3
39 "0RJ2002C478" 39 0 0.000 90 0 0 0 3
40 "0RJ2201C678" 40 0 0.000 90 0 0 0 3
41 "0RJ2202C678" 41 0 0.000 90 0 0 0 3
42 "0RJ2400C478" 42 0 0.000 90 0 0 0 3
43 "0RJ2402C478" 43 0 0.000 90 0 0 0 3
44 "0RJ2701C678" 44 0 0.000 90 0 0 0 3
45 "0RJ2702C478" 45 0 0.000 90 0 0 0 3
46 "0RJ3003C478" 46 0 0.000 90 0 0 0 3
47 "0RJ3301C478" 47 0 0.000 90 0 0 0 3
48 "0RJ3301C678" 48 0 0.000 90 0 0 0 3
49 "0RJ3601C478" 49 0 0.000 90 0 0 0 3
50 "0RJ3602C478" 50 0 0.000 90 0 0 0 3
51 "0RJ3901C478" 51 0 0.000 90 0 0 0 3
52 "0RJ3902C478" 52 0 0.000 90 0 0 0 3
53 "0RJ4302C478" 53 0 0.000 90 0 0 0 3
54 "0RJ4700C678" 54 0 0.000 90 0 0 0 3
55 "0RJ4701C678" 55 0 0.000 90 0 0 0 3
56 "0RJ4702C678" 56 0 0.000 90 0 0 0 3
57 "0RJ5101C678" 57 0 0.000 90 0 0 0 3
58 "0RJ5102C478" 58 0 0.000 90 0 0 0 3
59 "0RJ5102C678" 59 0 0.000 90 0 0 0 3
60 "0RJ5601C478" 60 0 0.000 90 0 0 0 3
61 "0RJ6801C678" 61 0 0.000 90 0 0 0 3
62 "0RJ7502C478" 62 0 0.000 90 0 0 0 3
63 "0RJ8201C478" 63 0 0.000 90 0 0 0 3
64 "0RZZH033273" 64 0 0.000 90 0 0 0 3
65 "EAE30281901" 65 0 0.000 90 0 0 0 3
66 "EAE32166101" 66 0 0.000 90 0 0 0 3
67 "EBC30996801" 67 0 0.000 90 0 0 0 3
68 "EBC32176201" 68 0 0.000 90 0 0 0 3
69 "EBC32260601" 69 0 0.000 90 0 0 0 3
70 "EBC35293401" 70 0 0.000 90 0 0 0 3
71 "EBC41607701" 71 0 0.000 90 0 0 0 3
72 "EBC62582701" 72 0 0.000 90 0 0 0 3
73 "EBC62582702" 73 0 0.000 90 0 0 0 3
74 "EBC62582703" 74 0 0.000 90 0 0 0 3
75 "EBC62582706" 75 0 0.000 90 0 0 0 3
76 "EBC62582709" 76 0 0.000 90 0 0 0 3
77 "0CC223BK5BA" 77 0 0.000 90 0 0 0 3
78 "0CH1224K512" 78 0 0.000 90 0 0 0 3
79 "0CK104CK56A" 79 0 0.000 90 0 0 0 3
80 "0CK105CD56A" 80 0 0.000 90 0 0 0 3
81 "0CK105CK56A" 81 0 0.000 90 0 0 0 3
82 "0RH1002C422" 82 0 0.000 90 0 0 0 3
83 "0RJ0000D677" 83 0 0.000 90 0 0 0 3
84 "0RJ2000D677" 84 0 0.000 90 0 0 0 3
85 "0RJ3301D677" 85 0 0.000 90 0 0 0 3
86 "EAE62082801" 86 0 0.000 90 0 0 0 3
87 "EAE62303301" 87 0 0.000 90 0 0 0 3
88 "EBC58702101" 88 0 0.000 90 0 0 0 3
[BlockRcgTblData]
IDNUM Stage BlockRcg
1 1 1
2 2 0
[PaletteData]
IDNUM N TRAY X Y ROT
[TrayData]
IDNUM NAME L W T OXA OYA OXB OYB PZ MX MY MZ MSA MSB MSC MSD RSP HSP RECOG TZ
[PartsMRecLib]
IDNUM PartsName PartsID MODE MRecX_A MRecY_A C_A REF_A LAMPA_A LAMPB_A TYPE_A SIZEA_A SIZEB_A SIZEC_A SIZED_A SIZEE_A SIZEF_A SIZEG_A SIZEH_A DARK_A TH_A RECSTARTX_A RECSTARTY_A RECENDX_A RECENDY_A MRecX_B MRecY_B C_B REF_B LAMPA_B LAMPB_B TYPE_B SIZEA_B SIZEB_B SIZEC_B SIZED_B SIZEE_B SIZEF_B SIZEG_B SIZEH_B DARK_B TH_B RECSTARTX_B RECSTARTY_B RECENDX_B RECENDY_B
1 "EBK64992801" 1 2 0.000 0.000 "" 125 0 0 21 1.000 0.000 0.000 0.000 0.000 0.000 0.000 0.000 1 0 0.000 0.000 0.000 0.000 0.000 0.000 "" 125 0 0 21 1.000 0.000 0.000 0.000 0.000 0.000 0.000 0.000 1 0 0.000 0.000 0.000 0.000
2 "0CC103BK5BA" 2 2 0.000 0.000 "" 125 0 0 21 1.000 0.000 0.000 0.000 0.000 0.000 0.000 0.000 1 0 0.000 0.000 0.000 0.000 0.000 0.000 "" 125 0 0 21 1.000 0.000 0.000 0.000 0.000 0.000 0.000 0.000 1 0 0.000 0.000 0.000 0.000
3 "0CC151BK41A" 3 2 0.000 0.000 "" 125 0 0 21 1.000 0.000 0.000 0.000 0.000 0.000 0.000 0.000 1 0 0.000 0.000 0.000 0.000 0.000 0.000 "" 125 0 0 21 1.000 0.000 0.000 0.000 0.000 0.000 0.000 0.000 1 0 0.000 0.000 0.000 0.000
4 "0CC180BKFAA" 4 2 0.000 0.000 "" 125 0 0 21 1.000 0.000 0.000 0.000 0.000 0.000 0.000 0.000 1 0 0.000 0.000 0.000 0.000 0.000 0.000 "" 125 0 0 21 1.000 0.000 0.000 0.000 0.000 0.000 0.000 0.000 1 0 0.000 0.000 0.000 0.000
5 "0CC271BK4AA" 5 2 0.000 0.000 "" 125 0 0 21 1.000 0.000 0.000 0.000 0.000 0.000 0.000 0.000 1 0 0.000 0.000 0.000 0.000 0.000 0.000 "" 125 0 0 21 1.000 0.000 0.000 0.000 0.000 0.000 0.000 0.000 1 0 0.000 0.000 0.000 0.000
6 "0CC560BK41A" 6 2 0.000 0.000 "" 125 0 0 21 1.000 0.000 0.000 0.000 0.000 0.000 0.000 0.000 1 0 0.000 0.000 0.000 0.000 0.000 0.000 "" 125 0 0 21 1.000 0.000 0.000 0.000 0.000 0.000 0.000 0.000 1 0 0.000 0.000 0.000 0.000
7 "0CH5220K618" 7 2 0.000 0.000 "" 125 0 0 21 1.000 0.000 0.000 0.000 0.000 0.000 0.000 0.000 1 0 0.000 0.000 0.000 0.000 0.000 0.000 "" 125 0 0 21 1.000 0.000 0.000 0.000 0.000 0.000 0.000 0.000 1 0 0.000 0.000 0.000 0.000
8 "0CH5470K618" 8 2 0.000 0.000 "" 125 0 0 21 1.000 0.000 0.000 0.000 0.000 0.000 0.000 0.000 1 0 0.000 0.000 0.000 0.000 0.000 0.000 "" 125 0 0 21 1.000 0.000 0.000 0.000 0.000 0.000 0.000 0.000 1 0 0.000 0.000 0.000 0.000
9 "0CK101BK4EA" 9 2 0.000 0.000 "" 125 0 0 21 1.000 0.000 0.000 0.000 0.000 0.000 0.000 0.000 1 0 0.000 0.000 0.000 0.000 0.000 0.000 "" 125 0 0 21 1.000 0.000 0.000 0.000 0.000 0.000 0.000 0.000 1 0 0.000 0.000 0.000 0.000
10 "0CK102BK56A" 10 2 0.000 0.000 "" 125 0 0 21 1.000 0.000 0.000 0.000 0.000 0.000 0.000 0.000 1 0 0.000 0.000 0.000 0.000 0.000 0.000 "" 125 0 0 21 1.000 0.000 0.000 0.000 0.000 0.000 0.000 0.000 1 0 0.000 0.000 0.000 0.000
11 "0CK104BF56A" 11 2 0.000 0.000 "" 125 0 0 21 1.000 0.000 0.000 0.000 0.000 0.000 0.000 0.000 1 0 0.000 0.000 0.000 0.000 0.000 0.000 "" 125 0 0 21 1.000 0.000 0.000 0.000 0.000 0.000 0.000 0.000 1 0 0.000 0.000 0.000 0.000
12 "0CK104BH56A" 12 2 0.000 0.000 "" 125 0 0 21 1.000 0.000 0.000 0.000 0.000 0.000 0.000 0.000 1 0 0.000 0.000 0.000 0.000 0.000 0.000 "" 125 0 0 21 1.000 0.000 0.000 0.000 0.000 0.000 0.000 0.000 1 0 0.000 0.000 0.000 0.000
13 "0CK471BK56A" 13 2 0.000 0.000 "" 125 0 0 21 1.000 0.000 0.000 0.000 0.000 0.000 0.000 0.000 1 0 0.000 0.000 0.000 0.000 0.000 0.000 "" 125 0 0 21 1.000 0.000 0.000 0.000 0.000 0.000 0.000 0.000 1 0 0.000 0.000 0.000 0.000
14 "0CZZB00024A" 14 2 0.000 0.000 "" 125 0 0 21 1.000 0.000 0.000 0.000 0.000 0.000 0.000 0.000 1 0 0.000 0.000 0.000 0.000 0.000 0.000 "" 125 0 0 21 1.000 0.000 0.000 0.000 0.000 0.000 0.000 0.000 1 0 0.000 0.000 0.000 0.000
15 "0CZZB00035A" 15 2 0.000 0.000 "" 125 0 0 21 1.000 0.000 0.000 0.000 0.000 0.000 0.000 0.000 1 0 0.000 0.000 0.000 0.000 0.000 0.000 "" 125 0 0 21 1.000 0.000 0.000 0.000 0.000 0.000 0.000 0.000 1 0 0.000 0.000 0.000 0.000
16 "0CZZB00055B" 16 2 0.000 0.000 "" 125 0 0 21 1.000 0.000 0.000 0.000 0.000 0.000 0.000 0.000 1 0 0.000 0.000 0.000 0.000 0.000 0.000 "" 125 0 0 21 1.000 0.000 0.000 0.000 0.000 0.000 0.000 0.000 1 0 0.000 0.000 0.000 0.000
17 "0RJ0000C678" 17 2 0.000 0.000 "" 125 0 0 21 1.000 0.000 0.000 0.000 0.000 0.000 0.000 0.000 1 0 0.000 0.000 0.000 0.000 0.000 0.000 "" 125 0 0 21 1.000 0.000 0.000 0.000 0.000 0.000 0.000 0.000 1 0 0.000 0.000 0.000 0.000
18 "0RJ0102C678" 18 2 0.000 0.000 "" 125 0 0 21 1.000 0.000 0.000 0.000 0.000 0.000 0.000 0.000 1 0 0.000 0.000 0.000 0.000 0.000 0.000 "" 125 0 0 21 1.000 0.000 0.000 0.000 0.000 0.000 0.000 0.000 1 0 0.000 0.000 0.000 0.000
19 "0RJ0221C678" 19 2 0.000 0.000 "" 125 0 0 21 1.000 0.000 0.000 0.000 0.000 0.000 0.000 0.000 1 0 0.000 0.000 0.000 0.000 0.000 0.000 "" 125 0 0 21 1.000 0.000 0.000 0.000 0.000 0.000 0.000 0.000 1 0 0.000 0.000 0.000 0.000
20 "0RJ0332C678" 20 2 0.000 0.000 "" 125 0 0 21 1.000 0.000 0.000 0.000 0.000 0.000 0.000 0.000 1 0 0.000 0.000 0.000 0.000 0.000 0.000 "" 125 0 0 21 1.000 0.000 0.000 0.000 0.000 0.000 0.000 0.000 1 0 0.000 0.000 0.000 0.000
21 "0RJ0512C678" 21 2 0.000 0.000 "" 125 0 0 21 1.000 0.000 0.000 0.000 0.000 0.000 0.000 0.000 1 0 0.000 0.000 0.000 0.000 0.000 0.000 "" 125 0 0 21 1.000 0.000 0.000 0.000 0.000 0.000 0.000 0.000 1 0 0.000 0.000 0.000 0.000
22 "0RJ0682C678" 22 2 0.000 0.000 "" 125 0 0 21 1.000 0.000 0.000 0.000 0.000 0.000 0.000 0.000 1 0 0.000 0.000 0.000 0.000 0.000 0.000 "" 125 0 0 21 1.000 0.000 0.000 0.000 0.000 0.000 0.000 0.000 1 0 0.000 0.000 0.000 0.000
23 "0RJ1000C678" 23 2 0.000 0.000 "" 125 0 0 21 1.000 0.000 0.000 0.000 0.000 0.000 0.000 0.000 1 0 0.000 0.000 0.000 0.000 0.000 0.000 "" 125 0 0 21 1.000 0.000 0.000 0.000 0.000 0.000 0.000 0.000 1 0 0.000 0.000 0.000 0.000
24 "0RJ1001C678" 24 2 0.000 0.000 "" 125 0 0 21 1.000 0.000 0.000 0.000 0.000 0.000 0.000 0.000 1 0 0.000 0.000 0.000 0.000 0.000 0.000 "" 125 0 0 21 1.000 0.000 0.000 0.000 0.000 0.000 0.000 0.000 1 0 0.000 0.000 0.000 0.000
25 "0RJ1001E478" 25 2 0.000 0.000 "" 125 0 0 21 1.000 0.000 0.000 0.000 0.000 0.000 0.000 0.000 1 0 0.000 0.000 0.000 0.000 0.000 0.000 "" 125 0 0 21 1.000 0.000 0.000 0.000 0.000 0.000 0.000 0.000 1 0 0.000 0.000 0.000 0.000
26 "0RJ1002C478" 26 2 0.000 0.000 "" 125 0 0 21 1.000 0.000 0.000 0.000 0.000 0.000 0.000 0.000 1 0 0.000 0.000 0.000 0.000 0.000 0.000 "" 125 0 0 21 1.000 0.000 0.000 0.000 0.000 0.000 0.000 0.000 1 0 0.000 0.000 0.000 0.000
27 "0RJ1002C678" 27 2 0.000 0.000 "" 125 0 0 21 1.000 0.000 0.000 0.000 0.000 0.000 0.000 0.000 1 0 0.000 0.000 0.000 0.000 0.000 0.000 "" 125 0 0 21 1.000 0.000 0.000 0.000 0.000 0.000 0.000 0.000 1 0 0.000 0.000 0.000 0.000
28 "0RJ1003C678" 28 2 0.000 0.000 "" 125 0 0 21 1.000 0.000 0.000 0.000 0.000 0.000 0.000 0.000 1 0 0.000 0.000 0.000 0.000 0.000 0.000 "" 125 0 0 21 1.000 0.000 0.000 0.000 0.000 0.000 0.000 0.000 1 0 0.000 0.000 0.000 0.000
29 "0RJ1102C478" 29 2 0.000 0.000 "" 125 0 0 21 1.000 0.000 0.000 0.000 0.000 0.000 0.000 0.000 1 0 0.000 0.000 0.000 0.000 0.000 0.000 "" 125 0 0 21 1.000 0.000 0.000 0.000 0.000 0.000 0.000 0.000 1 0 0.000 0.000 0.000 0.000
30 "0RJ1201C678" 30 2 0.000 0.000 "" 125 0 0 21 1.000 0.000 0.000 0.000 0.000 0.000 0.000 0.000 1 0 0.000 0.000 0.000 0.000 0.000 0.000 "" 125 0 0 21 1.000 0.000 0.000 0.000 0.000 0.000 0.000 0.000 1 0 0.000 0.000 0.000 0.000
31 "0RJ1203C478" 31 2 0.000 0.000 "" 125 0 0 21 1.000 0.000 0.000 0.000 0.000 0.000 0.000 0.000 1 0 0.000 0.000 0.000 0.000 0.000 0.000 "" 125 0 0 21 1.000 0.000 0.000 0.000 0.000 0.000 0.000 0.000 1 0 0.000 0.000 0.000 0.000
32 "0RJ1402C478" 32 2 0.000 0.000 "" 125 0 0 21 1.000 0.000 0.000 0.000 0.000 0.000 0.000 0.000 1 0 0.000 0.000 0.000 0.000 0.000 0.000 "" 125 0 0 21 1.000 0.000 0.000 0.000 0.000 0.000 0.000 0.000 1 0 0.000 0.000 0.000 0.000
33 "0RJ1502C478" 33 2 0.000 0.000 "" 125 0 0 21 1.000 0.000 0.000 0.000 0.000 0.000 0.000 0.000 1 0 0.000 0.000 0.000 0.000 0.000 0.000 "" 125 0 0 21 1.000 0.000 0.000 0.000 0.000 0.000 0.000 0.000 1 0 0.000 0.000 0.000 0.000
34 "0RJ1503C478" 34 2 0.000 0.000 "" 125 0 0 21 1.000 0.000 0.000 0.000 0.000 0.000 0.000 0.000 1 0 0.000 0.000 0.000 0.000 0.000 0.000 "" 125 0 0 21 1.000 0.000 0.000 0.000 0.000 0.000 0.000 0.000 1 0 0.000 0.000 0.000 0.000
35 "0RJ1801C678" 35 2 0.000 0.000 "" 125 0 0 21 1.000 0.000 0.000 0.000 0.000 0.000 0.000 0.000 1 0 0.000 0.000 0.000 0.000 0.000 0.000 "" 125 0 0 21 1.000 0.000 0.000 0.000 0.000 0.000 0.000 0.000 1 0 0.000 0.000 0.000 0.000
36 "0RJ1802C478" 36 2 0.000 0.000 "" 125 0 0 21 1.000 0.000 0.000 0.000 0.000 0.000 0.000 0.000 1 0 0.000 0.000 0.000 0.000 0.000 0.000 "" 125 0 0 21 1.000 0.000 0.000 0.000 0.000 0.000 0.000 0.000 1 0 0.000 0.000 0.000 0.000
37 "0RJ2000C678" 37 2 0.000 0.000 "" 125 0 0 21 1.000 0.000 0.000 0.000 0.000 0.000 0.000 0.000 1 0 0.000 0.000 0.000 0.000 0.000 0.000 "" 125 0 0 21 1.000 0.000 0.000 0.000 0.000 0.000 0.000 0.000 1 0 0.000 0.000 0.000 0.000
38 "0RJ2001C678" 38 2 0.000 0.000 "" 125 0 0 21 1.000 0.000 0.000 0.000 0.000 0.000 0.000 0.000 1 0 0.000 0.000 0.000 0.000 0.000 0.000 "" 125 0 0 21 1.000 0.000 0.000 0.000 0.000 0.000 0.000 0.000 1 0 0.000 0.000 0.000 0.000
39 "0RJ2002C478" 39 2 0.000 0.000 "" 125 0 0 21 1.000 0.000 0.000 0.000 0.000 0.000 0.000 0.000 1 0 0.000 0.000 0.000 0.000 0.000 0.000 "" 125 0 0 21 1.000 0.000 0.000 0.000 0.000 0.000 0.000 0.000 1 0 0.000 0.000 0.000 0.000
40 "0RJ2201C678" 40 2 0.000 0.000 "" 125 0 0 21 1.000 0.000 0.000 0.000 0.000 0.000 0.000 0.000 1 0 0.000 0.000 0.000 0.000 0.000 0.000 "" 125 0 0 21 1.000 0.000 0.000 0.000 0.000 0.000 0.000 0.000 1 0 0.000 0.000 0.000 0.000
41 "0RJ2202C678" 41 2 0.000 0.000 "" 125 0 0 21 1.000 0.000 0.000 0.000 0.000 0.000 0.000 0.000 1 0 0.000 0.000 0.000 0.000 0.000 0.000 "" 125 0 0 21 1.000 0.000 0.000 0.000 0.000 0.000 0.000 0.000 1 0 0.000 0.000 0.000 0.000
42 "0RJ2400C478" 42 2 0.000 0.000 "" 125 0 0 21 1.000 0.000 0.000 0.000 0.000 0.000 0.000 0.000 1 0 0.000 0.000 0.000 0.000 0.000 0.000 "" 125 0 0 21 1.000 0.000 0.000 0.000 0.000 0.000 0.000 0.000 1 0 0.000 0.000 0.000 0.000
43 "0RJ2402C478" 43 2 0.000 0.000 "" 125 0 0 21 1.000 0.000 0.000 0.000 0.000 0.000 0.000 0.000 1 0 0.000 0.000 0.000 0.000 0.000 0.000 "" 125 0 0 21 1.000 0.000 0.000 0.000 0.000 0.000 0.000 0.000 1 0 0.000 0.000 0.000 0.000
44 "0RJ2701C678" 44 2 0.000 0.000 "" 125 0 0 21 1.000 0.000 0.000 0.000 0.000 0.000 0.000 0.000 1 0 0.000 0.000 0.000 0.000 0.000 0.000 "" 125 0 0 21 1.000 0.000 0.000 0.000 0.000 0.000 0.000 0.000 1 0 0.000 0.000 0.000 0.000
45 "0RJ2702C478" 45 2 0.000 0.000 "" 125 0 0 21 1.000 0.000 0.000 0.000 0.000 0.000 0.000 0.000 1 0 0.000 0.000 0.000 0.000 0.000 0.000 "" 125 0 0 21 1.000 0.000 0.000 0.000 0.000 0.000 0.000 0.000 1 0 0.000 0.000 0.000 0.000
46 "0RJ3003C478" 46 2 0.000 0.000 "" 125 0 0 21 1.000 0.000 0.000 0.000 0.000 0.000 0.000 0.000 1 0 0.000 0.000 0.000 0.000 0.000 0.000 "" 125 0 0 21 1.000 0.000 0.000 0.000 0.000 0.000 0.000 0.000 1 0 0.000 0.000 0.000 0.000
47 "0RJ3301C478" 47 2 0.000 0.000 "" 125 0 0 21 1.000 0.000 0.000 0.000 0.000 0.000 0.000 0.000 1 0 0.000 0.000 0.000 0.000 0.000 0.000 "" 125 0 0 21 1.000 0.000 0.000 0.000 0.000 0.000 0.000 0.000 1 0 0.000 0.000 0.000 0.000
48 "0RJ3301C678" 48 2 0.000 0.000 "" 125 0 0 21 1.000 0.000 0.000 0.000 0.000 0.000 0.000 0.000 1 0 0.000 0.000 0.000 0.000 0.000 0.000 "" 125 0 0 21 1.000 0.000 0.000 0.000 0.000 0.000 0.000 0.000 1 0 0.000 0.000 0.000 0.000
49 "0RJ3601C478" 49 2 0.000 0.000 "" 125 0 0 21 1.000 0.000 0.000 0.000 0.000 0.000 0.000 0.000 1 0 0.000 0.000 0.000 0.000 0.000 0.000 "" 125 0 0 21 1.000 0.000 0.000 0.000 0.000 0.000 0.000 0.000 1 0 0.000 0.000 0.000 0.000
50 "0RJ3602C478" 50 2 0.000 0.000 "" 125 0 0 21 1.000 0.000 0.000 0.000 0.000 0.000 0.000 0.000 1 0 0.000 0.000 0.000 0.000 0.000 0.000 "" 125 0 0 21 1.000 0.000 0.000 0.000 0.000 0.000 0.000 0.000 1 0 0.000 0.000 0.000 0.000
51 "0RJ3901C478" 51 2 0.000 0.000 "" 125 0 0 21 1.000 0.000 0.000 0.000 0.000 0.000 0.000 0.000 1 0 0.000 0.000 0.000 0.000 0.000 0.000 "" 125 0 0 21 1.000 0.000 0.000 0.000 0.000 0.000 0.000 0.000 1 0 0.000 0.000 0.000 0.000
52 "0RJ3902C478" 52 2 0.000 0.000 "" 125 0 0 21 1.000 0.000 0.000 0.000 0.000 0.000 0.000 0.000 1 0 0.000 0.000 0.000 0.000 0.000 0.000 "" 125 0 0 21 1.000 0.000 0.000 0.000 0.000 0.000 0.000 0.000 1 0 0.000 0.000 0.000 0.000
53 "0RJ4302C478" 53 2 0.000 0.000 "" 125 0 0 21 1.000 0.000 0.000 0.000 0.000 0.000 0.000 0.000 1 0 0.000 0.000 0.000 0.000 0.000 0.000 "" 125 0 0 21 1.000 0.000 0.000 0.000 0.000 0.000 0.000 0.000 1 0 0.000 0.000 0.000 0.000
54 "0RJ4700C678" 54 2 0.000 0.000 "" 125 0 0 21 1.000 0.000 0.000 0.000 0.000 0.000 0.000 0.000 1 0 0.000 0.000 0.000 0.000 0.000 0.000 "" 125 0 0 21 1.000 0.000 0.000 0.000 0.000 0.000 0.000 0.000 1 0 0.000 0.000 0.000 0.000
55 "0RJ4701C678" 55 2 0.000 0.000 "" 125 0 0 21 1.000 0.000 0.000 0.000 0.000 0.000 0.000 0.000 1 0 0.000 0.000 0.000 0.000 0.000 0.000 "" 125 0 0 21 1.000 0.000 0.000 0.000 0.000 0.000 0.000 0.000 1 0 0.000 0.000 0.000 0.000
56 "0RJ4702C678" 56 2 0.000 0.000 "" 125 0 0 21 1.000 0.000 0.000 0.000 0.000 0.000 0.000 0.000 1 0 0.000 0.000 0.000 0.000 0.000 0.000 "" 125 0 0 21 1.000 0.000 0.000 0.000 0.000 0.000 0.000 0.000 1 0 0.000 0.000 0.000 0.000
57 "0RJ5101C678" 57 2 0.000 0.000 "" 125 0 0 21 1.000 0.000 0.000 0.000 0.000 0.000 0.000 0.000 1 0 0.000 0.000 0.000 0.000 0.000 0.000 "" 125 0 0 21 1.000 0.000 0.000 0.000 0.000 0.000 0.000 0.000 1 0 0.000 0.000 0.000 0.000
58 "0RJ5102C478" 58 2 0.000 0.000 "" 125 0 0 21 1.000 0.000 0.000 0.000 0.000 0.000 0.000 0.000 1 0 0.000 0.000 0.000 0.000 0.000 0.000 "" 125 0 0 21 1.000 0.000 0.000 0.000 0.000 0.000 0.000 0.000 1 0 0.000 0.000 0.000 0.000
59 "0RJ5102C678" 59 2 0.000 0.000 "" 125 0 0 21 1.000 0.000 0.000 0.000 0.000 0.000 0.000 0.000 1 0 0.000 0.000 0.000 0.000 0.000 0.000 "" 125 0 0 21 1.000 0.000 0.000 0.000 0.000 0.000 0.000 0.000 1 0 0.000 0.000 0.000 0.000
60 "0RJ5601C478" 60 2 0.000 0.000 "" 125 0 0 21 1.000 0.000 0.000 0.000 0.000 0.000 0.000 0.000 1 0 0.000 0.000 0.000 0.000 0.000 0.000 "" 125 0 0 21 1.000 0.000 0.000 0.000 0.000 0.000 0.000 0.000 1 0 0.000 0.000 0.000 0.000
61 "0RJ6801C678" 61 2 0.000 0.000 "" 125 0 0 21 1.000 0.000 0.000 0.000 0.000 0.000 0.000 0.000 1 0 0.000 0.000 0.000 0.000 0.000 0.000 "" 125 0 0 21 1.000 0.000 0.000 0.000 0.000 0.000 0.000 0.000 1 0 0.000 0.000 0.000 0.000
62 "0RJ7502C478" 62 2 0.000 0.000 "" 125 0 0 21 1.000 0.000 0.000 0.000 0.000 0.000 0.000 0.000 1 0 0.000 0.000 0.000 0.000 0.000 0.000 "" 125 0 0 21 1.000 0.000 0.000 0.000 0.000 0.000 0.000 0.000 1 0 0.000 0.000 0.000 0.000
63 "0RJ8201C478" 63 2 0.000 0.000 "" 125 0 0 21 1.000 0.000 0.000 0.000 0.000 0.000 0.000 0.000 1 0 0.000 0.000 0.000 0.000 0.000 0.000 "" 125 0 0 21 1.000 0.000 0.000 0.000 0.000 0.000 0.000 0.000 1 0 0.000 0.000 0.000 0.000
64 "0RZZH033273" 64 2 0.000 0.000 "" 125 0 0 21 1.000 0.000 0.000 0.000 0.000 0.000 0.000 0.000 1 0 0.000 0.000 0.000 0.000 0.000 0.000 "" 125 0 0 21 1.000 0.000 0.000 0.000 0.000 0.000 0.000 0.000 1 0 0.000 0.000 0.000 0.000
65 "EAE30281901" 65 2 0.000 0.000 "" 125 0 0 21 1.000 0.000 0.000 0.000 0.000 0.000 0.000 0.000 1 0 0.000 0.000 0.000 0.000 0.000 0.000 "" 125 0 0 21 1.000 0.000 0.000 0.000 0.000 0.000 0.000 0.000 1 0 0.000 0.000 0.000 0.000
66 "EAE32166101" 66 2 0.000 0.000 "" 125 0 0 21 1.000 0.000 0.000 0.000 0.000 0.000 0.000 0.000 1 0 0.000 0.000 0.000 0.000 0.000 0.000 "" 125 0 0 21 1.000 0.000 0.000 0.000 0.000 0.000 0.000 0.000 1 0 0.000 0.000 0.000 0.000
67 "EBC30996801" 67 2 0.000 0.000 "" 125 0 0 21 1.000 0.000 0.000 0.000 0.000 0.000 0.000 0.000 1 0 0.000 0.000 0.000 0.000 0.000 0.000 "" 125 0 0 21 1.000 0.000 0.000 0.000 0.000 0.000 0.000 0.000 1 0 0.000 0.000 0.000 0.000
68 "EBC32176201" 68 2 0.000 0.000 "" 125 0 0 21 1.000 0.000 0.000 0.000 0.000 0.000 0.000 0.000 1 0 0.000 0.000 0.000 0.000 0.000 0.000 "" 125 0 0 21 1.000 0.000 0.000 0.000 0.000 0.000 0.000 0.000 1 0 0.000 0.000 0.000 0.000
69 "EBC32260601" 69 2 0.000 0.000 "" 125 0 0 21 1.000 0.000 0.000 0.000 0.000 0.000 0.000 0.000 1 0 0.000 0.000 0.000 0.000 0.000 0.000 "" 125 0 0 21 1.000 0.000 0.000 0.000 0.000 0.000 0.000 0.000 1 0 0.000 0.000 0.000 0.000
70 "EBC35293401" 70 2 0.000 0.000 "" 125 0 0 21 1.000 0.000 0.000 0.000 0.000 0.000 0.000 0.000 1 0 0.000 0.000 0.000 0.000 0.000 0.000 "" 125 0 0 21 1.000 0.000 0.000 0.000 0.000 0.000 0.000 0.000 1 0 0.000 0.000 0.000 0.000
71 "EBC41607701" 71 2 0.000 0.000 "" 125 0 0 21 1.000 0.000 0.000 0.000 0.000 0.000 0.000 0.000 1 0 0.000 0.000 0.000 0.000 0.000 0.000 "" 125 0 0 21 1.000 0.000 0.000 0.000 0.000 0.000 0.000 0.000 1 0 0.000 0.000 0.000 0.000
72 "EBC62582701" 72 2 0.000 0.000 "" 125 0 0 21 1.000 0.000 0.000 0.000 0.000 0.000 0.000 0.000 1 0 0.000 0.000 0.000 0.000 0.000 0.000 "" 125 0 0 21 1.000 0.000 0.000 0.000 0.000 0.000 0.000 0.000 1 0 0.000 0.000 0.000 0.000
73 "EBC62582702" 73 2 0.000 0.000 "" 125 0 0 21 1.000 0.000 0.000 0.000 0.000 0.000 0.000 0.000 1 0 0.000 0.000 0.000 0.000 0.000 0.000 "" 125 0 0 21 1.000 0.000 0.000 0.000 0.000 0.000 0.000 0.000 1 0 0.000 0.000 0.000 0.000
74 "EBC62582703" 74 2 0.000 0.000 "" 125 0 0 21 1.000 0.000 0.000 0.000 0.000 0.000 0.000 0.000 1 0 0.000 0.000 0.000 0.000 0.000 0.000 "" 125 0 0 21 1.000 0.000 0.000 0.000 0.000 0.000 0.000 0.000 1 0 0.000 0.000 0.000 0.000
75 "EBC62582706" 75 2 0.000 0.000 "" 125 0 0 21 1.000 0.000 0.000 0.000 0.000 0.000 0.000 0.000 1 0 0.000 0.000 0.000 0.000 0.000 0.000 "" 125 0 0 21 1.000 0.000 0.000 0.000 0.000 0.000 0.000 0.000 1 0 0.000 0.000 0.000 0.000
76 "EBC62582709" 76 2 0.000 0.000 "" 125 0 0 21 1.000 0.000 0.000 0.000 0.000 0.000 0.000 0.000 1 0 0.000 0.000 0.000 0.000 0.000 0.000 "" 125 0 0 21 1.000 0.000 0.000 0.000 0.000 0.000 0.000 0.000 1 0 0.000 0.000 0.000 0.000
77 "0CC223BK5BA" 77 2 0.000 0.000 "" 125 0 0 21 1.000 0.000 0.000 0.000 0.000 0.000 0.000 0.000 1 0 0.000 0.000 0.000 0.000 0.000 0.000 "" 125 0 0 21 1.000 0.000 0.000 0.000 0.000 0.000 0.000 0.000 1 0 0.000 0.000 0.000 0.000
78 "0CH1224K512" 78 2 0.000 0.000 "" 125 0 0 21 1.000 0.000 0.000 0.000 0.000 0.000 0.000 0.000 1 0 0.000 0.000 0.000 0.000 0.000 0.000 "" 125 0 0 21 1.000 0.000 0.000 0.000 0.000 0.000 0.000 0.000 1 0 0.000 0.000 0.000 0.000
79 "0CK104CK56A" 79 2 0.000 0.000 "" 125 0 0 21 1.000 0.000 0.000 0.000 0.000 0.000 0.000 0.000 1 0 0.000 0.000 0.000 0.000 0.000 0.000 "" 125 0 0 21 1.000 0.000 0.000 0.000 0.000 0.000 0.000 0.000 1 0 0.000 0.000 0.000 0.000
80 "0CK105CD56A" 80 2 0.000 0.000 "" 125 0 0 21 1.000 0.000 0.000 0.000 0.000 0.000 0.000 0.000 1 0 0.000 0.000 0.000 0.000 0.000 0.000 "" 125 0 0 21 1.000 0.000 0.000 0.000 0.000 0.000 0.000 0.000 1 0 0.000 0.000 0.000 0.000
81 "0CK105CK56A" 81 2 0.000 0.000 "" 125 0 0 21 1.000 0.000 0.000 0.000 0.000 0.000 0.000 0.000 1 0 0.000 0.000 0.000 0.000 0.000 0.000 "" 125 0 0 21 1.000 0.000 0.000 0.000 0.000 0.000 0.000 0.000 1 0 0.000 0.000 0.000 0.000
82 "0RH1002C422" 82 2 0.000 0.000 "" 125 0 0 21 1.000 0.000 0.000 0.000 0.000 0.000 0.000 0.000 1 0 0.000 0.000 0.000 0.000 0.000 0.000 "" 125 0 0 21 1.000 0.000 0.000 0.000 0.000 0.000 0.000 0.000 1 0 0.000 0.000 0.000 0.000
83 "0RJ0000D677" 83 2 0.000 0.000 "" 125 0 0 21 1.000 0.000 0.000 0.000 0.000 0.000 0.000 0.000 1 0 0.000 0.000 0.000 0.000 0.000 0.000 "" 125 0 0 21 1.000 0.000 0.000 0.000 0.000 0.000 0.000 0.000 1 0 0.000 0.000 0.000 0.000
84 "0RJ2000D677" 84 2 0.000 0.000 "" 125 0 0 21 1.000 0.000 0.000 0.000 0.000 0.000 0.000 0.000 1 0 0.000 0.000 0.000 0.000 0.000 0.000 "" 125 0 0 21 1.000 0.000 0.000 0.000 0.000 0.000 0.000 0.000 1 0 0.000 0.000 0.000 0.000
85 "0RJ3301D677" 85 2 0.000 0.000 "" 125 0 0 21 1.000 0.000 0.000 0.000 0.000 0.000 0.000 0.000 1 0 0.000 0.000 0.000 0.000 0.000 0.000 "" 125 0 0 21 1.000 0.000 0.000 0.000 0.000 0.000 0.000 0.000 1 0 0.000 0.000 0.000 0.000
86 "EAE62082801" 86 2 0.000 0.000 "" 125 0 0 21 1.000 0.000 0.000 0.000 0.000 0.000 0.000 0.000 1 0 0.000 0.000 0.000 0.000 0.000 0.000 "" 125 0 0 21 1.000 0.000 0.000 0.000 0.000 0.000 0.000 0.000 1 0 0.000 0.000 0.000 0.000
87 "EAE62303301" 87 2 0.000 0.000 "" 125 0 0 21 1.000 0.000 0.000 0.000 0.000 0.000 0.000 0.000 1 0 0.000 0.000 0.000 0.000 0.000 0.000 "" 125 0 0 21 1.000 0.000 0.000 0.000 0.000 0.000 0.000 0.000 1 0 0.000 0.000 0.000 0.000
88 "EBC58702101" 88 2 0.000 0.000 "" 125 0 0 21 1.000 0.000 0.000 0.000 0.000 0.000 0.000 0.000 1 0 0.000 0.000 0.000 0.000 0.000 0.000 "" 125 0 0 21 1.000 0.000 0.000 0.000 0.000 0.000 0.000 0.000 1 0 0.000 0.000 0.000 0.000
[ChipData]
IDNUM L W T NOZZLEA NOZZLEB NOZZLEC NOZZLED NOZZLEE REF RCGSP TGAP MGAP TUPX TUPY TUPZ RZ MZ SZ TSPD MSPD FS TUPT MNTT VSEL LMPA LMPB LMPC LMPD LMPE LMPF NR NAME KIND NUMBER REV VIEW QFP BGA FC CT GR HMFLAG HMGAP MAXL MAXW TMFLAG HMAX POLARIZE MRECA LMFLAG COVERSIZE
1 1.700 1.100 0.550 230 0 0 0 0 61 0 0.100 0.300 0.000 0.000 0.000 0.000 0.000 0.000 100 100 3 3 3 0 0 0 0 0 0 0 3000 "MINI TR 3PIN" 14 0 0 0 0 0 0 0 1 1 0.000 1.700 1.100 0 0.190 0 0 0 1
2 1.000 0.500 0.500 230 0 0 0 0 55 0 0.100 0.300 0.000 0.000 0.000 0.000 0.000 0.000 100 100 3 3 3 0 0 100 0 0 0 0 10000 "C1005_T0.5" 2 0 0 0 0 0 0 0 2 1 0.000 1.000 0.500 0 0.100 0 0 0 1
3 1.000 0.500 0.500 230 0 0 0 0 55 0 0.000 0.300 0.000 0.000 0.000 0.000 0.000 0.000 100 100 3 3 3 0 0 45 0 0 0 0 10000 "C1005_T0.5" 2 0 0 0 0 0 0 0 3 1 0.000 1.000 0.500 0 0.100 0 0 0 1
4 1.000 0.500 0.500 230 0 0 0 0 55 0 0.000 0.300 0.000 0.000 0.000 0.000 0.000 0.000 100 100 3 3 3 0 0 100 0 0 0 0 10000 "C1005_T0.5" 2 0 0 0 0 0 0 0 4 1 0.000 1.000 0.500 0 0.100 0 0 0 1
5 1.000 0.500 0.500 230 0 0 0 0 55 0 0.000 0.300 0.000 0.000 0.000 0.000 0.000 0.000 100 100 3 3 3 0 0 0 0 0 0 0 10000 "C1005_T0.5" 2 0 0 0 0 0 0 0 5 1 0.000 1.000 0.500 0 0.100 0 0 0 1
6 1.000 0.500 0.500 230 0 0 0 0 55 0 0.000 0.300 0.000 0.000 0.000 0.000 0.000 0.000 100 100 3 3 3 0 0 0 0 0 0 0 10000 "C1005_T0.5" 2 0 0 0 0 0 0 0 6 1 0.000 1.000 0.500 0 0.100 0 0 0 1
7 1.000 0.500 0.500 230 0 0 0 0 55 0 0.000 0.300 0.000 0.000 0.000 0.000 0.000 0.000 100 100 3 3 3 0 0 0 0 0 0 0 10000 "C1005_T0.5" 2 0 0 0 0 0 0 0 7 1 0.000 1.000 0.500 0 0.100 0 0 0 1
8 1.000 0.500 0.500 230 0 0 0 0 55 0 0.000 0.300 0.000 0.000 0.000 0.000 0.000 0.000 100 100 3 3 3 0 0 120 0 0 0 0 10000 "C1005_T0.5" 2 0 0 0 0 0 0 0 8 1 0.000 1.000 0.500 0 0.100 0 0 0 1
9 1.000 0.500 0.500 230 0 0 0 0 55 0 0.000 0.300 0.000 0.000 0.000 0.000 0.000 0.000 100 100 3 3 3 0 0 100 0 0 0 0 10000 "C1005_T0.5" 2 0 0 0 0 0 0 0 9 1 0.000 1.000 0.500 0 0.100 0 0 0 1
10 1.000 0.500 0.500 230 0 0 0 0 55 0 0.100 0.300 0.000 0.000 0.000 0.000 0.000 0.000 100 100 3 3 3 0 0 100 0 0 0 0 10000 "C1005_T0.5" 2 0 0 0 0 0 0 0 10 1 0.000 1.000 0.500 0 0.100 0 0 0 1
11 1.000 0.500 0.500 230 0 0 0 0 55 0 0.000 0.300 0.000 0.000 0.000 0.000 0.000 0.000 100 100 3 3 3 0 0 100 0 0 0 0 10000 "C1005_T0.5" 2 0 0 0 0 0 0 0 11 1 0.000 1.000 0.500 0 0.100 0 0 0 1
12 1.000 0.500 0.500 230 0 0 0 0 55 0 0.100 0.300 0.000 0.000 0.000 0.000 0.000 0.000 100 100 3 3 3 0 0 100 0 0 0 0 10000 "C1005_T0.5" 2 0 0 0 0 0 0 0 12 1 0.000 1.000 0.500 0 0.100 0 0 0 1
13 1.000 0.500 0.500 230 0 0 0 0 55 0 0.000 0.300 0.000 0.000 0.000 0.000 0.000 0.000 100 100 3 3 3 0 0 0 0 0 0 0 10000 "C1005_T0.5" 2 0 0 0 0 0 0 0 13 1 0.000 1.000 0.500 0 0.100 0 0 0 1
14 1.000 0.500 0.500 230 0 0 0 0 55 0 0.000 0.300 0.000 0.000 0.000 0.000 0.000 0.000 100 100 3 3 3 0 0 100 0 0 0 0 10000 "C1005_T0.5" 2 0 0 0 0 0 0 0 14 1 0.000 1.000 0.500 0 0.100 0 0 0 1
15 1.000 0.500 0.500 230 0 0 0 0 55 0 0.000 0.300 0.000 0.000 0.000 0.000 0.000 0.000 100 100 3 3 3 0 0 40 0 0 0 0 10000 "C1005_T0.5" 2 0 0 0 0 0 0 0 15 1 0.000 1.000 0.500 0 0.100 0 0 0 1
16 1.000 0.500 0.500 230 0 0 0 0 55 0 0.000 0.300 0.000 0.000 0.000 0.000 0.000 0.000 80 100 3 2 3 0 0 0 0 0 0 0 10000 "C1005_T0.5" 2 0 0 0 0 0 0 0 16 1 0.000 1.000 0.500 0 0.100 0 0 0 1
17 1.000 0.500 0.300 230 0 0 0 0 55 0 0.000 0.300 0.000 0.000 0.000 0.000 0.000 0.000 100 100 3 3 3 0 0 100 0 0 0 0 10000 "R1005_T0.35" 1 0 0 0 0 0 0 0 17 1 0.000 1.000 0.500 0 0.060 0 0 0 1
18 1.000 0.500 0.300 230 0 0 0 0 55 0 -0.100 0.300 0.000 0.000 0.000 0.000 0.000 0.000 100 100 3 3 3 0 0 100 0 0 0 0 10000 "R1005_T0.35" 1 0 0 0 0 0 0 0 18 1 0.000 1.000 0.500 0 0.060 0 0 0 1
19 1.000 0.500 0.300 230 0 0 0 0 55 0 -0.100 0.300 0.000 0.000 0.000 0.000 0.000 0.000 100 100 3 3 3 0 0 100 0 0 0 0 10000 "R1005_T0.35" 1 0 0 0 0 0 0 0 19 1 0.000 1.000 0.500 0 0.060 0 0 0 1
20 1.000 0.500 0.300 230 0 0 0 0 55 0 -0.100 0.300 0.000 0.000 0.000 0.000 0.000 0.000 100 100 3 3 3 0 0 40 0 0 0 0 10000 "R1005_T0.35" 1 0 0 0 0 0 0 0 20 1 0.000 1.000 0.500 0 0.060 0 0 0 1
21 1.000 0.500 0.300 230 0 0 0 0 55 0 -0.100 0.300 0.000 0.000 0.000 0.000 0.000 0.000 100 100 3 3 3 0 0 90 0 0 0 0 10000 "R1005_T0.35" 1 0 0 0 0 0 0 0 21 1 0.000 1.000 0.500 0 0.060 0 0 0 1
22 1.000 0.500 0.300 230 0 0 0 0 55 0 -0.100 0.300 0.000 0.000 0.000 0.000 0.000 0.000 100 100 3 3 3 0 0 90 0 0 0 0 10000 "R1005_T0.35" 1 0 0 0 0 0 0 0 22 1 0.000 1.000 0.500 0 0.060 0 0 0 1
23 1.000 0.500 0.300 230 0 0 0 0 55 0 -0.100 0.300 0.000 0.000 0.000 0.000 0.000 0.000 100 100 3 3 3 0 0 90 0 0 0 0 10000 "R1005_T0.35" 1 0 0 0 0 0 0 0 23 1 0.000 1.000 0.500 0 0.060 0 0 0 1
24 1.000 0.500 0.300 230 0 0 0 0 55 0 -0.100 0.300 0.000 0.000 0.000 0.000 0.000 0.000 100 100 3 3 3 0 0 100 0 0 0 0 10000 "R1005_T0.35" 1 0 0 0 0 0 0 0 24 1 0.000 1.000 0.500 0 0.060 0 0 0 0
25 1.000 0.500 0.300 230 0 0 0 0 55 0 0.000 0.300 0.000 0.000 0.000 0.000 0.000 0.000 100 100 3 3 3 0 0 90 0 0 0 0 10000 "R1005_T0.35" 1 0 0 0 0 0 0 0 25 1 0.000 1.000 0.500 0 0.060 0 0 0 1
26 1.000 0.500 0.300 230 0 0 0 0 55 0 0.000 0.300 0.000 0.000 0.000 0.000 0.000 0.000 100 100 3 3 3 0 0 110 0 0 0 0 10000 "R1005_T0.35" 1 0 0 0 0 0 0 0 26 1 0.000 1.000 0.500 0 0.060 0 0 0 1
27 1.000 0.500 0.300 230 0 0 0 0 55 0 0.000 0.300 0.000 0.000 0.000 0.000 0.000 0.000 100 100 3 3 3 0 0 100 0 0 0 0 10000 "R1005_T0.35" 1 0 0 0 0 0 0 0 27 1 0.000 1.000 0.500 0 0.060 0 0 0 1
28 1.000 0.500 0.300 230 0 0 0 0 55 0 -0.100 0.300 0.000 0.000 0.000 0.000 0.000 0.000 100 100 3 3 3 0 0 100 0 0 0 0 10000 "R1005_T0.35" 1 0 0 0 0 0 0 0 28 1 0.000 1.000 0.500 0 0.060 0 0 0 1
29 1.000 0.500 0.300 230 0 0 0 0 55 0 -0.100 0.300 0.000 0.000 0.000 0.000 0.000 0.000 100 100 3 3 3 0 0 100 0 0 0 0 10000 "R1005_T0.35" 1 0 0 0 0 0 0 0 29 1 0.000 1.000 0.500 0 0.060 0 0 0 1
30 1.000 0.500 0.300 230 0 0 0 0 55 0 -0.100 0.300 0.000 0.000 0.000 0.000 0.000 0.000 100 100 3 3 3 0 0 100 0 0 0 0 10000 "R1005_T0.35" 1 0 0 0 0 0 0 0 30 1 0.000 1.000 0.500 0 0.060 0 0 0 1
31 1.000 0.500 0.300 230 0 0 0 0 55 0 -0.100 0.300 0.000 0.000 0.000 0.000 0.000 0.000 100 100 3 3 3 0 0 110 0 0 0 0 10000 "R1005_T0.35" 1 0 0 0 0 0 0 0 31 1 0.000 1.000 0.500 0 0.060 0 0 0 1
32 1.000 0.500 0.300 230 0 0 0 0 55 0 -0.100 0.300 0.000 0.000 0.000 0.000 0.000 0.000 100 100 3 3 3 0 0 90 0 0 0 0 10000 "R1005_T0.35" 1 0 0 0 0 0 0 0 32 1 0.000 1.000 0.500 0 0.060 0 0 0 1
33 1.000 0.500 0.300 230 0 0 0 0 55 0 -0.100 0.300 0.000 0.000 0.000 0.000 0.000 0.000 100 100 3 3 3 0 0 90 0 0 0 0 10000 "R1005_T0.35" 1 0 0 0 0 0 0 0 33 1 0.000 1.000 0.500 0 0.060 0 0 0 1
34 1.000 0.500 0.300 230 0 0 0 0 55 0 -0.100 0.300 0.000 0.000 0.000 0.000 0.000 0.000 100 100 3 3 3 0 0 40 0 0 0 0 10000 "R1005_T0.35" 1 0 0 0 0 0 0 0 34 1 0.000 1.000 0.500 0 0.060 0 0 0 1
35 1.000 0.500 0.300 230 0 0 0 0 55 0 -0.100 0.300 0.000 0.000 0.000 0.000 0.000 0.000 100 100 3 3 3 0 0 100 0 0 0 0 10000 "R1005_T0.35" 1 0 0 0 0 0 0 0 35 1 0.000 1.000 0.500 0 0.060 0 0 0 1
36 1.000 0.500 0.300 230 0 0 0 0 55 0 -0.100 0.300 0.000 0.000 0.000 0.000 0.000 0.000 100 100 3 3 3 0 0 110 0 0 0 0 10000 "R1005_T0.35" 1 0 0 0 0 0 0 0 36 1 0.000 1.000 0.500 0 0.060 0 0 0 1
37 1.000 0.500 0.300 230 0 0 0 0 55 0 -0.100 0.300 0.000 0.000 0.000 0.000 0.000 0.000 100 100 3 3 3 0 0 100 0 0 0 0 10000 "R1005_T0.35" 1 0 0 0 0 0 0 0 37 1 0.000 1.000 0.500 0 0.060 0 0 0 1
38 1.000 0.500 0.300 230 0 0 0 0 55 0 -0.100 0.300 0.000 0.000 0.000 0.000 0.000 0.000 100 100 3 3 3 0 0 65 0 0 0 0 10000 "R1005_T0.35" 1 0 0 0 0 0 0 0 38 1 0.000 1.000 0.500 0 0.060 0 0 0 1
39 1.000 0.500 0.300 230 0 0 0 0 55 0 -0.100 0.300 0.000 0.000 0.000 0.000 0.000 0.000 100 100 3 3 3 0 0 100 0 0 0 0 10000 "R1005_T0.35" 1 0 0 0 0 0 0 0 39 1 0.000 1.000 0.500 0 0.060 0 0 0 1
40 1.000 0.500 0.300 230 0 0 0 0 55 0 -0.100 0.300 0.000 0.000 0.000 0.000 0.000 0.000 100 100 3 3 3 0 0 100 0 0 0 0 10000 "R1005_T0.35" 1 0 0 0 0 0 0 0 40 1 0.000 1.000 0.500 0 0.060 0 0 0 1
41 1.000 0.500 0.300 230 0 0 0 0 55 0 0.000 0.300 0.000 0.000 0.000 0.000 0.000 0.000 100 100 3 3 3 0 0 100 0 0 0 0 10000 "R1005_T0.35" 1 0 0 0 0 0 0 0 41 1 0.000 1.000 0.500 0 0.060 0 0 0 1
42 1.000 0.500 0.300 230 0 0 0 0 55 0 -0.100 0.300 0.000 0.000 0.000 0.000 0.000 0.000 100 100 3 3 3 0 0 100 0 0 0 0 10000 "R1005_T0.35" 1 0 0 0 0 0 0 0 42 1 0.000 1.000 0.500 0 0.060 0 0 0 1
43 1.000 0.500 0.300 230 0 0 0 0 55 0 -0.100 0.300 0.000 0.000 0.000 0.000 0.000 0.000 100 100 3 3 3 0 0 100 0 0 0 0 10000 "R1005_T0.35" 1 0 0 0 0 0 0 0 43 1 0.000 1.000 0.500 0 0.060 0 0 0 1
44 1.000 0.500 0.300 230 0 0 0 0 55 0 -0.100 0.300 0.000 0.000 0.000 0.000 0.000 0.000 100 100 3 3 3 0 0 40 0 0 0 0 10000 "R1005_T0.35" 1 0 0 0 0 0 0 0 44 1 0.000 1.000 0.500 0 0.060 0 0 0 1
45 1.000 0.500 0.300 230 0 0 0 0 55 0 -0.100 0.300 0.000 0.000 0.000 0.000 0.000 0.000 100 100 3 3 3 0 0 100 0 0 0 0 10000 "R1005_T0.35" 1 0 0 0 0 0 0 0 45 1 0.000 1.000 0.500 0 0.060 0 0 0 1
46 1.000 0.500 0.300 230 0 0 0 0 55 0 -0.100 0.300 0.000 0.000 0.000 0.000 0.000 0.000 100 100 3 3 3 0 0 90 0 0 0 0 10000 "R1005_T0.35" 1 0 0 0 0 0 0 0 46 1 0.000 1.000 0.500 0 0.060 0 0 0 1
47 1.000 0.500 0.300 230 0 0 0 0 55 0 -0.100 0.300 0.000 0.000 0.000 0.000 0.000 0.000 100 100 3 3 3 0 0 40 0 0 0 0 10000 "R1005_T0.35" 1 0 0 0 0 0 0 0 47 1 0.000 1.000 0.500 0 0.060 0 0 0 1
48 1.000 0.500 0.300 230 0 0 0 0 55 0 -0.100 0.300 0.000 0.000 0.000 0.000 0.000 0.000 100 100 3 3 3 0 0 90 0 0 0 0 10000 "R1005_T0.35" 1 0 0 0 0 0 0 0 48 1 0.000 1.000 0.500 0 0.060 0 0 0 1
49 1.000 0.500 0.300 230 0 0 0 0 55 0 -0.100 0.300 0.000 0.000 0.000 0.000 0.000 0.000 100 100 3 3 3 0 0 100 0 0 0 0 10000 "R1005_T0.35" 1 0 0 0 0 0 0 0 49 1 0.000 1.000 0.500 0 0.060 0 0 0 1
50 1.000 0.500 0.300 230 0 0 0 0 55 0 -0.100 0.300 0.000 0.000 0.000 0.000 0.000 0.000 100 100 3 3 3 0 0 100 0 0 0 0 10000 "R1005_T0.35" 1 0 0 0 0 0 0 0 50 1 0.000 1.000 0.500 0 0.060 0 0 0 1
51 1.000 0.500 0.300 230 0 0 0 0 55 0 -0.100 0.300 0.000 0.000 0.000 0.000 0.000 0.000 100 100 3 3 3 0 0 100 0 0 0 0 10000 "R1005_T0.35" 1 0 0 0 0 0 0 0 51 1 0.000 1.000 0.500 0 0.060 0 0 0 1
52 1.000 0.500 0.300 230 0 0 0 0 55 0 -0.100 0.300 0.000 0.000 0.000 0.000 0.000 0.000 100 100 3 3 3 0 0 90 0 0 0 0 10000 "R1005_T0.35" 1 0 0 0 0 0 0 0 52 1 0.000 1.000 0.500 0 0.060 0 0 0 1
53 1.000 0.500 0.300 230 0 0 0 0 55 0 -0.100 0.300 0.000 0.000 0.000 0.000 0.000 0.000 100 100 3 3 3 0 0 110 0 0 0 0 10000 "R1005_T0.35" 1 0 0 0 0 0 0 0 53 1 0.000 1.000 0.500 0 0.060 0 0 0 1
54 1.000 0.500 0.300 230 0 0 0 0 55 0 -0.100 0.300 0.000 0.000 0.000 0.000 0.000 0.000 100 100 3 3 3 0 0 100 0 0 0 0 10000 "R1005_T0.35" 1 0 0 0 0 0 0 0 54 1 0.000 1.000 0.500 0 0.060 0 0 0 1
55 1.000 0.500 0.300 230 0 0 0 0 55 0 -0.100 0.300 0.000 0.000 0.000 0.000 0.000 0.000 100 100 3 3 3 0 0 90 0 0 0 0 10000 "R1005_T0.35" 1 0 0 0 0 0 0 0 55 1 0.000 1.000 0.500 0 0.060 0 0 0 1
56 1.000 0.500 0.300 230 0 0 0 0 55 0 -0.100 0.300 0.000 0.000 0.000 0.000 0.000 0.000 100 100 3 3 3 0 0 100 0 0 0 0 10000 "R1005_T0.35" 1 0 0 0 0 0 0 0 56 1 0.000 1.000 0.500 0 0.060 0 0 0 1
57 1.000 0.500 0.300 230 0 0 0 0 55 0 -0.100 0.300 0.000 0.000 0.000 0.000 0.000 0.000 100 100 3 3 3 0 0 100 0 0 0 0 10000 "R1005_T0.35" 1 0 0 0 0 0 0 0 57 1 0.000 1.000 0.500 0 0.060 0 0 0 1
58 1.000 0.500 0.300 230 0 0 0 0 55 0 -0.100 0.300 0.000 0.000 0.000 0.000 0.000 0.000 100 100 3 3 3 0 0 100 0 0 0 0 10000 "R1005_T0.35" 1 0 0 0 0 0 0 0 58 1 0.000 1.000 0.500 0 0.060 0 0 0 1
59 1.000 0.500 0.300 230 0 0 0 0 55 0 -0.100 0.300 0.000 0.000 0.000 0.000 0.000 0.000 100 100 3 3 3 0 0 40 0 0 0 0 10000 "R1005_T0.35" 1 0 0 0 0 0 0 0 59 1 0.000 1.000 0.500 0 0.060 0 0 0 1
60 1.000 0.500 0.300 230 0 0 0 0 55 0 -0.100 0.300 0.000 0.000 0.000 0.000 0.000 0.000 100 100 3 3 3 0 0 40 0 0 0 0 10000 "R1005_T0.35" 1 0 0 0 0 0 0 0 60 1 0.000 1.000 0.500 0 0.060 0 0 0 1
61 1.000 0.500 0.300 230 0 0 0 0 55 0 -0.100 0.300 0.000 0.000 0.000 0.000 0.000 0.000 100 100 3 3 3 0 0 100 0 0 0 0 10000 "R1005_T0.35" 1 0 0 0 0 0 0 0 61 1 0.000 1.000 0.500 0 0.060 0 0 0 1
62 1.000 0.500 0.300 230 0 0 0 0 55 0 -0.100 0.300 0.000 0.000 0.000 0.000 0.000 0.000 100 100 3 3 3 0 0 100 0 0 0 0 10000 "R1005_T0.35" 1 0 0 0 0 0 0 0 62 1 0.000 1.000 0.500 0 0.060 0 0 0 1
63 1.000 0.500 0.300 230 0 0 0 0 55 0 -0.100 0.300 0.000 0.000 0.000 0.000 0.000 0.000 100 100 3 3 3 0 0 100 0 0 0 0 10000 "R1005_T0.35" 1 0 0 0 0 0 0 0 63 1 0.000 1.000 0.500 0 0.060 0 0 0 1
64 2.000 1.000 0.450 230 0 0 0 0 81 0 0.000 0.150 0.000 0.000 0.000 0.000 0.000 0.000 100 80 3 3 3 1 0 40 0 0 0 0 3000 "ARRAY2010_T0.4" 21 0 0 0 0 0 0 0 64 1 0.000 2.000 1.000 0 0.070 0 0 0 1
65 1.000 0.500 0.500 230 0 0 0 0 55 0 0.100 0.300 0.000 0.000 0.000 0.000 0.000 0.000 100 100 3 3 3 0 0 40 0 0 0 0 10000 "C1005_T0.5" 2 0 0 0 0 0 0 0 65 1 0.000 1.000 0.500 0 0.100 0 0 0 1
66 1.000 0.500 0.500 230 0 0 0 0 55 0 0.000 0.300 0.000 0.000 0.000 0.000 0.000 0.000 100 100 3 3 3 0 0 100 0 0 0 0 10000 "C1005_T0.5" 2 0 0 0 0 0 0 0 66 1 0.000 1.000 0.500 0 0.100 0 0 0 1
67 1.000 0.500 0.300 230 0 0 0 0 55 0 -0.100 0.300 0.000 0.000 0.000 0.000 0.000 0.000 100 100 3 3 3 0 0 100 0 0 0 0 10000 "R1005_T0.35" 1 0 0 0 0 0 0 0 67 1 0.000 1.000 0.500 0 0.060 0 0 0 1
68 1.000 0.500 0.300 230 0 0 0 0 55 0 0.000 0.300 0.000 0.000 0.000 0.000 0.000 0.000 100 100 3 3 3 0 0 90 0 0 0 0 10000 "R1005_T0.35" 1 0 0 0 0 0 0 0 68 1 0.000 1.000 0.500 0 0.060 0 0 0 1
69 2.000 1.000 0.450 230 0 0 0 0 81 0 0.000 0.150 0.000 0.000 0.000 0.000 0.000 0.000 100 80 3 3 3 1 0 100 0 0 0 0 3000 "ARRAY2010_T0.4" 21 0 0 0 0 0 0 0 69 1 0.000 2.000 1.000 0 0.070 0 0 0 1
70 1.000 0.500 0.300 230 0 0 0 0 55 0 -0.100 0.300 0.000 0.000 0.000 0.000 0.000 0.000 100 100 3 3 3 0 0 100 0 0 0 0 10000 "R1005_T0.35" 1 0 0 0 0 0 0 0 70 1 0.000 1.000 0.500 0 0.060 0 0 0 1
71 1.000 0.500 0.300 230 0 0 0 0 55 0 0.000 0.300 0.000 0.000 0.000 0.000 0.000 0.000 100 100 3 3 3 0 0 110 0 0 0 0 10000 "R1005_T0.35" 1 0 0 0 0 0 0 0 71 1 0.000 1.000 0.500 0 0.060 0 0 0 1
72 1.010 1.000 0.300 230 0 0 0 0 51 0 0.000 0.300 0.000 0.000 0.000 0.000 0.000 0.000 100 100 3 3 3 1 0 100 0 0 0 0 3000 "ARRAY1010_T0.35" 21 0 0 0 0 0 0 0 72 1 0.000 1.010 1.000 0 0.070 0 0 0 1
73 1.010 1.000 0.300 230 0 0 0 0 51 0 -0.100 0.300 0.000 0.000 0.000 0.000 0.000 0.000 100 100 3 3 3 1 0 100 0 0 0 0 3000 "ARRAY1010_T0.35" 21 0 0 0 0 0 0 0 73 1 0.000 1.010 1.000 0 0.070 0 0 0 1
74 1.010 1.000 0.300 230 0 0 0 0 51 0 -0.100 0.300 0.000 0.000 0.000 0.000 0.000 0.000 100 100 3 3 3 1 0 100 0 0 0 0 3000 "ARRAY1010_T0.35" 21 0 0 0 0 0 0 0 74 1 0.000 1.010 1.000 0 0.070 0 0 0 1
75 1.010 1.000 0.300 230 0 0 0 0 51 0 -0.100 0.300 0.000 0.000 0.000 0.000 0.000 0.000 100 100 3 3 3 1 0 40 0 0 0 0 3000 "ARRAY1010_T0.35" 21 0 0 0 0 0 0 0 75 1 0.000 1.010 1.000 0 0.070 0 0 0 1
76 1.010 1.000 0.300 230 0 0 0 0 51 0 -0.100 0.300 0.000 0.000 0.000 0.000 0.000 0.000 100 100 3 3 3 1 0 40 0 0 0 0 3000 "ARRAY1010_T0.35" 21 0 0 0 0 0 0 0 76 1 0.000 1.010 1.000 0 0.070 0 0 0 1
77 1.000 0.500 0.500 230 0 0 0 0 55 0 0.000 0.300 0.000 0.000 0.000 0.000 0.000 0.000 100 100 3 3 3 0 0 0 0 0 0 0 10000 "C1005_T0.5" 2 0 0 0 0 0 0 0 77 1 0.000 1.000 0.500 0 0.100 0 0 0 0
78 1.600 0.800 0.800 230 110 0 0 0 51 0 0.000 0.300 0.000 0.000 0.000 0.000 0.000 0.000 100 100 3 3 3 0 0 100 0 0 0 0 4000 "C1608_T0.8" 2 0 0 0 0 0 0 0 78 1 0.000 1.600 0.800 0 0.160 0 0 0 1
79 1.600 0.800 0.800 230 110 0 0 0 51 0 0.100 0.300 0.000 0.000 0.000 0.000 0.000 0.000 100 100 3 3 3 0 0 50 0 0 0 0 4000 "C1608_T0.8" 2 0 0 0 0 0 0 0 79 1 0.000 1.600 0.800 0 0.160 0 0 0 1
80 1.600 0.800 0.800 230 0 0 0 0 51 0 0.100 0.300 0.000 0.000 0.000 0.000 0.000 0.000 100 100 3 3 3 0 0 50 0 0 0 0 4000 "C1608_T0.8" 2 0 0 0 0 0 0 0 80 1 0.000 1.600 0.800 0 0.160 0 0 0 1
81 1.550 0.800 0.800 230 110 0 0 0 51 0 0.100 0.300 0.000 0.000 0.000 0.000 0.000 0.000 100 100 3 3 3 0 0 100 0 0 0 0 4000 "C1608_T0.8" 2 0 0 0 0 0 0 0 81 1 0.000 1.550 0.800 0 0.160 0 0 0 1
82 1.600 0.800 0.450 230 0 0 0 0 51 0 -0.100 0.300 0.000 0.000 0.000 0.000 0.000 0.000 100 100 3 3 3 0 0 30 0 0 0 0 4000 "R1608_T0.45" 1 0 0 0 0 0 0 0 82 1 0.000 1.600 0.800 0 0.090 0 0 0 0
83 1.600 0.800 0.450 230 0 0 0 0 51 0 0.000 0.300 0.000 0.000 0.000 0.000 0.000 0.000 100 100 3 3 3 0 0 100 0 0 0 0 4000 "R1608_T0.45" 1 0 0 0 0 0 0 0 83 1 0.000 1.600 0.800 0 0.090 0 0 0 0
84 1.600 0.800 0.450 230 0 0 0 0 51 0 -0.100 0.300 0.000 0.000 0.000 0.000 0.000 0.000 100 100 3 3 3 0 0 100 0 0 0 0 4000 "R1608_T0.45" 1 0 0 0 0 0 0 0 84 1 0.000 1.600 0.800 0 0.090 0 0 0 0
85 1.600 0.800 0.450 230 0 0 0 0 51 0 0.000 0.300 0.000 0.000 0.000 0.000 0.000 0.000 100 100 3 3 3 0 0 100 0 0 0 0 4000 "R1608_T0.45" 1 0 0 0 0 0 0 0 85 1 0.000 1.600 0.800 0 0.090 0 0 0 0
86 1.600 0.800 0.800 230 110 0 0 0 51 0 0.100 0.300 0.000 0.000 0.000 0.000 0.000 0.000 100 100 3 3 3 0 0 100 0 0 0 0 4000 "C1608_T0.8" 2 0 0 0 0 0 0 0 86 1 0.000 1.600 0.800 0 0.160 0 0 0 1
87 1.600 0.800 0.800 230 110 0 0 0 51 0 0.000 0.300 0.000 0.000 0.000 0.000 0.000 0.000 100 100 3 3 3 0 0 80 0 0 0 0 4000 "C1608_T0.8" 2 0 0 0 0 0 0 0 87 1 0.000 1.600 0.800 0 0.160 0 0 0 1
88 1.600 0.800 0.450 230 0 0 0 0 51 0 -0.100 0.300 0.000 0.000 0.000 0.000 0.000 0.000 100 100 3 3 3 0 0 100 0 0 0 0 4000 "R1608_T0.45" 1 0 0 0 0 0 0 0 88 1 0.000 1.600 0.800 0 0.090 0 0 0 0
[ChipExtensionQFP]
IDNUM PITCHA PITCHB PITCHC PITCHD PINSA PINSB PINSC PINSD VPINSA VPINSB VPINSC VPINSD MISSA MISSB MISSC MISSD BNT FLOAT LTYP FMAX LSA LSB LSC LSD LOAD
[ChipExtensionBGA]
IDNUM PITCH PITCHY DIA BH BL MSA MSB MSC MSD MSE MSF MSG MSH MSI MSJ MSK MSL MSM MSN MSO DMAX LOAD FLAX Flaxload STZ STSPD SQGAP STTIME
[ChipExtensionFC]
IDNUM FLAX BXA BXB BXC BXD BXE BXF BXG BXH BYA BYB BYC BYD BYE BYF BYG BYH BDA BDB BDC BDD BDE BDF BDG BDH LOAD Flaxload STZ STSPD SQGAP STTIME
[ChipExtensionCT]
IDNUM REF DA DB DC DD DE DF DG DH DI DJ LOAD FLAX Flaxload STZ STSPD SQGAP STTIME
[ChipExtensionGR]
IDNUM LOAD FLAX Flaxload STZ STSPD SQGAP STTIME PINFRM ARYFORM NONGRID PINAD BMPAD PINGAD BMPGAD INSPGAD RTAD CIRAD LNAD CORAD RTGAD PINMS PINBS BMPARYBT GRBINA GRBINB GRBINC
1 0.000 0 0.000 0.000 0 0.000 0 0 0 0 0 0 0 0 0 0 0 0 0 0 0 0 0 0 0 0
2 2.500 0 2.500 0.000 100 0.000 0 0 0 0 0 0 0 0 0 0 0 0 0 0 0 0 0 1 1 1
3 2.500 0 2.500 0.000 100 0.000 0 0 0 0 0 0 0 0 0 0 0 0 0 0 0 0 0 2 2 2
4 2.500 0 2.500 0.000 100 0.000 0 0 0 0 0 0 0 0 0 0 0 0 0 0 0 0 0 3 3 3
5 2.500 0 2.500 0.000 100 0.000 0 0 0 0 0 0 0 0 0 0 0 0 0 0 0 0 0 4 4 4
6 2.500 0 2.500 0.000 100 0.000 0 0 0 0 0 0 0 0 0 0 0 0 0 0 0 0 0 5 5 5
7 2.500 0 2.500 0.000 100 0.000 0 0 0 0 0 0 0 0 0 0 0 0 0 0 0 0 0 6 6 6
8 2.500 0 2.500 0.000 100 0.000 0 0 0 0 0 0 0 0 0 0 0 0 0 0 0 0 0 7 7 7
9 2.500 0 2.500 0.000 100 0.000 0 0 0 0 0 0 0 0 0 0 0 0 0 0 0 0 0 8 8 8
10 2.500 0 2.500 0.000 100 0.000 0 0 0 0 0 0 0 0 0 0 0 0 0 0 0 0 0 9 9 9
11 2.500 0 2.500 0.000 100 0.000 0 0 0 0 0 0 0 0 0 0 0 0 0 0 0 0 0 10 10 10
12 2.500 0 2.500 0.000 100 0.000 0 0 0 0 0 0 0 0 0 0 0 0 0 0 0 0 0 11 11 11
13 2.500 0 2.500 0.000 100 0.000 0 0 0 0 0 0 0 0 0 0 0 0 0 0 0 0 0 12 12 12
14 2.500 0 2.500 0.000 100 0.000 0 0 0 0 0 0 0 0 0 0 0 0 0 0 0 0 0 13 13 13
15 2.500 0 2.500 0.000 100 0.000 0 0 0 0 0 0 0 0 0 0 0 0 0 0 0 0 0 14 14 14
16 2.500 0 2.500 0.000 100 0.000 0 0 0 0 0 0 0 0 0 0 0 0 0 0 0 0 0 15 15 15
17 2.500 0 2.500 0.000 100 0.000 0 0 0 0 0 0 0 0 0 0 0 0 0 0 0 0 0 16 16 16
18 2.500 0 2.500 0.000 100 0.000 0 0 0 0 0 0 0 0 0 0 0 0 0 0 0 0 0 17 17 17
19 2.500 0 2.500 0.000 100 0.000 0 0 0 0 0 0 0 0 0 0 0 0 0 0 0 0 0 18 18 18
20 2.500 0 2.500 0.000 100 0.000 0 0 0 0 0 0 0 0 0 0 0 0 0 0 0 0 0 19 19 19
21 2.500 0 2.500 0.000 100 0.000 0 0 0 0 0 0 0 0 0 0 0 0 0 0 0 0 0 20 20 20
22 2.500 0 2.500 0.000 100 0.000 0 0 0 0 0 0 0 0 0 0 0 0 0 0 0 0 0 21 21 21
23 2.500 0 2.500 0.000 100 0.000 0 0 0 0 0 0 0 0 0 0 0 0 0 0 0 0 0 22 22 22
24 2.500 0 2.500 0.000 100 0.000 0 0 0 0 0 0 0 0 0 0 0 0 0 0 0 0 0 23 23 23
25 2.500 0 2.500 0.000 100 0.000 0 0 0 0 0 0 0 0 0 0 0 0 0 0 0 0 0 24 24 24
26 2.500 0 2.500 0.000 100 0.000 0 0 0 0 0 0 0 0 0 0 0 0 0 0 0 0 0 25 25 25
27 2.500 0 2.500 0.000 100 0.000 0 0 0 0 0 0 0 0 0 0 0 0 0 0 0 0 0 26 26 26
28 2.500 0 2.500 0.000 100 0.000 0 0 0 0 0 0 0 0 0 0 0 0 0 0 0 0 0 27 27 27
29 2.500 0 2.500 0.000 100 0.000 0 0 0 0 0 0 0 0 0 0 0 0 0 0 0 0 0 28 28 28
30 2.500 0 2.500 0.000 100 0.000 0 0 0 0 0 0 0 0 0 0 0 0 0 0 0 0 0 29 29 29
31 2.500 0 2.500 0.000 100 0.000 0 0 0 0 0 0 0 0 0 0 0 0 0 0 0 0 0 30 30 30
32 2.500 0 2.500 0.000 100 0.000 0 0 0 0 0 0 0 0 0 0 0 0 0 0 0 0 0 31 31 31
33 2.500 0 2.500 0.000 100 0.000 0 0 0 0 0 0 0 0 0 0 0 0 0 0 0 0 0 32 32 32
34 2.500 0 2.500 0.000 100 0.000 0 0 0 0 0 0 0 0 0 0 0 0 0 0 0 0 0 33 33 33
35 2.500 0 2.500 0.000 100 0.000 0 0 0 0 0 0 0 0 0 0 0 0 0 0 0 0 0 34 34 34
36 2.500 0 2.500 0.000 100 0.000 0 0 0 0 0 0 0 0 0 0 0 0 0 0 0 0 0 35 35 35
37 2.500 0 2.500 0.000 100 0.000 0 0 0 0 0 0 0 0 0 0 0 0 0 0 0 0 0 36 36 36
38 2.500 0 2.500 0.000 100 0.000 0 0 0 0 0 0 0 0 0 0 0 0 0 0 0 0 0 37 37 37
39 2.500 0 2.500 0.000 100 0.000 0 0 0 0 0 0 0 0 0 0 0 0 0 0 0 0 0 38 38 38
40 2.500 0 2.500 0.000 100 0.000 0 0 0 0 0 0 0 0 0 0 0 0 0 0 0 0 0 39 39 39
41 2.500 0 2.500 0.000 100 0.000 0 0 0 0 0 0 0 0 0 0 0 0 0 0 0 0 0 40 40 40
42 2.500 0 2.500 0.000 100 0.000 0 0 0 0 0 0 0 0 0 0 0 0 0 0 0 0 0 41 41 41
43 2.500 0 2.500 0.000 100 0.000 0 0 0 0 0 0 0 0 0 0 0 0 0 0 0 0 0 42 42 42
44 2.500 0 2.500 0.000 100 0.000 0 0 0 0 0 0 0 0 0 0 0 0 0 0 0 0 0 43 43 43
45 2.500 0 2.500 0.000 100 0.000 0 0 0 0 0 0 0 0 0 0 0 0 0 0 0 0 0 44 44 44
46 2.500 0 2.500 0.000 100 0.000 0 0 0 0 0 0 0 0 0 0 0 0 0 0 0 0 0 45 45 45
47 2.500 0 2.500 0.000 100 0.000 0 0 0 0 0 0 0 0 0 0 0 0 0 0 0 0 0 46 46 46
48 2.500 0 2.500 0.000 100 0.000 0 0 0 0 0 0 0 0 0 0 0 0 0 0 0 0 0 47 47 47
49 2.500 0 2.500 0.000 100 0.000 0 0 0 0 0 0 0 0 0 0 0 0 0 0 0 0 0 48 48 48
50 2.500 0 2.500 0.000 100 0.000 0 0 0 0 0 0 0 0 0 0 0 0 0 0 0 0 0 49 49 49
51 2.500 0 2.500 0.000 100 0.000 0 0 0 0 0 0 0 0 0 0 0 0 0 0 0 0 0 50 50 50
52 2.500 0 2.500 0.000 100 0.000 0 0 0 0 0 0 0 0 0 0 0 0 0 0 0 0 0 51 51 51
53 2.500 0 2.500 0.000 100 0.000 0 0 0 0 0 0 0 0 0 0 0 0 0 0 0 0 0 52 52 52
54 2.500 0 2.500 0.000 100 0.000 0 0 0 0 0 0 0 0 0 0 0 0 0 0 0 0 0 53 53 53
55 2.500 0 2.500 0.000 100 0.000 0 0 0 0 0 0 0 0 0 0 0 0 0 0 0 0 0 54 54 54
56 2.500 0 2.500 0.000 100 0.000 0 0 0 0 0 0 0 0 0 0 0 0 0 0 0 0 0 55 55 55
57 2.500 0 2.500 0.000 100 0.000 0 0 0 0 0 0 0 0 0 0 0 0 0 0 0 0 0 56 56 56
58 2.500 0 2.500 0.000 100 0.000 0 0 0 0 0 0 0 0 0 0 0 0 0 0 0 0 0 57 57 57
59 2.500 0 2.500 0.000 100 0.000 0 0 0 0 0 0 0 0 0 0 0 0 0 0 0 0 0 58 58 58
60 2.500 0 2.500 0.000 100 0.000 0 0 0 0 0 0 0 0 0 0 0 0 0 0 0 0 0 59 59 59
61 2.500 0 2.500 0.000 100 0.000 0 0 0 0 0 0 0 0 0 0 0 0 0 0 0 0 0 60 60 60
62 2.500 0 2.500 0.000 100 0.000 0 0 0 0 0 0 0 0 0 0 0 0 0 0 0 0 0 61 61 61
63 2.500 0 2.500 0.000 100 0.000 0 0 0 0 0 0 0 0 0 0 0 0 0 0 0 0 0 62 62 62
64 2.500 0 2.500 0.000 100 0.000 0 0 0 0 0 0 0 0 0 0 0 0 0 0 0 0 0 63 63 63
65 2.500 0 2.500 0.000 100 0.000 0 0 0 0 0 0 0 0 0 0 0 0 0 0 0 0 0 64 64 64
66 2.500 0 2.500 0.000 100 0.000 0 0 0 0 0 0 0 0 0 0 0 0 0 0 0 0 0 65 65 65
67 2.500 0 2.500 0.000 100 0.000 0 0 0 0 0 0 0 0 0 0 0 0 0 0 0 0 0 66 66 66
68 2.500 0 2.500 0.000 100 0.000 0 0 0 0 0 0 0 0 0 0 0 0 0 0 0 0 0 67 67 67
69 2.500 0 2.500 0.000 100 0.000 0 0 0 0 0 0 0 0 0 0 0 0 0 0 0 0 0 68 68 68
70 2.500 0 2.500 0.000 100 0.000 0 0 0 0 0 0 0 0 0 0 0 0 0 0 0 0 0 69 69 69
71 2.500 0 2.500 0.000 100 0.000 0 0 0 0 0 0 0 0 0 0 0 0 0 0 0 0 0 70 70 70
72 0.000 0 0.000 0.000 0 0.000 0 0 0 0 0 0 0 0 0 0 0 0 0 0 0 0 0 71 71 71
73 0.000 0 0.000 0.000 0 0.000 0 0 0 0 0 0 0 0 0 0 0 0 0 0 0 0 0 72 72 72
74 0.000 0 0.000 0.000 0 0.000 0 0 0 0 0 0 0 0 0 0 0 0 0 0 0 0 0 73 73 73
75 0.000 0 0.000 0.000 0 0.000 0 0 0 0 0 0 0 0 0 0 0 0 0 0 0 0 0 74 74 74
76 0.000 0 0.000 0.000 0 0.000 0 0 0 0 0 0 0 0 0 0 0 0 0 0 0 0 0 75 75 75
77 2.500 0 2.500 0.000 100 0.000 0 0 0 0 0 0 0 0 0 0 0 0 0 0 0 0 0 76 76 76
78 2.500 0 2.500 0.000 100 0.000 0 0 0 0 0 0 0 0 0 0 0 0 0 0 0 0 0 77 77 77
79 2.500 0 2.500 0.000 100 0.000 0 0 0 0 0 0 0 0 0 0 0 0 0 0 0 0 0 78 78 78
80 2.500 0 2.500 0.000 100 0.000 0 0 0 0 0 0 0 0 0 0 0 0 0 0 0 0 0 79 79 79
81 2.500 0 2.500 0.000 100 0.000 0 0 0 0 0 0 0 0 0 0 0 0 0 0 0 0 0 80 80 80
82 2.500 0 2.500 0.000 100 0.000 0 0 0 0 0 0 0 0 0 0 0 0 0 0 0 0 0 81 81 81
83 2.500 0 2.500 0.000 100 0.000 0 0 0 0 0 0 0 0 0 0 0 0 0 0 0 0 0 82 82 82
84 2.500 0 2.500 0.000 100 0.000 0 0 0 0 0 0 0 0 0 0 0 0 0 0 0 0 0 83 83 83
85 2.500 0 2.500 0.000 100 0.000 0 0 0 0 0 0 0 0 0 0 0 0 0 0 0 0 0 84 84 84
86 2.500 0 2.500 0.000 100 0.000 0 0 0 0 0 0 0 0 0 0 0 0 0 0 0 0 0 85 85 85
87 2.500 0 2.500 0.000 100 0.000 0 0 0 0 0 0 0 0 0 0 0 0 0 0 0 0 0 86 86 86
88 2.500 0 2.500 0.000 100 0.000 0 0 0 0 0 0 0 0 0 0 0 0 0 0 0 0 0 87 87 87
[GRDetailPINFRM]
IDNUM NextID LType LSect Side N P W L OFS

[GRDetailARYFORM]
IDNUM LType LSect Col Row Px Py W

[GRDetailNONGRID]
IDNUM Lt Wt ColB RowB Total

[GRDetailPINAD]
IDNUM NextID LType LSect Dummy T Cx Cy Dx Dy

[GRDetailBMPAD]
IDNUM NextID LType LSect Cx Cy W

[GRDetailPINGAD]
IDNUM NextID LType LSect Dummy N P W L T Cx Cy

[GRDetailBMPGAD]
IDNUM NextID LType LSect Dummy T Cx Cy Px Py W Col Row Type

[GRDetailINSPGAD]
IDNUM NextID T Cx Cy W P N Dummy

[GRDetailRTAD]
IDNUM NextID Atrb Dummy T Cx Cy Dx Dy

[GRDetailCIRAD]
IDNUM NextID Atrb Dummy T Cx Cy Dx Dy Ts Te

[GRDetailLNAD]
IDNUM NextID Atrb Dummy T Cx Cy L

[GRDetailCORAD]
IDNUM NextID Atrb Dummy T Cx Cy Dx Dy

[GRDetailRTGAD]
IDNUM NextID Atrb Dummy T Cx Cy Dx Dy

[GRDetailPINMS]
IDNUM NextID Side Class Num Pos

[GRDetailPINBS]
IDNUM NextID Side Dummy D

[GRDetailBMPARYBT]
IDNUM Col Row Check MSA MSB MSC MSD MSE MSF MSG MSH MSI MSJ MSK MSL MSM MSN MSO MSP

[GRDetailGRBINA]
IDNUM SIZE BLANK NUM SABPA SABPB SABPC SABPD SABPE SABPF SABPG SABPH SABPI SABPJ SABPK SABPL SABPM SABPN
1 896 896 2 0 0 0 0 0 0 0 0 0 0 0 0 0 0
2 896 896 2 0 0 0 0 0 0 0 0 0 0 0 0 0 0
3 896 896 2 0 0 0 0 0 0 0 0 0 0 0 0 0 0
4 896 896 2 0 0 0 0 0 0 0 0 0 0 0 0 0 0
5 896 896 2 0 0 0 0 0 0 0 0 0 0 0 0 0 0
6 896 896 2 0 0 0 0 0 0 0 0 0 0 0 0 0 0
7 896 896 2 0 0 0 0 0 0 0 0 0 0 0 0 0 0
8 896 896 2 0 0 0 0 0 0 0 0 0 0 0 0 0 0
9 896 896 2 0 0 0 0 0 0 0 0 0 0 0 0 0 0
10 896 896 2 0 0 0 0 0 0 0 0 0 0 0 0 0 0
11 896 896 2 0 0 0 0 0 0 0 0 0 0 0 0 0 0
12 896 896 2 0 0 0 0 0 0 0 0 0 0 0 0 0 0
13 896 896 2 0 0 0 0 0 0 0 0 0 0 0 0 0 0
14 896 896 2 0 0 0 0 0 0 0 0 0 0 0 0 0 0
15 896 896 2 0 0 0 0 0 0 0 0 0 0 0 0 0 0
16 896 896 2 0 0 0 0 0 0 0 0 0 0 0 0 0 0
17 896 896 2 0 0 0 0 0 0 0 0 0 0 0 0 0 0
18 896 896 2 0 0 0 0 0 0 0 0 0 0 0 0 0 0
19 896 896 2 0 0 0 0 0 0 0 0 0 0 0 0 0 0
20 896 896 2 0 0 0 0 0 0 0 0 0 0 0 0 0 0
21 896 896 2 0 0 0 0 0 0 0 0 0 0 0 0 0 0
22 896 896 2 0 0 0 0 0 0 0 0 0 0 0 0 0 0
23 896 896 2 0 0 0 0 0 0 0 0 0 0 0 0 0 0
24 896 896 2 0 0 0 0 0 0 0 0 0 0 0 0 0 0
25 896 896 2 0 0 0 0 0 0 0 0 0 0 0 0 0 0
26 896 896 2 0 0 0 0 0 0 0 0 0 0 0 0 0 0
27 896 896 2 0 0 0 0 0 0 0 0 0 0 0 0 0 0
28 896 896 2 0 0 0 0 0 0 0 0 0 0 0 0 0 0
29 896 896 2 0 0 0 0 0 0 0 0 0 0 0 0 0 0
30 896 896 2 0 0 0 0 0 0 0 0 0 0 0 0 0 0
31 896 896 2 0 0 0 0 0 0 0 0 0 0 0 0 0 0
32 896 896 2 0 0 0 0 0 0 0 0 0 0 0 0 0 0
33 896 896 2 0 0 0 0 0 0 0 0 0 0 0 0 0 0
34 896 896 2 0 0 0 0 0 0 0 0 0 0 0 0 0 0
35 896 896 2 0 0 0 0 0 0 0 0 0 0 0 0 0 0
36 896 896 2 0 0 0 0 0 0 0 0 0 0 0 0 0 0
37 896 896 2 0 0 0 0 0 0 0 0 0 0 0 0 0 0
38 896 896 2 0 0 0 0 0 0 0 0 0 0 0 0 0 0
39 896 896 2 0 0 0 0 0 0 0 0 0 0 0 0 0 0
40 896 896 2 0 0 0 0 0 0 0 0 0 0 0 0 0 0
41 896 896 2 0 0 0 0 0 0 0 0 0 0 0 0 0 0
42 896 896 2 0 0 0 0 0 0 0 0 0 0 0 0 0 0
43 896 896 2 0 0 0 0 0 0 0 0 0 0 0 0 0 0
44 896 896 2 0 0 0 0 0 0 0 0 0 0 0 0 0 0
45 896 896 2 0 0 0 0 0 0 0 0 0 0 0 0 0 0
46 896 896 2 0 0 0 0 0 0 0 0 0 0 0 0 0 0
47 896 896 2 0 0 0 0 0 0 0 0 0 0 0 0 0 0
48 896 896 2 0 0 0 0 0 0 0 0 0 0 0 0 0 0
49 896 896 2 0 0 0 0 0 0 0 0 0 0 0 0 0 0
50 896 896 2 0 0 0 0 0 0 0 0 0 0 0 0 0 0
51 896 896 2 0 0 0 0 0 0 0 0 0 0 0 0 0 0
52 896 896 2 0 0 0 0 0 0 0 0 0 0 0 0 0 0
53 896 896 2 0 0 0 0 0 0 0 0 0 0 0 0 0 0
54 896 896 2 0 0 0 0 0 0 0 0 0 0 0 0 0 0
55 896 896 2 0 0 0 0 0 0 0 0 0 0 0 0 0 0
56 896 896 2 0 0 0 0 0 0 0 0 0 0 0 0 0 0
57 896 896 2 0 0 0 0 0 0 0 0 0 0 0 0 0 0
58 896 896 2 0 0 0 0 0 0 0 0 0 0 0 0 0 0
59 896 896 2 0 0 0 0 0 0 0 0 0 0 0 0 0 0
60 896 896 2 0 0 0 0 0 0 0 0 0 0 0 0 0 0
61 896 896 2 0 0 0 0 0 0 0 0 0 0 0 0 0 0
62 896 896 2 0 0 0 0 0 0 0 0 0 0 0 0 0 0
63 896 896 2 0 0 0 0 0 0 0 0 0 0 0 0 0 0
64 896 896 2 0 0 0 0 0 0 0 0 0 0 0 0 0 0
65 896 896 2 0 0 0 0 0 0 0 0 0 0 0 0 0 0
66 896 896 2 0 0 0 0 0 0 0 0 0 0 0 0 0 0
67 896 896 2 0 0 0 0 0 0 0 0 0 0 0 0 0 0
68 896 896 2 0 0 0 0 0 0 0 0 0 0 0 0 0 0
69 896 896 2 0 0 0 0 0 0 0 0 0 0 0 0 0 0
70 896 896 2 0 0 0 0 0 0 0 0 0 0 0 0 0 0
71 896 896 2 0 0 0 0 0 0 0 0 0 0 0 0 0 0
72 896 896 2 0 0 0 0 0 0 0 0 0 0 0 0 0 0
73 896 896 2 0 0 0 0 0 0 0 0 0 0 0 0 0 0
74 896 896 2 0 0 0 0 0 0 0 0 0 0 0 0 0 0
75 896 896 2 0 0 0 0 0 0 0 0 0 0 0 0 0 0
76 896 896 2 0 0 0 0 0 0 0 0 0 0 0 0 0 0
77 896 896 2 0 0 0 0 0 0 0 0 0 0 0 0 0 0
78 896 896 2 0 0 0 0 0 0 0 0 0 0 0 0 0 0
79 896 896 2 0 0 0 0 0 0 0 0 0 0 0 0 0 0
80 896 896 2 0 0 0 0 0 0 0 0 0 0 0 0 0 0
81 896 896 2 0 0 0 0 0 0 0 0 0 0 0 0 0 0
82 896 896 2 0 0 0 0 0 0 0 0 0 0 0 0 0 0
83 896 896 2 0 0 0 0 0 0 0 0 0 0 0 0 0 0
84 896 896 2 0 0 0 0 0 0 0 0 0 0 0 0 0 0
85 896 896 2 0 0 0 0 0 0 0 0 0 0 0 0 0 0
86 896 896 2 0 0 0 0 0 0 0 0 0 0 0 0 0 0
87 896 896 2 0 0 0 0 0 0 0 0 0 0 0 0 0 0

[GRDetailGRBINB]
IDNUM SIZE BLANK SBBPA SBBPB SBBPC SBBPD SBBPE SBBPF SBBPG SBBPH SBBPI SBBPJ SBBPK SBBPL
1 764 764 0 0 0 0 0 0 0 0 0 0 0 0
2 764 764 0 0 0 0 0 0 0 0 0 0 0 0
3 764 764 0 0 0 0 0 0 0 0 0 0 0 0
4 764 764 0 0 0 0 0 0 0 0 0 0 0 0
5 764 764 0 0 0 0 0 0 0 0 0 0 0 0
6 764 764 0 0 0 0 0 0 0 0 0 0 0 0
7 764 764 0 0 0 0 0 0 0 0 0 0 0 0
8 764 764 0 0 0 0 0 0 0 0 0 0 0 0
9 764 764 0 0 0 0 0 0 0 0 0 0 0 0
10 764 764 0 0 0 0 0 0 0 0 0 0 0 0
11 764 764 0 0 0 0 0 0 0 0 0 0 0 0
12 764 764 0 0 0 0 0 0 0 0 0 0 0 0
13 764 764 0 0 0 0 0 0 0 0 0 0 0 0
14 764 764 0 0 0 0 0 0 0 0 0 0 0 0
15 764 764 0 0 0 0 0 0 0 0 0 0 0 0
16 764 764 0 0 0 0 0 0 0 0 0 0 0 0
17 764 764 0 0 0 0 0 0 0 0 0 0 0 0
18 764 764 0 0 0 0 0 0 0 0 0 0 0 0
19 764 764 0 0 0 0 0 0 0 0 0 0 0 0
20 764 764 0 0 0 0 0 0 0 0 0 0 0 0
21 764 764 0 0 0 0 0 0 0 0 0 0 0 0
22 764 764 0 0 0 0 0 0 0 0 0 0 0 0
23 764 764 0 0 0 0 0 0 0 0 0 0 0 0
24 764 764 0 0 0 0 0 0 0 0 0 0 0 0
25 764 764 0 0 0 0 0 0 0 0 0 0 0 0
26 764 764 0 0 0 0 0 0 0 0 0 0 0 0
27 764 764 0 0 0 0 0 0 0 0 0 0 0 0
28 764 764 0 0 0 0 0 0 0 0 0 0 0 0
29 764 764 0 0 0 0 0 0 0 0 0 0 0 0
30 764 764 0 0 0 0 0 0 0 0 0 0 0 0
31 764 764 0 0 0 0 0 0 0 0 0 0 0 0
32 764 764 0 0 0 0 0 0 0 0 0 0 0 0
33 764 764 0 0 0 0 0 0 0 0 0 0 0 0
34 764 764 0 0 0 0 0 0 0 0 0 0 0 0
35 764 764 0 0 0 0 0 0 0 0 0 0 0 0
36 764 764 0 0 0 0 0 0 0 0 0 0 0 0
37 764 764 0 0 0 0 0 0 0 0 0 0 0 0
38 764 764 0 0 0 0 0 0 0 0 0 0 0 0
39 764 764 0 0 0 0 0 0 0 0 0 0 0 0
40 764 764 0 0 0 0 0 0 0 0 0 0 0 0
41 764 764 0 0 0 0 0 0 0 0 0 0 0 0
42 764 764 0 0 0 0 0 0 0 0 0 0 0 0
43 764 764 0 0 0 0 0 0 0 0 0 0 0 0
44 764 764 0 0 0 0 0 0 0 0 0 0 0 0
45 764 764 0 0 0 0 0 0 0 0 0 0 0 0
46 764 764 0 0 0 0 0 0 0 0 0 0 0 0
47 764 764 0 0 0 0 0 0 0 0 0 0 0 0
48 764 764 0 0 0 0 0 0 0 0 0 0 0 0
49 764 764 0 0 0 0 0 0 0 0 0 0 0 0
50 764 764 0 0 0 0 0 0 0 0 0 0 0 0
51 764 764 0 0 0 0 0 0 0 0 0 0 0 0
52 764 764 0 0 0 0 0 0 0 0 0 0 0 0
53 764 764 0 0 0 0 0 0 0 0 0 0 0 0
54 764 764 0 0 0 0 0 0 0 0 0 0 0 0
55 764 764 0 0 0 0 0 0 0 0 0 0 0 0
56 764 764 0 0 0 0 0 0 0 0 0 0 0 0
57 764 764 0 0 0 0 0 0 0 0 0 0 0 0
58 764 764 0 0 0 0 0 0 0 0 0 0 0 0
59 764 764 0 0 0 0 0 0 0 0 0 0 0 0
60 764 764 0 0 0 0 0 0 0 0 0 0 0 0
61 764 764 0 0 0 0 0 0 0 0 0 0 0 0
62 764 764 0 0 0 0 0 0 0 0 0 0 0 0
63 764 764 0 0 0 0 0 0 0 0 0 0 0 0
64 764 764 0 0 0 0 0 0 0 0 0 0 0 0
65 764 764 0 0 0 0 0 0 0 0 0 0 0 0
66 764 764 0 0 0 0 0 0 0 0 0 0 0 0
67 764 764 0 0 0 0 0 0 0 0 0 0 0 0
68 764 764 0 0 0 0 0 0 0 0 0 0 0 0
69 764 764 0 0 0 0 0 0 0 0 0 0 0 0
70 764 764 0 0 0 0 0 0 0 0 0 0 0 0
71 764 764 0 0 0 0 0 0 0 0 0 0 0 0
72 764 764 0 0 0 0 0 0 0 0 0 0 0 0
73 764 764 0 0 0 0 0 0 0 0 0 0 0 0
74 764 764 0 0 0 0 0 0 0 0 0 0 0 0
75 764 764 0 0 0 0 0 0 0 0 0 0 0 0
76 764 764 0 0 0 0 0 0 0 0 0 0 0 0
77 764 764 0 0 0 0 0 0 0 0 0 0 0 0
78 764 764 0 0 0 0 0 0 0 0 0 0 0 0
79 764 764 0 0 0 0 0 0 0 0 0 0 0 0
80 764 764 0 0 0 0 0 0 0 0 0 0 0 0
81 764 764 0 0 0 0 0 0 0 0 0 0 0 0
82 764 764 0 0 0 0 0 0 0 0 0 0 0 0
83 764 764 0 0 0 0 0 0 0 0 0 0 0 0
84 764 764 0 0 0 0 0 0 0 0 0 0 0 0
85 764 764 0 0 0 0 0 0 0 0 0 0 0 0
86 764 764 0 0 0 0 0 0 0 0 0 0 0 0
87 764 764 0 0 0 0 0 0 0 0 0 0 0 0

[GRDetailGRBINC]
IDNUM SIZE BLANK SCBPA SCBPB SCBPC SCBPD SCBPE SCBPF SCBPG SCBPH SCBPI SCBPJ SCBPK SCBPL
1 716 696 2C0114000000803E0000803EB81E053EB81E053E 0 0 0 0 0 0 0 0 0 0 0
2 716 696 2C0114000000803E0000803EB81E053EB81E053E 0 0 0 0 0 0 0 0 0 0 0
3 716 696 2C0114000000803E0000803EB81E053EB81E053E 0 0 0 0 0 0 0 0 0 0 0
4 716 696 2C0114000000803E0000803EB81E053EB81E053E 0 0 0 0 0 0 0 0 0 0 0
5 716 696 2C0114000000803E0000803EB81E053EB81E053E 0 0 0 0 0 0 0 0 0 0 0
6 716 696 2C0114000000803E0000803EB81E053EB81E053E 0 0 0 0 0 0 0 0 0 0 0
7 716 696 2C0114000000803E0000803EB81E053EB81E053E 0 0 0 0 0 0 0 0 0 0 0
8 716 696 2C0114000000803E0000803EB81E053EB81E053E 0 0 0 0 0 0 0 0 0 0 0
9 716 696 2C0114000000803E0000803EB81E053EB81E053E 0 0 0 0 0 0 0 0 0 0 0
10 716 696 2C0114000000803E0000803EB81E053EB81E053E 0 0 0 0 0 0 0 0 0 0 0
11 716 696 2C0114000000803E0000803EB81E053EB81E053E 0 0 0 0 0 0 0 0 0 0 0
12 716 696 2C0114000000803E0000803EB81E053EB81E053E 0 0 0 0 0 0 0 0 0 0 0
13 716 696 2C0114000000803E0000803EB81E053EB81E053E 0 0 0 0 0 0 0 0 0 0 0
14 716 696 2C0114000000803E0000803EB81E053EB81E053E 0 0 0 0 0 0 0 0 0 0 0
15 716 696 2C0114000000803E0000803EB81E053EB81E053E 0 0 0 0 0 0 0 0 0 0 0
16 716 688 4C011C000000008000000000000000806666E63E0000803E0002FFB4 0 0 0 0 0 0 0 0 0 0 0
17 716 688 4C011C000000008000000000000000806666E63E0000803E0002FFB4 0 0 0 0 0 0 0 0 0 0 0
18 716 688 4C011C000000008000000000000000806666E63E0000803E0002FFB4 0 0 0 0 0 0 0 0 0 0 0
19 716 688 4C011C000000008000000000000000806666E63E0000803E0002FFB4 0 0 0 0 0 0 0 0 0 0 0
20 716 688 4C011C000000008000000000000000806666E63E0000803E0002FFB4 0 0 0 0 0 0 0 0 0 0 0
21 716 688 4C011C000000008000000000000000806666E63E0000803E0002FFB4 0 0 0 0 0 0 0 0 0 0 0
22 716 688 4C011C000000008000000000000000806666E63E0000803E0002FFB4 0 0 0 0 0 0 0 0 0 0 0
23 716 688 4C011C000000008000000000000000806666E63E0000803E0002FFB4 0 0 0 0 0 0 0 0 0 0 0
24 716 688 4C011C000000008000000000000000803333B33ECDCC4C3E0002FFC8 0 0 0 0 0 0 0 0 0 0 0
25 716 688 4C011C000000008000000000000000806666E63E0000803E0002FFB4 0 0 0 0 0 0 0 0 0 0 0
26 716 688 4C011C000000008000000000000000806666E63E0000803E0002FFB4 0 0 0 0 0 0 0 0 0 0 0
27 716 688 4C011C000000008000000000000000806666E63E0000803E0002FFB4 0 0 0 0 0 0 0 0 0 0 0
28 716 688 4C011C000000008000000000000000806666E63E0000803E0002FFB4 0 0 0 0 0 0 0 0 0 0 0
29 716 688 4C011C000000008000000000000000806666E63E0000803E0002FFB4 0 0 0 0 0 0 0 0 0 0 0
30 716 688 4C011C000000008000000000000000806666E63E0000803E0002FFB4 0 0 0 0 0 0 0 0 0 0 0
31 716 688 4C011C000000008000000000000000806666E63E0000803E0002FFB4 0 0 0 0 0 0 0 0 0 0 0
32 716 688 4C011C000000008000000000000000806666E63E0000803E0002FFB4 0 0 0 0 0 0 0 0 0 0 0
33 716 688 4C011C000000008000000000000000806666E63E0000803E0002FFB4 0 0 0 0 0 0 0 0 0 0 0
34 716 688 4C011C000000008000000000000000806666E63E0000803E0002FFB4 0 0 0 0 0 0 0 0 0 0 0
35 716 688 4C011C000000008000000000000000806666E63E0000803E0002FFB4 0 0 0 0 0 0 0 0 0 0 0
36 716 688 4C011C000000008000000000000000806666E63E0000803E0002FFB4 0 0 0 0 0 0 0 0 0 0 0
37 716 688 4C011C000000008000000000000000806666E63E0000803E0002FFB4 0 0 0 0 0 0 0 0 0 0 0
38 716 688 4C011C000000008000000000000000806666E63E0000803E0002FFB4 0 0 0 0 0 0 0 0 0 0 0
39 716 688 4C011C000000008000000000000000806666E63E0000803E0002FFB4 0 0 0 0 0 0 0 0 0 0 0
40 716 688 4C011C000000008000000000000000806666E63E0000803E0002FFB4 0 0 0 0 0 0 0 0 0 0 0
41 716 688 4C011C000000008000000000000000806666E63E0000803E0002FFB4 0 0 0 0 0 0 0 0 0 0 0
42 716 688 4C011C000000008000000000000000806666E63E0000803E0002FFB4 0 0 0 0 0 0 0 0 0 0 0
43 716 688 4C011C000000008000000000000000806666E63E0000803E0002FFB4 0 0 0 0 0 0 0 0 0 0 0
44 716 688 4C011C000000008000000000000000806666E63E0000803E0002FFB4 0 0 0 0 0 0 0 0 0 0 0
45 716 688 4C011C000000008000000000000000806666E63E0000803E0002FFB4 0 0 0 0 0 0 0 0 0 0 0
46 716 688 4C011C000000008000000000000000806666E63E0000803E0002FFB4 0 0 0 0 0 0 0 0 0 0 0
47 716 688 4C011C000000008000000000000000806666E63E0000803E0002FFB4 0 0 0 0 0 0 0 0 0 0 0
48 716 688 4C011C000000008000000000000000806666E63E0000803E0002FFB4 0 0 0 0 0 0 0 0 0 0 0
49 716 688 4C011C000000008000000000000000806666E63E0000803E0002FFB4 0 0 0 0 0 0 0 0 0 0 0
50 716 688 4C011C000000008000000000000000806666E63E0000803E0002FFB4 0 0 0 0 0 0 0 0 0 0 0
51 716 688 4C011C000000008000000000000000806666E63E0000803E0002FFB4 0 0 0 0 0 0 0 0 0 0 0
52 716 688 4C011C000000008000000000000000806666E63E0000803E0002FFB4 0 0 0 0 0 0 0 0 0 0 0
53 716 688 4C011C000000008000000000000000806666E63E0000803E0002FFB4 0 0 0 0 0 0 0 0 0 0 0
54 716 688 4C011C000000008000000000000000806666E63E0000803E0002FFB4 0 0 0 0 0 0 0 0 0 0 0
55 716 688 4C011C000000008000000000000000806666E63E0000803E0002FFB4 0 0 0 0 0 0 0 0 0 0 0
56 716 688 4C011C000000008000000000000000806666E63E0000803E0002FFB4 0 0 0 0 0 0 0 0 0 0 0
57 716 688 4C011C000000008000000000000000806666E63E0000803E0002FFB4 0 0 0 0 0 0 0 0 0 0 0
58 716 688 4C011C000000008000000000000000806666E63E0000803E0002FFB4 0 0 0 0 0 0 0 0 0 0 0
59 716 688 4C011C000000008000000000000000806666E63E0000803E0002FFB4 0 0 0 0 0 0 0 0 0 0 0
60 716 688 4C011C000000008000000000000000806666E63E0000803E0002FFB4 0 0 0 0 0 0 0 0 0 0 0
61 716 688 4C011C000000008000000000000000806666E63E0000803E0002FFB4 0 0 0 0 0 0 0 0 0 0 0
62 716 688 4C011C000000008000000000000000806666E63E0000803E0002FFB4 0 0 0 0 0 0 0 0 0 0 0
63 716 688 4C011C00000000800000000000000080CDCCCC3E9A99993E0002FFC8 0 0 0 0 0 0 0 0 0 0 0
64 716 696 2C0114000000803E0000803EB81E053EB81E053E 0 0 0 0 0 0 0 0 0 0 0
65 716 696 2C0114000000803E0000803EB81E053EB81E053E 0 0 0 0 0 0 0 0 0 0 0
66 716 688 4C011C000000008000000000000000803333B33ECDCC4C3E0002FFBE 0 0 0 0 0 0 0 0 0 0 0
67 716 688 4C011C000000008000000000000000803333B33ECDCC4C3E0002FFBE 0 0 0 0 0 0 0 0 0 0 0
68 716 688 4C011C00000000800000000000000080CDCCCC3E9A99993E0002FFC8 0 0 0 0 0 0 0 0 0 0 0
69 716 688 4C011C000000008000000000000000803333B33ECDCC4C3E0002FFBE 0 0 0 0 0 0 0 0 0 0 0
70 716 688 4C011C000000008000000000000000803333B33ECDCC4C3E0002FFBE 0 0 0 0 0 0 0 0 0 0 0
71 716 688 4C011C000000008000000000000000809A99993E9A99993E0002FFC8 0 0 0 0 0 0 0 0 0 0 0
72 716 688 4C011C000000008000000000000000809A99993E9A99993E0002FFC8 0 0 0 0 0 0 0 0 0 0 0
73 716 688 4C011C000000008000000000000000809A99993E9A99993E0002FFC8 0 0 0 0 0 0 0 0 0 0 0
74 716 688 4C011C000000008000000000000000809A99993E9A99993E0002FFC8 0 0 0 0 0 0 0 0 0 0 0
75 716 688 4C011C000000008000000000000000809A99993E9A99993E0002FFC8 0 0 0 0 0 0 0 0 0 0 0
76 716 696 2C0114000000803E0000803EB81E053EB81E053E 0 0 0 0 0 0 0 0 0 0 0
77 716 696 2C011400CDCCCC3ECDCCCC3ECDCC4C3ECDCC4C3E 0 0 0 0 0 0 0 0 0 0 0
78 716 696 2C011400CDCCCC3ECDCCCC3ECDCC4C3ECDCC4C3E 0 0 0 0 0 0 0 0 0 0 0
79 716 696 2C011400CDCCCC3ECDCCCC3ECDCC4C3ECDCC4C3E 0 0 0 0 0 0 0 0 0 0 0
80 716 696 2C011400CDCCCC3ECDCCCC3ECDCC4C3ECDCC4C3E 0 0 0 0 0 0 0 0 0 0 0
81 716 688 4C011C000000008000000000000000800000003FCDCCCC3E0002FFBE 0 0 0 0 0 0 0 0 0 0 0
82 716 688 4C011C000000008000000000000000800000003FCDCCCC3E0002FFBE 0 0 0 0 0 0 0 0 0 0 0
83 716 688 4C011C000000008000000000000000800000003FCDCCCC3E0002FFBE 0 0 0 0 0 0 0 0 0 0 0
84 716 688 4C011C000000008000000000000000800000003FCDCCCC3E0002FFBE 0 0 0 0 0 0 0 0 0 0 0
85 716 696 2C011400CDCCCC3ECDCCCC3ECDCC4C3ECDCC4C3E 0 0 0 0 0 0 0 0 0 0 0
86 716 696 2C011400CDCCCC3ECDCCCC3ECDCC4C3ECDCC4C3E 0 0 0 0 0 0 0 0 0 0 0
87 716 688 4C011C000000008000000000000000800000003FCDCCCC3E0002FFBE 0 0 0 0 0 0 0 0 0 0 0

[PositionData]
IDNUM CADID X Y A PARTS BRM TURN TS MS NP PU SIDE ScanDir1 ScanDir2 HEAD BG B S C M F PR MB PRISEQ PROGDIST ADMOUNT
1 0 0.000 0.000 0.000 0 1 0 0 0 0 0 0 0 0 0 0 1 5 "" 0 0 1000 0 0 0 0
2 0 0.000 0.000 0.000 0 2 0 0 0 0 0 0 0 0 0 0 0 5 "" 0 0 1000 0 0 0 0
3 0 3.900 12.600 0.000 0 3 0 0 0 0 0 0 0 0 0 0 0 1 "" 0 0 1000 0 0 0 0
4 0 266.400 199.800 0.000 0 4 0 0 0 0 0 0 0 0 0 0 0 2 "" 0 0 1000 0 0 0 0
5 1 151.500 25.250 90.000 1 0 16 3 1 6 40023 2 0 0 4 0 1 1 "Q201" 0 0 1000 0 0 0 0
6 2 195.150 173.150 180.000 1 0 8 4 10 2 40023 2 0 0 4 0 1 2 "Q1309" 0 0 1000 0 0 0 0
7 3 100.500 129.840 90.000 2 0 9 2 9 1 10009 2 0 0 1 0 1 3 "C340" 0 0 1000 0 0 0 0
8 4 100.500 130.840 90.000 2 0 9 3 5 4 10009 2 0 0 1 0 1 4 "C341" 0 0 1000 0 0 0 0
9 5 169.790 131.900 0.000 2 0 9 1 2 7 10009 2 0 0 1 0 1 5 "C1521" 0 0 1000 0 0 0 0
10 6 16.800 115.350 0.000 2 0 7 1 10 10 10009 2 0 0 1 0 1 6 "C5006" 0 0 1000 0 0 0 0
11 7 13.250 56.550 -90.000 3 0 2 1 9 9 40015 1 0 0 4 0 1 7 "C6504" 0 0 1000 0 0 0 0
12 8 11.450 56.550 90.000 3 0 2 2 6 1 40015 1 0 0 4 0 1 8 "C6508" 0 0 1000 0 0 0 0
13 9 24.100 22.750 90.000 4 0 8 3 7 11 10007 2 0 0 1 0 1 9 "C3410" 0 0 1000 0 0 0 0
14 10 149.874 40.975 180.000 4 0 8 2 4 3 10007 2 0 0 1 0 1 10 "C4801" 0 0 1000 0 0 0 0
15 11 149.874 39.075 0.000 4 0 8 1 6 9 10007 2 0 0 1 0 1 11 "C4802" 0 0 1000 0 0 0 0
16 12 42.650 145.650 180.000 5 0 15 4 8 12 10017 1 0 0 1 0 1 12 "C5312" 0 0 1000 0 0 0 0
17 13 57.050 148.800 90.000 5 0 6 3 5 9 10017 1 0 0 1 0 1 13 "C5313" 0 0 1000 0 0 0 0
18 14 63.900 151.050 -90.000 5 0 15 2 9 10 10017 1 0 0 1 0 1 14 "C5316" 0 0 1000 0 0 0 0
19 15 72.200 146.400 180.000 5 0 6 4 7 10 10017 1 0 0 1 0 1 15 "C5317" 0 0 1000 0 0 0 0
20 16 20.650 162.350 0.000 5 0 15 1 11 9 10017 1 0 0 1 0 1 16 "C5413" 0 0 1000 0 0 0 0
21 17 30.150 161.550 0.000 5 0 15 3 10 11 10017 1 0 0 1 0 1 17 "C5414" 0 0 1000 0 0 0 0
22 18 31.350 161.550 180.000 5 0 7 2 6 12 10017 1 0 0 1 0 1 18 "C5415" 0 0 1000 0 0 0 0
23 19 38.200 163.700 180.000 5 0 7 3 5 4 10017 1 0 0 1 0 1 19 "C5416" 0 0 1000 0 0 0 0
24 20 78.750 187.550 -90.000 6 0 6 5 1 4 10004 1 0 0 1 0 1 20 "C4126" 0 0 1000 0 0 0 0
25 21 77.950 184.250 -90.000 6 0 8 4 12 2 10004 1 0 0 1 0 1 21 "C4128" 0 0 1000 0 0 0 0
26 22 102.000 130.340 0.000 7 0 5 4 10 1 40007 2 0 0 4 0 1 22 "C339" 0 0 1000 0 0 0 0
27 23 60.600 103.300 0.000 7 0 5 3 9 7 40007 2 0 0 4 0 1 23 "C7100" 0 0 1000 0 0 0 0
28 24 236.050 189.350 180.000 8 0 4 3 6 3 40012 2 0 0 4 0 1 24 "C2911" 0 0 1000 0 0 0 0
29 25 76.450 187.550 -90.000 8 0 3 2 10 3 40012 2 0 0 4 0 1 25 "C4127" 0 0 1000 0 0 0 0
30 26 25.350 53.500 180.000 8 0 3 1 5 9 40012 2 0 0 4 0 1 26 "C6515" 0 0 1000 0 0 0 0
31 27 104.750 140.900 180.000 9 0 1 1 4 10 10019 1 0 0 1 0 1 27 "C202" 0 0 1000 0 0 0 0
32 28 231.850 192.200 0.000 9 0 2 1 12 10 10019 1 0 0 1 0 1 28 "C1004" 0 0 1000 0 0 0 0
33 29 63.350 180.000 90.000 9 0 3 2 2 4 10019 1 0 0 1 0 1 29 "C4110" 0 0 1000 0 0 0 0
34 30 19.700 134.400 180.000 9 0 2 2 3 4 10019 1 0 0 1 0 1 30 "C10508" 0 0 1000 0 0 0 0
35 31 74.450 188.450 90.000 10 0 7 4 3 3 10021 1 0 0 1 0 1 31 "C4106" 0 0 1000 0 0 0 0
36 32 62.400 139.450 0.000 10 0 12 5 6 1 10021 1 0 0 1 0 1 32 "C5305" 0 0 1000 0 0 0 0
37 33 93.750 176.350 0.000 11 0 9 1 6 7 40014 1 0 0 4 0 1 33 "C104" 0 0 1000 0 0 0 0
38 34 109.800 172.600 -90.000 11 0 4 1 5 8 10014 1 0 0 1 0 1 34 "C105" 0 0 1000 0 0 0 0
39 35 103.500 128.540 90.000 11 0 16 4 6 9 10014 1 0 0 1 0 1 35 "C358" 0 0 1000 0 0 0 0
40 36 106.200 127.950 90.000 11 0 15 8 5 4 10014 1 0 0 1 0 1 36 "C359" 0 0 1000 0 0 0 0
41 37 162.640 147.100 90.000 11 0 2 1 4 9 30014 1 0 0 3 0 1 37 "C602" 0 0 1000 0 0 0 0
42 38 121.140 79.950 -90.000 11 0 16 7 7 3 10014 1 0 0 1 0 1 38 "C604" 0 0 1000 0 0 0 0
43 39 129.390 82.800 45.000 11 0 1 5 4 12 40014 1 0 0 4 0 1 39 "C614" 0 0 1000 0 0 0 0
44 40 137.350 74.850 45.000 11 0 1 4 5 11 40014 1 0 0 4 0 1 40 "C627" 0 0 1000 0 0 0 0
45 41 186.600 80.600 0.000 11 0 15 9 3 3 40014 1 0 0 4 0 1 41 "C633" 0 0 1000 0 0 0 0
46 42 185.500 80.600 0.000 11 0 15 10 4 4 40014 1 0 0 4 0 1 42 "C634" 0 0 1000 0 0 0 0
47 43 161.240 127.700 0.000 11 0 1 2 7 9 40014 1 0 0 4 0 1 43 "C637" 0 0 1000 0 0 0 0
48 44 161.240 122.300 180.000 11 0 15 11 5 5 40014 1 0 0 4 0 1 44 "C640" 0 0 1000 0 0 0 0
49 45 115.850 173.200 0.000 11 0 12 1 12 9 40014 1 0 0 4 0 1 45 "C641" 0 0 1000 0 0 0 0
50 46 161.240 98.900 0.000 11 0 1 3 6 10 40014 1 0 0 4 0 1 46 "C642" 0 0 1000 0 0 0 0
51 47 161.240 93.500 180.000 11 0 5 2 8 8 10014 1 0 0 1 0 1 47 "C643" 0 0 1000 0 0 0 0
52 48 135.990 144.800 90.000 11 0 15 7 2 3 10014 1 0 0 1 0 1 48 "C658" 0 0 1000 0 0 0 0
53 49 199.300 177.650 180.000 11 0 4 2 8 12 40014 1 0 0 4 0 1 49 "C1301" 0 0 1000 0 0 0 0
54 50 197.150 173.250 180.000 11 0 4 3 10 6 40014 1 0 0 4 0 1 50 "C1308" 0 0 1000 0 0 0 0
55 51 192.300 182.150 180.000 11 0 16 1 3 1 40014 1 0 0 4 0 1 51 "C1416" 0 0 1000 0 0 0 0
56 52 110.900 29.100 90.000 11 0 3 2 1 6 40014 1 0 0 4 0 1 52 "C3204" 0 0 1000 0 0 0 0
57 53 42.100 26.800 -90.000 11 0 16 1 10 12 10014 1 0 0 1 0 1 53 "C3205" 0 0 1000 0 0 0 0
58 54 67.400 20.300 -90.000 11 0 16 10 9 6 10014 1 0 0 1 0 1 54 "C3206" 0 0 1000 0 0 0 0
59 55 130.000 21.500 -90.000 11 0 10 4 11 2 10014 1 0 0 1 0 1 55 "C3207" 0 0 1000 0 0 0 0
60 56 27.450 22.750 -90.000 11 0 16 2 11 11 10014 1 0 0 1 0 1 56 "C3411" 0 0 1000 0 0 0 0
61 57 55.050 186.400 180.000 11 0 16 8 2 4 10014 1 0 0 1 0 1 57 "C4100" 0 0 1000 0 0 0 0
62 58 47.250 186.750 90.000 11 0 11 2 4 11 10014 1 0 0 1 0 1 58 "C4101" 0 0 1000 0 0 0 0
63 59 73.350 183.300 90.000 11 0 16 9 1 5 10014 1 0 0 1 0 1 59 "C4107" 0 0 1000 0 0 0 0
64 60 56.350 178.550 180.000 11 0 12 4 5 9 10014 1 0 0 1 0 1 60 "C4124" 0 0 1000 0 0 0 0
65 61 57.450 178.550 180.000 11 0 11 4 9 2 10014 1 0 0 1 0 1 61 "C4125" 0 0 1000 0 0 0 0
66 62 140.474 41.775 90.000 11 0 8 2 6 9 40014 1 0 0 4 0 1 62 "C4804" 0 0 1000 0 0 0 0
67 63 148.900 44.300 90.000 11 0 13 1 4 7 10014 1 0 0 1 0 1 63 "C4805" 0 0 1000 0 0 0 0
68 64 147.150 36.700 180.000 11 0 16 6 8 7 10014 1 0 0 1 0 1 64 "C4807" 0 0 1000 0 0 0 0
69 65 143.750 45.600 90.000 11 0 10 1 2 10 40014 1 0 0 4 0 1 65 "C4808" 0 0 1000 0 0 0 0
70 66 22.400 125.200 -90.000 11 0 12 3 8 11 10014 1 0 0 1 0 1 66 "C5005" 0 0 1000 0 0 0 0
71 67 15.250 57.650 90.000 11 0 2 1 10 7 40014 1 0 0 4 0 1 67 "C6502" 0 0 1000 0 0 0 0
72 68 22.450 57.750 180.000 11 0 16 3 12 10 10014 1 0 0 1 0 1 68 "C6503" 0 0 1000 0 0 0 0
73 69 22.350 49.050 0.000 11 0 3 4 12 8 30014 1 0 0 3 0 1 69 "C6512" 0 0 1000 0 0 0 0
74 70 116.800 190.250 0.000 11 0 12 3 11 3 40014 1 0 0 4 0 1 70 "C7601" 0 0 1000 0 0 0 0
75 71 115.800 190.250 0.000 11 0 13 5 10 8 40014 1 0 0 4 0 1 71 "C7602" 0 0 1000 0 0 0 0
76 72 115.300 188.250 0.000 11 0 13 4 12 9 40014 1 0 0 4 0 1 72 "C7603" 0 0 1000 0 0 0 0
77 73 114.300 188.250 0.000 11 0 13 9 2 3 40014 1 0 0 4 0 1 73 "C7604" 0 0 1000 0 0 0 0
78 74 113.800 190.250 0.000 11 0 13 10 1 4 40014 1 0 0 4 0 1 74 "C7605" 0 0 1000 0 0 0 0
79 75 112.800 190.250 0.000 11 0 14 5 9 8 40014 1 0 0 4 0 1 75 "C7606" 0 0 1000 0 0 0 0
80 76 112.300 188.250 0.000 11 0 14 4 7 9 40014 1 0 0 4 0 1 76 "C7607" 0 0 1000 0 0 0 0
81 77 111.300 188.250 0.000 11 0 14 8 3 2 40014 1 0 0 4 0 1 77 "C7608" 0 0 1000 0 0 0 0
82 78 110.800 190.250 0.000 11 0 14 9 6 3 40014 1 0 0 4 0 1 78 "C7609" 0 0 1000 0 0 0 0
83 79 109.800 190.250 0.000 11 0 14 7 2 1 40014 1 0 0 4 0 1 79 "C7610" 0 0 1000 0 0 0 0
84 80 109.300 188.250 0.000 11 0 14 6 11 7 40014 1 0 0 4 0 1 80 "C7611" 0 0 1000 0 0 0 0
85 81 108.300 188.250 0.000 11 0 13 7 6 1 40014 1 0 0 4 0 1 81 "C7612" 0 0 1000 0 0 0 0
86 82 107.800 190.250 0.000 11 0 13 8 4 2 40014 1 0 0 4 0 1 82 "C7613" 0 0 1000 0 0 0 0
87 83 106.800 190.250 0.000 11 0 13 6 9 7 40014 1 0 0 4 0 1 83 "C7614" 0 0 1000 0 0 0 0
88 84 106.300 188.250 0.000 11 0 12 4 10 1 40014 1 0 0 4 0 1 84 "C7615" 0 0 1000 0 0 0 0
89 85 105.300 188.250 0.000 11 0 11 2 9 7 40014 1 0 0 4 0 1 85 "C7616" 0 0 1000 0 0 0 0
90 86 150.150 190.250 0.000 11 0 13 1 11 12 40014 1 0 0 4 0 1 86 "C7617" 0 0 1000 0 0 0 0
91 87 149.150 190.250 0.000 11 0 13 2 8 11 40014 1 0 0 4 0 1 87 "C7618" 0 0 1000 0 0 0 0
92 88 148.650 188.250 0.000 11 0 13 12 3 6 40014 1 0 0 4 0 1 88 "C7619" 0 0 1000 0 0 0 0
93 89 147.650 188.250 0.000 11 0 14 2 10 11 40014 1 0 0 4 0 1 89 "C7620" 0 0 1000 0 0 0 0
94 90 147.150 190.250 0.000 11 0 14 1 8 12 40014 1 0 0 4 0 1 90 "C7621" 0 0 1000 0 0 0 0
95 91 146.150 190.250 0.000 11 0 15 5 11 8 40014 1 0 0 4 0 1 91 "C7622" 0 0 1000 0 0 0 0
96 92 145.650 188.250 0.000 11 0 15 4 10 9 40014 1 0 0 4 0 1 92 "C7623" 0 0 1000 0 0 0 0
97 93 144.650 188.250 0.000 11 0 15 3 9 10 40014 1 0 0 4 0 1 93 "C7624" 0 0 1000 0 0 0 0
98 94 144.150 190.250 0.000 11 0 14 10 1 4 40014 1 0 0 4 0 1 94 "C7625" 0 0 1000 0 0 0 0
99 95 143.150 190.250 0.000 11 0 14 12 5 6 40014 1 0 0 4 0 1 95 "C7626" 0 0 1000 0 0 0 0
100 96 142.650 188.250 0.000 11 0 15 6 12 7 40014 1 0 0 4 0 1 96 "C7627" 0 0 1000 0 0 0 0
101 97 141.650 188.250 0.000 11 0 14 3 12 10 40014 1 0 0 4 0 1 97 "C7628" 0 0 1000 0 0 0 0
102 98 141.150 190.250 0.000 11 0 13 11 5 5 40014 1 0 0 4 0 1 98 "C7629" 0 0 1000 0 0 0 0
103 99 140.150 190.250 0.000 11 0 11 4 10 5 40014 1 0 0 4 0 1 99 "C7630" 0 0 1000 0 0 0 0
104 100 139.650 188.250 0.000 11 0 14 11 4 5 40014 1 0 0 4 0 1 100 "C7631" 0 0 1000 0 0 0 0
105 101 138.650 188.250 0.000 11 0 13 3 7 10 40014 1 0 0 4 0 1 101 "C7632" 0 0 1000 0 0 0 0
106 102 153.750 159.000 0.000 11 0 15 2 8 11 40014 1 0 0 4 0 1 102 "C8800" 0 0 1000 0 0 0 0
107 103 161.140 146.400 0.000 11 0 15 12 6 6 40014 1 0 0 4 0 1 103 "C8802" 0 0 1000 0 0 0 0
108 104 142.590 148.550 180.000 11 0 1 1 9 8 40014 1 0 0 4 0 1 104 "C8804" 0 0 1000 0 0 0 0
109 105 160.040 146.400 0.000 11 0 15 1 7 12 40014 1 0 0 4 0 1 105 "C8806" 0 0 1000 0 0 0 0
110 106 155.200 157.350 -90.000 11 0 4 2 8 2 10014 1 0 0 1 0 1 106 "C8809" 0 0 1000 0 0 0 0
111 107 84.100 115.500 90.000 11 0 16 5 5 8 10014 1 0 0 1 0 1 107 "C10600" 0 0 1000 0 0 0 0
112 108 104.300 133.890 90.000 11 0 15 6 6 8 10014 1 0 0 1 0 1 108 "C304" 0 0 1000 0 0 0 0
113 109 104.300 135.540 90.000 11 0 15 9 4 5 10014 1 0 0 1 0 1 109 "C306" 0 0 1000 0 0 0 0
114 110 104.300 136.540 90.000 11 0 15 10 3 6 10014 1 0 0 1 0 1 110 "C310" 0 0 1000 0 0 0 0
115 111 104.300 132.890 90.000 11 0 15 5 7 7 10014 1 0 0 1 0 1 111 "C352" 0 0 1000 0 0 0 0
116 112 184.550 62.900 -90.000 11 0 10 3 5 5 40014 1 0 0 4 0 1 112 "C901" 0 0 1000 0 0 0 0
117 113 184.550 63.950 -90.000 11 0 10 4 6 6 40014 1 0 0 4 0 1 113 "C903" 0 0 1000 0 0 0 0
118 114 231.000 54.400 0.000 11 0 15 7 1 1 40014 1 0 0 4 0 1 114 "C905" 0 0 1000 0 0 0 0
119 115 202.750 67.050 180.000 11 0 3 1 9 8 10014 1 0 0 1 0 1 115 "C907" 0 0 1000 0 0 0 0
120 116 201.200 70.350 0.000 11 0 15 8 2 2 40014 1 0 0 4 0 1 116 "C909" 0 0 1000 0 0 0 0
121 117 182.700 62.900 90.000 11 0 5 3 10 2 10014 1 0 0 1 0 1 117 "C911" 0 0 1000 0 0 0 0
122 118 39.500 105.100 0.000 11 0 3 1 6 12 40014 1 0 0 4 0 1 118 "C7017" 0 0 1000 0 0 0 0
123 119 127.250 55.600 180.000 11 0 10 2 7 11 10014 1 0 0 1 0 1 119 "C10707" 0 0 1000 0 0 0 0
124 120 230.800 186.950 180.000 12 0 7 2 4 7 30013 2 0 0 3 0 1 120 "C1000" 0 0 1000 0 0 0 0
125 121 186.890 117.900 0.000 12 0 3 1 6 10 10015 1 0 0 1 0 1 121 "C1529" 0 0 1000 0 0 0 0
126 122 183.590 121.650 90.000 12 0 8 1 5 7 30013 2 0 0 3 0 1 122 "C1534" 0 0 1000 0 0 0 0
127 123 249.250 43.800 180.000 12 0 6 4 7 1 30013 2 0 0 3 0 1 123 "C1601" 0 0 1000 0 0 0 0
128 124 246.450 50.650 90.000 12 0 6 3 11 8 30013 2 0 0 3 0 1 124 "C1605" 0 0 1000 0 0 0 0
129 125 212.950 143.000 90.000 12 0 7 4 5 1 30013 2 0 0 3 0 1 125 "C1702" 0 0 1000 0 0 0 0
130 126 207.300 137.800 180.000 12 0 7 3 6 2 30013 2 0 0 3 0 1 126 "C1706" 0 0 1000 0 0 0 0
131 127 204.100 132.900 0.000 12 0 5 3 7 4 10015 1 0 0 1 0 1 127 "C1711" 0 0 1000 0 0 0 0
132 128 174.050 101.850 -90.000 12 0 11 1 12 5 30013 2 0 0 3 0 1 128 "C1817" 0 0 1000 0 0 0 0
133 129 177.090 95.150 180.000 12 0 8 2 6 2 30013 2 0 0 3 0 1 129 "C1821" 0 0 1000 0 0 0 0
134 130 182.800 162.400 0.000 12 0 3 2 12 5 40013 2 0 0 4 0 1 130 "C2000" 0 0 1000 0 0 0 0
135 131 179.618 151.857 -90.000 12 0 9 1 12 8 30013 2 0 0 3 0 1 131 "C2015" 0 0 1000 0 0 0 0
136 132 156.950 70.040 90.000 12 0 10 1 11 12 30013 2 0 0 3 0 1 132 "C2100" 0 0 1000 0 0 0 0
137 133 141.450 73.050 90.000 12 0 10 3 9 8 30013 2 0 0 3 0 1 133 "C2112" 0 0 1000 0 0 0 0
138 134 156.950 69.040 90.000 12 0 10 2 12 5 30013 2 0 0 3 0 1 134 "C2114" 0 0 1000 0 0 0 0
139 135 179.150 80.450 90.000 12 0 6 2 5 12 30013 2 0 0 3 0 1 135 "C2201" 0 0 1000 0 0 0 0
140 136 177.840 86.250 -90.000 12 0 8 3 7 1 30013 2 0 0 3 0 1 136 "C2206" 0 0 1000 0 0 0 0
141 137 181.850 185.250 -90.000 12 0 7 1 2 8 30013 2 0 0 3 0 1 137 "C2901" 0 0 1000 0 0 0 0
142 138 170.950 183.500 90.000 12 0 2 1 5 8 30013 2 0 0 3 0 1 138 "C2903" 0 0 1000 0 0 0 0
143 139 249.800 185.900 180.000 12 0 5 4 11 7 30013 2 0 0 3 0 1 139 "C2915" 0 0 1000 0 0 0 0
144 140 157.250 182.400 0.000 12 0 4 3 12 5 40013 2 0 0 4 0 1 140 "C4512" 0 0 1000 0 0 0 0
145 141 157.400 176.150 180.000 12 0 4 1 9 10 10015 1 0 0 1 0 1 141 "C4906" 0 0 1000 0 0 0 0
146 142 156.150 182.400 0.000 12 0 3 1 11 11 40013 2 0 0 4 0 1 142 "C4907" 0 0 1000 0 0 0 0
147 143 49.600 140.150 180.000 12 0 4 2 3 4 10015 1 0 0 1 0 1 143 "C5325" 0 0 1000 0 0 0 0
148 144 11.450 100.550 90.000 12 0 9 2 8 12 30013 2 0 0 3 0 1 144 "C7000" 0 0 1000 0 0 0 0
149 145 189.990 121.600 180.000 13 0 12 5 10 10 30017 2 0 0 3 0 1 145 "C1528" 0 0 1000 0 0 0 0
150 146 252.340 49.050 180.000 13 0 12 6 12 1 30017 2 0 0 3 0 1 146 "C1600" 0 0 1000 0 0 0 0
151 147 207.000 145.500 -90.000 13 0 13 9 4 1 30017 2 0 0 3 0 1 147 "C1700" 0 0 1000 0 0 0 0
152 148 171.440 96.950 0.000 13 0 12 4 11 12 30017 2 0 0 3 0 1 148 "C1816" 0 0 1000 0 0 0 0
153 149 175.150 160.000 90.000 13 0 13 8 2 3 30017 2 0 0 3 0 1 149 "C2001" 0 0 1000 0 0 0 0
154 150 181.390 85.700 180.000 13 0 11 3 11 9 30017 2 0 0 3 0 1 150 "C2200" 0 0 1000 0 0 0 0
155 151 107.540 114.300 0.000 14 0 7 2 6 3 40021 1 0 0 4 0 1 151 "C102" 0 0 1000 0 0 0 0
156 152 107.540 116.150 180.000 14 0 7 1 7 9 40021 1 0 0 4 0 1 152 "C103" 0 0 1000 0 0 0 0
157 153 59.050 179.550 90.000 15 0 11 3 8 1 10012 1 0 0 1 0 1 153 "C4112" 0 0 1000 0 0 0 0
158 154 61.000 179.550 -90.000 15 0 11 2 10 7 10012 1 0 0 1 0 1 154 "C4113" 0 0 1000 0 0 0 0
159 155 151.300 35.700 90.000 15 0 10 3 8 1 10012 1 0 0 1 0 1 155 "C4821" 0 0 1000 0 0 0 0
160 156 153.200 35.700 -90.000 15 0 10 2 12 7 10012 1 0 0 1 0 1 156 "C4822" 0 0 1000 0 0 0 0
161 157 60.950 136.750 0.000 15 0 9 1 8 12 10012 1 0 0 1 0 1 157 "C5300" 0 0 1000 0 0 0 0
162 158 61.950 136.750 0.000 15 0 9 2 6 6 10012 1 0 0 1 0 1 158 "C5301" 0 0 1000 0 0 0 0
163 159 36.400 150.500 90.000 15 0 11 1 11 9 10012 1 0 0 1 0 1 159 "C5400" 0 0 1000 0 0 0 0
164 160 36.400 151.750 90.000 15 0 10 1 3 9 10012 1 0 0 1 0 1 160 "C5401" 0 0 1000 0 0 0 0
165 161 26.550 51.700 180.000 15 0 13 4 5 12 10012 1 0 0 1 0 1 161 "C6506" 0 0 1000 0 0 0 0
166 162 28.000 51.700 180.000 15 0 15 10 12 2 10012 1 0 0 1 0 1 162 "C6507" 0 0 1000 0 0 0 0
167 163 32.450 54.750 180.000 15 0 13 3 6 9 10012 1 0 0 1 0 1 163 "C6530" 0 0 1000 0 0 0 0
168 164 33.800 54.750 180.000 15 0 12 3 11 7 10012 1 0 0 1 0 1 164 "C6531" 0 0 1000 0 0 0 0
169 165 31.200 53.150 180.000 15 0 14 4 11 4 10012 1 0 0 1 0 1 165 "C6532" 0 0 1000 0 0 0 0
170 166 29.850 53.150 180.000 15 0 14 5 12 9 10012 1 0 0 1 0 1 166 "C6533" 0 0 1000 0 0 0 0
171 167 11.450 101.650 90.000 15 0 12 2 10 3 10012 1 0 0 1 0 1 167 "C7001" 0 0 1000 0 0 0 0
172 168 179.890 130.750 180.000 16 0 12 5 5 12 40019 1 0 0 4 0 1 168 "C1519" 0 0 1000 0 0 0 0
173 169 188.940 119.700 0.000 16 0 12 6 7 8 40019 1 0 0 4 0 1 169 "C1535" 0 0 1000 0 0 0 0
174 170 172.290 99.050 0.000 16 0 12 7 6 7 40019 1 0 0 4 0 1 170 "C1827" 0 0 1000 0 0 0 0
175 171 180.340 83.800 0.000 16 0 16 2 2 2 40019 1 0 0 4 0 1 171 "C2207" 0 0 1000 0 0 0 0
176 172 109.640 115.100 180.000 17 0 5 2 6 11 10015 2 0 0 1 0 1 172 "R103" 0 0 1000 0 0 0 0
177 173 198.250 175.250 180.000 17 0 11 4 3 1 40012 1 0 0 4 0 1 173 "R1340" 0 0 1000 0 0 0 0
178 174 187.940 117.900 180.000 17 0 4 3 1 2 40012 1 0 0 4 0 1 174 "R1514" 0 0 1000 0 0 0 0
179 175 249.650 45.300 90.000 17 0 8 2 1 6 30015 2 0 0 3 0 1 175 "R1600" 0 0 1000 0 0 0 0
180 176 211.100 143.000 90.000 17 0 2 1 2 12 30015 2 0 0 3 0 1 176 "R1703" 0 0 1000 0 0 0 0
181 177 173.650 100.350 180.000 17 0 7 4 7 5 30015 2 0 0 3 0 1 177 "R1815" 0 0 1000 0 0 0 0
182 178 182.800 160.550 180.000 17 0 4 1 9 9 40012 1 0 0 4 0 1 178 "R2002" 0 0 1000 0 0 0 0
183 179 185.718 156.657 180.000 17 0 11 5 6 2 40012 1 0 0 4 0 1 179 "R2012" 0 0 1000 0 0 0 0
184 180 148.150 157.100 180.000 17 0 4 2 11 8 40012 1 0 0 4 0 1 180 "R2031" 0 0 1000 0 0 0 0
185 181 157.450 79.490 180.000 17 0 3 1 10 11 10015 2 0 0 1 0 1 181 "R2102" 0 0 1000 0 0 0 0
186 182 156.250 78.490 0.000 17 0 8 3 4 5 30015 2 0 0 3 0 1 182 "R2104" 0 0 1000 0 0 0 0
187 183 155.650 71.290 -90.000 17 0 7 1 9 12 30015 2 0 0 3 0 1 183 "R2105" 0 0 1000 0 0 0 0
188 184 161.400 77.240 -90.000 17 0 3 4 10 11 30015 2 0 0 3 0 1 184 "R2107" 0 0 1000 0 0 0 0
189 185 162.350 80.650 0.000 17 0 7 2 10 11 30015 2 0 0 3 0 1 185 "R2110" 0 0 1000 0 0 0 0
190 186 179.540 81.900 180.000 17 0 7 3 8 6 30015 2 0 0 3 0 1 186 "R2203" 0 0 1000 0 0 0 0
191 187 71.050 185.200 -90.000 17 0 4 1 2 11 10015 2 0 0 1 0 1 187 "R4115" 0 0 1000 0 0 0 0
192 188 228.500 33.900 180.000 17 0 8 1 2 11 30015 2 0 0 3 0 1 188 "R4301" 0 0 1000 0 0 0 0
193 189 229.500 33.900 180.000 17 0 6 4 10 5 30015 2 0 0 3 0 1 189 "R4302" 0 0 1000 0 0 0 0
194 190 24.550 38.700 90.000 17 0 3 1 4 8 40012 1 0 0 4 0 1 190 "R4507" 0 0 1000 0 0 0 0
195 191 24.550 37.700 90.000 17 0 3 2 2 2 40012 1 0 0 4 0 1 191 "R4508" 0 0 1000 0 0 0 0
196 192 158.400 182.400 0.000 17 0 9 4 5 10 40012 1 0 0 4 0 1 192 "R4510" 0 0 1000 0 0 0 0
197 193 140.463 40.625 -90.000 17 0 10 4 3 2 40012 1 0 0 4 0 1 193 "R4811" 0 0 1000 0 0 0 0
198 194 140.463 39.425 -90.000 17 0 10 2 4 7 40012 1 0 0 4 0 1 194 "R4812" 0 0 1000 0 0 0 0
199 195 155.400 176.150 0.000 17 0 6 2 9 12 40012 1 0 0 4 0 1 195 "R4908" 0 0 1000 0 0 0 0
200 196 11.100 107.550 90.000 17 0 13 1 7 10 10015 2 0 0 1 0 1 196 "R5004" 0 0 1000 0 0 0 0
201 197 11.100 127.900 90.000 17 0 13 2 8 5 10015 2 0 0 1 0 1 197 "R5005" 0 0 1000 0 0 0 0
202 198 62.950 140.850 90.000 17 0 4 2 4 5 10015 2 0 0 1 0 1 198 "R5312" 0 0 1000 0 0 0 0
203 199 35.800 147.700 90.000 17 0 11 4 6 5 10015 2 0 0 1 0 1 199 "R5410" 0 0 1000 0 0 0 0
204 200 36.400 152.800 90.000 17 0 7 2 8 9 10015 2 0 0 1 0 1 200 "R5412" 0 0 1000 0 0 0 0
205 201 14.250 141.700 180.000 17 0 12 4 9 12 10015 2 0 0 1 0 1 201 "R10538" 0 0 1000 0 0 0 0
206 202 106.250 123.750 -90.000 17 0 5 3 5 5 10015 2 0 0 1 0 1 202 "R369" 0 0 1000 0 0 0 0
207 203 44.800 103.950 -90.000 17 0 10 4 4 5 10015 2 0 0 1 0 1 203 "R7001" 0 0 1000 0 0 0 0
208 204 26.550 53.500 180.000 18 0 5 2 8 11 30019 2 0 0 3 0 1 204 "R6503" 0 0 1000 0 0 0 0
209 205 28.000 53.500 180.000 18 0 5 3 7 6 30019 2 0 0 3 0 1 205 "R6504" 0 0 1000 0 0 0 0
210 206 50.550 184.150 180.000 19 0 3 2 1 1 10017 2 0 0 1 0 1 206 "R4105" 0 0 1000 0 0 0 0
211 207 51.550 184.150 180.000 19 0 2 2 1 1 10017 2 0 0 1 0 1 207 "R4106" 0 0 1000 0 0 0 0
212 208 152.300 188.250 180.000 19 0 1 1 6 7 10017 2 0 0 1 0 1 208 "R4914" 0 0 1000 0 0 0 0
213 209 151.300 188.250 180.000 19 0 2 1 9 7 10017 2 0 0 1 0 1 209 "R4915" 0 0 1000 0 0 0 0
214 210 104.550 142.750 -90.000 20 0 4 3 3 2 30010 1 0 0 3 0 1 210 "R330" 0 0 1000 0 0 0 0
215 211 76.050 186.000 180.000 20 0 2 2 7 4 30010 1 0 0 3 0 1 211 "R4123" 0 0 1000 0 0 0 0
216 212 99.950 178.150 180.000 20 0 4 4 1 3 30010 1 0 0 3 0 1 212 "R7655" 0 0 1000 0 0 0 0
217 213 99.950 176.350 0.000 20 0 5 5 2 2 30010 1 0 0 3 0 1 213 "R7656" 0 0 1000 0 0 0 0
218 214 15.750 139.900 90.000 20 0 6 1 2 2 30010 1 0 0 3 0 1 214 "R10500" 0 0 1000 0 0 0 0
219 215 15.750 141.000 90.000 20 0 1 3 4 12 30010 1 0 0 3 0 1 215 "R10501" 0 0 1000 0 0 0 0
220 216 151.300 53.950 -90.000 20 0 4 1 8 8 30010 1 0 0 3 0 1 216 "R900" 0 0 1000 0 0 0 0
221 217 200.600 64.200 90.000 20 0 3 5 11 2 30010 1 0 0 3 0 1 217 "R901" 0 0 1000 0 0 0 0
222 218 149.400 54.750 90.000 20 0 4 2 10 9 30010 1 0 0 3 0 1 218 "R907" 0 0 1000 0 0 0 0
223 219 103.500 129.840 -90.000 21 0 12 5 9 11 30018 1 0 0 3 0 1 219 "R351" 0 0 1000 0 0 0 0
224 220 103.500 130.840 -90.000 21 0 5 3 4 3 30018 1 0 0 3 0 1 220 "R352" 0 0 1000 0 0 0 0
225 221 106.200 133.890 -90.000 21 0 11 4 5 8 30018 1 0 0 3 0 1 221 "R310" 0 0 1000 0 0 0 0
226 222 106.200 132.890 -90.000 21 0 11 5 6 7 30018 1 0 0 3 0 1 222 "R315" 0 0 1000 0 0 0 0
227 223 106.200 135.540 -90.000 21 0 11 3 4 10 30018 1 0 0 3 0 1 223 "R319" 0 0 1000 0 0 0 0
228 224 106.200 136.540 -90.000 21 0 5 2 5 8 30018 1 0 0 3 0 1 224 "R320" 0 0 1000 0 0 0 0
229 225 32.450 56.600 180.000 21 0 12 6 4 2 30018 1 0 0 3 0 1 225 "R6530" 0 0 1000 0 0 0 0
230 226 31.200 55.000 180.000 21 0 13 8 12 4 30018 1 0 0 3 0 1 226 "R6531" 0 0 1000 0 0 0 0
231 227 33.800 56.600 180.000 21 0 8 4 12 8 30018 1 0 0 3 0 1 227 "R6532" 0 0 1000 0 0 0 0
232 228 29.850 55.000 180.000 21 0 13 9 11 2 30018 1 0 0 3 0 1 228 "R6533" 0 0 1000 0 0 0 0
233 229 104.300 138.840 90.000 22 0 2 4 10 3 30004 2 0 0 3 0 1 229 "R370" 0 0 1000 0 0 0 0
234 230 106.200 141.300 90.000 23 0 13 2 10 1 10013 2 0 0 1 0 1 230 "R208" 0 0 1000 0 0 0 0
235 231 120.600 84.750 180.000 23 0 10 2 5 10 10013 2 0 0 1 0 1 231 "R209" 0 0 1000 0 0 0 0
236 232 104.300 137.740 -90.000 23 0 5 3 2 1 10013 2 0 0 1 0 1 232 "R303" 0 0 1000 0 0 0 0
237 233 104.350 154.050 90.000 23 0 12 3 3 10 10013 2 0 0 1 0 1 233 "R332" 0 0 1000 0 0 0 0
238 234 104.350 152.750 90.000 23 0 12 2 2 6 10013 2 0 0 1 0 1 234 "R335" 0 0 1000 0 0 0 0
239 235 110.050 155.000 0.000 23 0 9 4 8 12 40013 1 0 0 4 0 1 235 "R336" 0 0 1000 0 0 0 0
240 236 230.800 189.400 0.000 23 0 11 5 5 4 40013 1 0 0 4 0 1 236 "R1008" 0 0 1000 0 0 0 0
241 237 232.900 192.200 180.000 23 0 4 1 7 11 40013 1 0 0 4 0 1 237 "R1021" 0 0 1000 0 0 0 0
242 238 201.450 184.500 0.000 23 0 10 3 11 3 40013 1 0 0 4 0 1 238 "R1028" 0 0 1000 0 0 0 0
243 239 183.490 131.600 180.000 23 0 4 2 4 10 40013 1 0 0 4 0 1 239 "R1511" 0 0 1000 0 0 0 0
244 240 189.990 119.700 180.000 23 0 4 3 3 4 40013 1 0 0 4 0 1 240 "R1517" 0 0 1000 0 0 0 0
245 241 252.340 47.150 180.000 23 0 3 1 8 7 10013 2 0 0 1 0 1 241 "R1603" 0 0 1000 0 0 0 0
246 242 171.040 99.050 0.000 23 0 10 4 7 4 40013 1 0 0 4 0 1 242 "R1811" 0 0 1000 0 0 0 0
247 243 186.500 160.900 90.000 23 0 4 1 10 7 10013 2 0 0 1 0 1 243 "R2003" 0 0 1000 0 0 0 0
248 244 138.450 155.600 180.000 23 0 4 2 7 1 10013 2 0 0 1 0 1 244 "R2034" 0 0 1000 0 0 0 0
249 245 163.050 74.590 0.000 23 0 8 3 8 1 40013 1 0 0 4 0 1 245 "R2100" 0 0 1000 0 0 0 0
250 246 181.390 83.800 180.000 23 0 5 2 9 7 10013 2 0 0 1 0 1 246 "R2206" 0 0 1000 0 0 0 0
251 247 137.150 22.500 90.000 23 0 10 1 1 8 40013 1 0 0 4 0 1 247 "R3202" 0 0 1000 0 0 0 0
252 248 113.250 22.500 90.000 23 0 8 1 5 8 40013 1 0 0 4 0 1 248 "R3205" 0 0 1000 0 0 0 0
253 249 48.050 22.480 90.000 23 0 3 1 3 10 40013 1 0 0 4 0 1 249 "R3217" 0 0 1000 0 0 0 0
254 250 72.050 22.500 90.000 23 0 8 2 4 7 40013 1 0 0 4 0 1 250 "R3218" 0 0 1000 0 0 0 0
255 251 73.350 182.300 90.000 23 0 11 3 3 4 10013 2 0 0 1 0 1 251 "R4113" 0 0 1000 0 0 0 0
256 252 71.050 184.200 90.000 23 0 11 1 2 12 10013 2 0 0 1 0 1 252 "R4114" 0 0 1000 0 0 0 0
257 253 63.350 178.950 90.000 23 0 11 2 5 10 10013 2 0 0 1 0 1 253 "R4117" 0 0 1000 0 0 0 0
258 254 148.250 45.400 90.000 23 0 10 3 6 4 10013 2 0 0 1 0 1 254 "R4804" 0 0 1000 0 0 0 0
259 255 64.100 139.050 -90.000 23 0 12 4 7 8 10013 2 0 0 1 0 1 255 "R5303" 0 0 1000 0 0 0 0
260 256 47.500 140.150 0.000 23 0 3 2 7 4 40013 1 0 0 4 0 1 256 "R5314" 0 0 1000 0 0 0 0
261 257 231.000 50.900 0.000 23 0 10 2 8 9 40013 1 0 0 4 0 1 257 "R905" 0 0 1000 0 0 0 0
262 258 109.800 173.650 90.000 24 0 5 4 3 10 30015 1 0 0 3 0 1 258 "R107" 0 0 1000 0 0 0 0
263 259 196.350 171.150 90.000 24 0 3 4 5 10 30015 1 0 0 3 0 1 259 "R1335" 0 0 1000 0 0 0 0
264 260 94.850 43.500 180.000 24 0 7 2 12 10 30015 1 0 0 3 0 1 260 "R3208" 0 0 1000 0 0 0 0
265 261 130.000 20.300 90.000 24 0 6 4 3 4 30015 1 0 0 3 0 1 261 "R3210" 0 0 1000 0 0 0 0
266 262 45.250 25.550 90.000 24 0 11 2 8 4 30015 1 0 0 3 0 1 262 "R3223" 0 0 1000 0 0 0 0
267 263 65.300 30.350 0.000 24 0 10 3 5 11 30015 1 0 0 3 0 1 263 "R3225" 0 0 1000 0 0 0 0
268 264 100.150 42.500 0.000 24 0 8 1 10 10 30015 1 0 0 3 0 1 264 "R3237" 0 0 1000 0 0 0 0
269 265 129.650 27.300 180.000 24 0 6 3 4 11 30015 1 0 0 3 0 1 265 "R3241" 0 0 1000 0 0 0 0
270 266 115.250 31.050 180.000 24 0 7 4 11 4 30015 1 0 0 3 0 1 266 "R3243" 0 0 1000 0 0 0 0
271 267 68.900 28.750 90.000 24 0 8 3 11 4 30015 1 0 0 3 0 1 267 "R3245" 0 0 1000 0 0 0 0
272 268 45.250 26.850 90.000 24 0 10 4 4 4 30015 1 0 0 3 0 1 268 "R3247" 0 0 1000 0 0 0 0
273 269 51.750 175.850 180.000 24 0 12 1 1 5 30015 1 0 0 3 0 1 269 "R4130" 0 0 1000 0 0 0 0
274 270 21.450 57.750 180.000 24 0 12 4 5 7 30015 1 0 0 3 0 1 270 "R6505" 0 0 1000 0 0 0 0
275 271 22.250 134.800 90.000 24 0 12 2 2 4 30015 1 0 0 3 0 1 271 "R10517" 0 0 1000 0 0 0 0
276 272 14.150 130.350 180.000 24 0 12 3 3 9 30015 1 0 0 3 0 1 272 "R10537" 0 0 1000 0 0 0 0
277 273 19.850 56.450 -90.000 24 0 9 1 7 11 30015 1 0 0 3 0 1 273 "R6500" 0 0 1000 0 0 0 0
278 274 185.118 158.057 90.000 25 0 1 1 1 4 30008 1 0 0 3 0 1 274 "R2008" 0 0 1000 0 0 0 0
279 275 188.940 121.600 0.000 26 0 6 2 5 11 40011 2 0 0 4 0 1 275 "R1518" 0 0 1000 0 0 0 0
280 276 251.290 49.050 0.000 26 0 10 4 9 1 40011 2 0 0 4 0 1 276 "R1604" 0 0 1000 0 0 0 0
281 277 172.440 96.950 180.000 26 0 4 2 2 7 40011 2 0 0 4 0 1 277 "R1812" 0 0 1000 0 0 0 0
282 278 187.400 151.900 -90.000 26 0 4 3 5 1 40011 2 0 0 4 0 1 278 "R2006" 0 0 1000 0 0 0 0
283 279 180.340 85.700 0.000 26 0 9 4 4 9 40011 2 0 0 4 0 1 279 "R2207" 0 0 1000 0 0 0 0
284 280 18.600 135.200 0.000 26 0 3 2 8 1 40011 2 0 0 4 0 1 280 "R10524" 0 0 1000 0 0 0 0
285 281 15.150 130.350 180.000 26 0 3 1 9 7 40011 2 0 0 4 0 1 281 "R10535" 0 0 1000 0 0 0 0
286 282 140.000 155.550 0.000 27 0 11 3 11 12 40014 2 0 0 4 0 1 282 "R122" 0 0 1000 0 0 0 0
287 283 117.050 75.100 0.000 27 0 10 3 7 10 30014 2 0 0 3 0 1 283 "R602" 0 0 1000 0 0 0 0
288 284 212.600 180.900 -90.000 27 0 7 2 3 9 30014 2 0 0 3 0 1 284 "R1001" 0 0 1000 0 0 0 0
289 285 214.600 180.900 90.000 27 0 5 4 10 9 30014 2 0 0 3 0 1 285 "R1003" 0 0 1000 0 0 0 0
290 286 231.850 189.400 0.000 27 0 10 2 12 12 40014 2 0 0 4 0 1 286 "R1005" 0 0 1000 0 0 0 0
291 287 206.450 177.450 180.000 27 0 12 2 9 6 40014 2 0 0 4 0 1 287 "R1302" 0 0 1000 0 0 0 0
292 288 198.250 173.250 180.000 27 0 10 1 10 11 40014 2 0 0 4 0 1 288 "R1333" 0 0 1000 0 0 0 0
293 289 199.300 175.250 180.000 27 0 11 2 4 8 40014 2 0 0 4 0 1 289 "R1338" 0 0 1000 0 0 0 0
294 290 172.000 181.550 -90.000 27 0 7 4 1 3 30014 2 0 0 3 0 1 290 "R1420" 0 0 1000 0 0 0 0
295 291 208.700 145.950 180.000 27 0 8 2 11 10 40014 2 0 0 4 0 1 291 "R1705" 0 0 1000 0 0 0 0
296 292 236.000 187.050 180.000 27 0 12 3 8 4 40014 2 0 0 4 0 1 292 "R2906" 0 0 1000 0 0 0 0
297 293 112.500 23.500 90.000 27 0 8 1 3 11 40014 2 0 0 4 0 1 293 "R3207" 0 0 1000 0 0 0 0
298 294 46.650 22.080 180.000 27 0 11 3 12 6 10014 2 0 0 1 0 1 294 "R3221" 0 0 1000 0 0 0 0
299 295 70.650 22.100 180.000 27 0 10 3 10 6 10014 2 0 0 1 0 1 295 "R3222" 0 0 1000 0 0 0 0
300 296 106.700 41.100 0.000 27 0 10 4 6 3 30014 2 0 0 3 0 1 296 "R3238" 0 0 1000 0 0 0 0
301 297 130.800 27.300 0.000 27 0 11 2 10 3 30014 2 0 0 3 0 1 297 "R3242" 0 0 1000 0 0 0 0
302 298 113.400 33.450 -90.000 27 0 3 1 12 9 10014 2 0 0 1 0 1 298 "R3244" 0 0 1000 0 0 0 0
303 299 71.100 28.750 90.000 27 0 12 4 2 2 40014 2 0 0 4 0 1 299 "R3246" 0 0 1000 0 0 0 0
304 300 47.200 26.850 90.000 27 0 2 1 5 8 40014 2 0 0 4 0 1 300 "R3248" 0 0 1000 0 0 0 0
305 301 135.750 22.100 180.000 27 0 12 3 6 8 30014 2 0 0 3 0 1 301 "R3249" 0 0 1000 0 0 0 0
306 302 63.350 181.050 -90.000 27 0 5 2 1 9 10014 2 0 0 1 0 1 302 "R4112" 0 0 1000 0 0 0 0
307 303 71.700 182.250 180.000 27 0 10 4 2 3 10014 2 0 0 1 0 1 303 "R4128" 0 0 1000 0 0 0 0
308 304 217.650 33.550 0.000 27 0 6 3 12 10 30014 2 0 0 3 0 1 304 "R4303" 0 0 1000 0 0 0 0
309 305 33.150 40.550 0.000 27 0 9 1 4 10 30014 2 0 0 3 0 1 305 "R4501" 0 0 1000 0 0 0 0
310 306 150.600 45.400 90.000 27 0 8 1 8 9 30014 2 0 0 3 0 1 306 "R4805" 0 0 1000 0 0 0 0
311 307 64.950 136.550 0.000 27 0 9 3 9 2 40014 2 0 0 4 0 1 307 "R5300" 0 0 1000 0 0 0 0
312 308 64.100 138.050 -90.000 27 0 5 1 3 10 10014 2 0 0 1 0 1 308 "R5301" 0 0 1000 0 0 0 0
313 309 100.200 190.400 90.000 27 0 10 2 1 12 10014 2 0 0 1 0 1 309 "R7615" 0 0 1000 0 0 0 0
314 310 104.000 190.000 180.000 27 0 7 2 2 7 10014 2 0 0 1 0 1 310 "R7657" 0 0 1000 0 0 0 0
315 311 102.950 190.000 180.000 27 0 11 4 1 3 10014 2 0 0 1 0 1 311 "R7658" 0 0 1000 0 0 0 0
316 312 105.650 183.550 180.000 27 0 4 1 6 9 10014 2 0 0 1 0 1 312 "R7659" 0 0 1000 0 0 0 0
317 313 104.550 183.550 0.000 27 0 9 1 7 8 40014 2 0 0 4 0 1 313 "R7660" 0 0 1000 0 0 0 0
318 314 104.750 181.600 -90.000 27 0 4 2 1 3 10014 2 0 0 1 0 1 314 "R7661" 0 0 1000 0 0 0 0
319 315 87.250 104.200 -90.000 27 0 5 3 4 3 10014 2 0 0 1 0 1 315 "R10608" 0 0 1000 0 0 0 0
320 316 200.600 63.150 90.000 27 0 8 3 3 3 30014 2 0 0 3 0 1 316 "R903" 0 0 1000 0 0 0 0
321 317 182.700 65.100 -90.000 27 0 8 3 7 4 40014 2 0 0 4 0 1 317 "R909" 0 0 1000 0 0 0 0
322 318 231.000 49.000 180.000 27 0 6 4 6 3 30014 2 0 0 3 0 1 318 "R921" 0 0 1000 0 0 0 0
323 319 63.750 104.050 0.000 27 0 9 2 11 1 40014 2 0 0 4 0 1 319 "R7100" 0 0 1000 0 0 0 0
324 320 127.800 70.050 180.000 27 0 12 2 7 3 30014 2 0 0 3 0 1 320 "R10700" 0 0 1000 0 0 0 0
325 321 185.118 159.057 90.000 28 0 1 10 10 5 40008 1 0 0 4 0 1 321 "R2001" 0 0 1000 0 0 0 0
326 322 188.350 157.250 -90.000 28 0 1 11 8 6 40008 1 0 0 4 0 1 322 "R2014" 0 0 1000 0 0 0 0
327 323 188.350 155.850 -90.000 28 0 11 6 8 3 40008 1 0 0 4 0 1 323 "R2015" 0 0 1000 0 0 0 0
328 324 131.750 20.700 0.000 28 0 1 7 12 2 40008 1 0 0 4 0 1 324 "R3204" 0 0 1000 0 0 0 0
329 325 45.250 24.450 90.000 28 0 5 3 3 8 40008 1 0 0 4 0 1 325 "R3219" 0 0 1000 0 0 0 0
330 326 65.400 21.350 90.000 28 0 1 9 1 4 40008 1 0 0 4 0 1 326 "R3220" 0 0 1000 0 0 0 0
331 327 94.850 41.600 0.000 28 0 1 8 2 3 40008 1 0 0 4 0 1 327 "R3240" 0 0 1000 0 0 0 0
332 328 140.524 45.125 -90.000 28 0 1 6 11 7 40008 1 0 0 4 0 1 328 "R4803" 0 0 1000 0 0 0 0
333 329 205.350 146.000 0.000 29 0 1 2 10 5 10024 1 0 0 1 0 1 329 "R1701" 0 0 1000 0 0 0 0
334 330 107.700 41.100 180.000 30 0 8 4 5 6 10006 1 0 0 1 0 1 330 "R3231" 0 0 1000 0 0 0 0
335 331 105.700 41.100 0.000 30 0 12 1 12 4 10006 1 0 0 1 0 1 331 "R3233" 0 0 1000 0 0 0 0
336 332 151.550 27.100 90.000 31 0 5 1 12 2 40006 1 0 0 4 0 1 332 "R211" 0 0 1000 0 0 0 0
337 333 200.950 175.950 -90.000 32 0 8 4 12 3 40024 1 0 0 4 0 1 333 "R1320" 0 0 1000 0 0 0 0
338 334 158.000 80.940 -90.000 33 0 1 2 11 6 10024 2 0 0 1 0 1 334 "R2118" 0 0 1000 0 0 0 0
339 335 161.300 80.650 180.000 34 0 9 4 1 9 10006 2 0 0 1 0 1 335 "R2109" 0 0 1000 0 0 0 0
340 336 160.600 79.090 90.000 34 0 8 2 2 1 10006 2 0 0 1 0 1 336 "R2112" 0 0 1000 0 0 0 0
341 337 162.500 79.090 90.000 34 0 8 1 3 7 10006 2 0 0 1 0 1 337 "R2113" 0 0 1000 0 0 0 0
342 338 11.100 54.100 180.000 35 0 2 2 7 2 40015 2 0 0 4 0 1 338 "R701" 0 0 1000 0 0 0 0
343 339 13.600 54.100 180.000 35 0 2 1 8 10 40015 2 0 0 4 0 1 339 "R702" 0 0 1000 0 0 0 0
344 340 62.650 133.450 180.000 35 0 9 2 10 3 40015 2 0 0 4 0 1 340 "R707" 0 0 1000 0 0 0 0
345 341 60.000 133.450 180.000 35 0 5 5 8 4 40015 2 0 0 4 0 1 341 "R708" 0 0 1000 0 0 0 0
346 342 151.600 32.300 180.000 35 0 8 2 2 12 40015 2 0 0 4 0 1 342 "R4821" 0 0 1000 0 0 0 0
347 343 153.100 32.700 -90.000 35 0 8 3 1 6 40015 2 0 0 4 0 1 343 "R4822" 0 0 1000 0 0 0 0
348 344 156.400 176.150 180.000 35 0 7 4 9 4 40015 2 0 0 4 0 1 344 "R4906" 0 0 1000 0 0 0 0
349 345 158.400 176.150 0.000 35 0 6 5 8 4 40015 2 0 0 4 0 1 345 "R4911" 0 0 1000 0 0 0 0
350 346 200.950 177.000 90.000 36 0 3 2 3 5 30024 2 0 0 3 0 1 346 "R1319" 0 0 1000 0 0 0 0
351 347 68.250 181.400 90.000 37 0 6 5 2 2 10003 1 0 0 1 0 1 347 "R4109" 0 0 1000 0 0 0 0
352 348 48.550 140.150 180.000 38 0 1 1 5 1 30006 2 0 0 3 0 1 348 "R5313" 0 0 1000 0 0 0 0
353 349 170.440 96.950 0.000 39 0 5 1 11 3 40006 2 0 0 4 0 1 349 "R1813" 0 0 1000 0 0 0 0
354 350 83.690 99.800 180.000 40 0 1 3 9 9 30008 2 0 0 3 0 1 350 "R10600" 0 0 1000 0 0 0 0
355 351 76.100 99.350 180.000 40 0 1 1 8 5 30008 2 0 0 3 0 1 351 "R10602" 0 0 1000 0 0 0 0
356 352 80.990 99.800 180.000 40 0 2 3 11 10 30008 2 0 0 3 0 1 352 "R10604" 0 0 1000 0 0 0 0
357 353 78.500 99.350 180.000 40 0 1 2 10 10 30008 2 0 0 3 0 1 353 "R10606" 0 0 1000 0 0 0 0
358 354 180.700 179.640 0.000 41 0 1 2 7 1 10022 1 0 0 1 0 1 354 "R1419" 0 0 1000 0 0 0 0
359 355 45.225 178.025 90.000 41 0 7 4 4 5 10022 1 0 0 1 0 1 355 "R4121" 0 0 1000 0 0 0 0
360 356 146.240 131.900 -135.000 42 0 1 1 12 9 10018 2 0 0 1 0 1 356 "R403" 0 0 1000 0 0 0 0
361 357 153.315 135.100 -45.000 42 0 2 2 8 3 10018 2 0 0 1 0 1 357 "R404" 0 0 1000 0 0 0 0
362 358 146.515 105.325 90.000 42 0 6 2 11 3 10018 2 0 0 1 0 1 358 "R405" 0 0 1000 0 0 0 0
363 359 153.315 106.325 -45.000 42 0 2 1 7 9 10018 2 0 0 1 0 1 359 "R406" 0 0 1000 0 0 0 0
364 360 181.890 87.250 -90.000 42 0 3 2 5 3 10018 2 0 0 1 0 1 360 "R2209" 0 0 1000 0 0 0 0
365 361 253.340 49.050 180.000 43 0 5 1 12 5 30022 1 0 0 3 0 1 361 "R1605" 0 0 1000 0 0 0 0
366 362 52.900 57.800 90.000 44 0 5 2 5 10 40008 2 0 0 4 0 1 362 "R705" 0 0 1000 0 0 0 0
367 363 52.900 56.800 90.000 44 0 5 3 4 9 40008 2 0 0 4 0 1 363 "R706" 0 0 1000 0 0 0 0
368 364 153.100 25.650 180.000 45 0 6 1 3 8 40001 1 0 0 4 0 1 364 "R210" 0 0 1000 0 0 0 0
369 365 184.718 156.657 0.000 46 0 3 1 6 12 30025 1 0 0 3 0 1 365 "R2007" 0 0 1000 0 0 0 0
370 366 154.200 78.490 0.000 46 0 13 10 5 6 30025 1 0 0 3 0 1 366 "R2103" 0 0 1000 0 0 0 0
371 367 190.990 121.600 180.000 47 0 8 4 9 5 40025 1 0 0 4 0 1 367 "R1520" 0 0 1000 0 0 0 0
372 368 121.150 81.050 -90.000 48 0 2 2 6 6 10020 1 0 0 1 0 1 368 "R603" 0 0 1000 0 0 0 0
373 369 75.650 115.800 90.000 48 0 3 2 4 6 10020 1 0 0 1 0 1 369 "R709" 0 0 1000 0 0 0 0
374 370 75.650 116.800 90.000 48 0 7 4 9 1 10020 1 0 0 1 0 1 370 "R710" 0 0 1000 0 0 0 0
375 371 193.350 182.150 180.000 48 0 2 1 11 12 10020 1 0 0 1 0 1 371 "R1429" 0 0 1000 0 0 0 0
376 372 47.400 173.150 90.000 48 0 1 1 2 12 10020 1 0 0 1 0 1 372 "R4122" 0 0 1000 0 0 0 0
377 373 185.150 152.800 90.000 49 0 13 6 1 3 10002 1 0 0 1 0 1 373 "R2005" 0 0 1000 0 0 0 0
378 374 207.000 146.500 -90.000 50 0 1 2 9 2 10022 2 0 0 1 0 1 374 "R1702" 0 0 1000 0 0 0 0
379 375 209.750 145.950 180.000 51 0 3 1 7 7 30022 2 0 0 3 0 1 375 "R1706" 0 0 1000 0 0 0 0
380 376 182.390 85.700 180.000 51 0 3 3 8 1 30022 2 0 0 3 0 1 376 "R2208" 0 0 1000 0 0 0 0
381 377 157.850 78.090 -90.000 52 0 6 1 4 10 40002 1 0 0 4 0 1 377 "R2101" 0 0 1000 0 0 0 0
382 378 47.900 105.400 -90.000 52 0 1 12 3 1 40002 1 0 0 4 0 1 378 "R7003" 0 0 1000 0 0 0 0
383 379 155.200 78.490 180.000 53 0 7 1 11 12 40022 2 0 0 4 0 1 379 "R2106" 0 0 1000 0 0 0 0
384 380 103.500 127.350 -90.000 54 0 13 6 11 4 10002 2 0 0 1 0 1 380 "R372" 0 0 1000 0 0 0 0
385 381 103.500 126.150 -90.000 54 0 16 12 4 1 10002 2 0 0 1 0 1 381 "R371" 0 0 1000 0 0 0 0
386 382 230.800 192.200 0.000 55 0 6 3 6 3 40010 1 0 0 4 0 1 382 "R1012" 0 0 1000 0 0 0 0
387 383 25.150 152.550 -90.000 55 0 5 3 6 12 40010 1 0 0 4 0 1 383 "R5400" 0 0 1000 0 0 0 0
388 384 209.750 177.450 180.000 56 0 14 2 3 2 10005 1 0 0 1 0 1 384 "R1045" 0 0 1000 0 0 0 0
389 385 208.250 179.550 180.000 56 0 14 3 4 1 10005 1 0 0 1 0 1 385 "R1046" 0 0 1000 0 0 0 0
390 386 237.200 181.000 -90.000 56 0 14 1 2 7 10005 1 0 0 1 0 1 386 "R1432" 0 0 1000 0 0 0 0
391 387 182.190 134.200 -90.000 56 0 8 4 1 4 10005 1 0 0 1 0 1 387 "R1510" 0 0 1000 0 0 0 0
392 388 191.040 119.700 0.000 56 0 13 5 2 2 10005 1 0 0 1 0 1 388 "R1521" 0 0 1000 0 0 0 0
393 389 188.150 161.300 180.000 56 0 12 1 1 2 10005 1 0 0 1 0 1 389 "R2016" 0 0 1000 0 0 0 0
394 390 181.390 81.800 0.000 56 0 6 5 12 6 10005 1 0 0 1 0 1 390 "R2210" 0 0 1000 0 0 0 0
395 391 113.850 37.450 0.000 57 0 8 4 9 12 30020 1 0 0 3 0 1 391 "R3232" 0 0 1000 0 0 0 0
396 392 106.000 37.450 0.000 57 0 11 5 9 11 30020 1 0 0 3 0 1 392 "R3234" 0 0 1000 0 0 0 0
397 393 83.690 101.600 180.000 57 0 5 1 6 1 30020 1 0 0 3 0 1 393 "R10601" 0 0 1000 0 0 0 0
398 394 76.100 101.200 180.000 57 0 5 2 9 12 30020 1 0 0 3 0 1 394 "R10603" 0 0 1000 0 0 0 0
399 395 80.990 101.600 180.000 57 0 11 4 7 12 30020 1 0 0 3 0 1 395 "R10605" 0 0 1000 0 0 0 0
400 396 78.490 101.200 180.000 57 0 12 6 8 6 30020 1 0 0 3 0 1 396 "R10607" 0 0 1000 0 0 0 0
401 397 168.690 131.900 0.000 58 0 7 1 10 7 40020 1 0 0 4 0 1 397 "R1512" 0 0 1000 0 0 0 0
402 398 252.840 50.500 -90.000 58 0 7 2 12 1 40020 1 0 0 4 0 1 398 "R1606" 0 0 1000 0 0 0 0
403 399 187.500 154.600 90.000 59 0 6 1 7 9 40001 2 0 0 4 0 1 399 "R2004" 0 0 1000 0 0 0 0
404 400 190.490 123.200 -90.000 60 0 11 1 7 10 40027 1 0 0 4 0 1 400 "R1519" 0 0 1000 0 0 0 0
405 401 179.150 180.500 -90.000 61 0 11 6 2 6 30026 1 0 0 3 0 1 401 "R1418" 0 0 1000 0 0 0 0
406 402 45.225 176.825 90.000 61 0 10 5 2 6 30026 1 0 0 3 0 1 402 "R4120" 0 0 1000 0 0 0 0
407 403 236.050 191.750 180.000 62 0 2 4 1 5 30005 2 0 0 3 0 1 403 "R2909" 0 0 1000 0 0 0 0
408 404 200.950 178.050 -90.000 63 0 14 6 1 12 10026 2 0 0 1 0 1 404 "R1318" 0 0 1000 0 0 0 0
409 405 176.350 63.500 90.000 64 0 7 4 2 5 40016 1 0 0 4 0 1 405 "AR900" 0 0 1000 0 0 0 0
410 406 186.850 63.450 90.000 64 0 9 2 1 4 40016 1 0 0 4 0 1 406 "AR901" 0 0 1000 0 0 0 0
411 407 203.150 63.800 -90.000 64 0 5 5 1 5 40016 1 0 0 4 0 1 407 "AR906" 0 0 1000 0 0 0 0
412 408 197.400 63.500 -90.000 64 0 11 2 1 11 40016 1 0 0 4 0 1 408 "AR907" 0 0 1000 0 0 0 0
413 409 173.750 63.500 -90.000 64 0 6 5 1 5 40016 1 0 0 4 0 1 409 "AR908" 0 0 1000 0 0 0 0
414 410 179.000 63.500 90.000 64 0 7 3 1 10 40016 1 0 0 4 0 1 410 "AR909" 0 0 1000 0 0 0 0
415 411 180.500 66.300 90.000 64 0 2 2 2 3 40016 1 0 0 4 0 1 411 "AR910" 0 0 1000 0 0 0 0
416 412 190.500 63.450 90.000 64 0 12 4 1 5 40016 1 0 0 4 0 1 412 "AR911" 0 0 1000 0 0 0 0
417 413 206.050 66.950 90.000 64 0 2 1 1 11 40016 1 0 0 4 0 1 413 "AR912" 0 0 1000 0 0 0 0
418 414 208.350 63.750 90.000 64 0 9 1 2 11 40016 1 0 0 4 0 1 414 "AR913" 0 0 1000 0 0 0 0
419 415 101.650 127.340 90.000 65 0 9 3 4 5 10010 1 0 0 1 0 1 415 "C356" 0 0 1000 0 0 0 0
420 416 68.250 180.350 -90.000 65 0 7 1 1 11 10010 1 0 0 1 0 1 416 "C4109" 0 0 1000 0 0 0 0
421 417 101.650 126.140 90.000 65 0 9 2 7 2 10010 1 0 0 1 0 1 417 "C355" 0 0 1000 0 0 0 0
422 418 19.850 57.600 -90.000 65 0 9 1 12 8 10010 1 0 0 1 0 1 418 "C6659" 0 0 1000 0 0 0 0
423 419 106.200 137.740 -90.000 66 0 12 5 4 5 10023 1 0 0 1 0 1 419 "C303" 0 0 1000 0 0 0 0
424 420 106.200 138.840 -90.000 66 0 1 2 3 3 10023 1 0 0 1 0 1 420 "C362" 0 0 1000 0 0 0 0
425 421 185.700 154.250 0.000 67 0 1 2 8 4 10023 2 0 0 1 0 1 421 "R2000" 0 0 1000 0 0 0 0
426 422 55.050 188.450 0.000 68 0 11 1 12 9 40026 2 0 0 4 0 1 422 "R4102" 0 0 1000 0 0 0 0
427 423 200.850 66.950 -90.000 69 0 3 2 2 3 30023 2 0 0 3 0 1 423 "AR902" 0 0 1000 0 0 0 0
428 424 194.700 63.500 90.000 69 0 3 1 1 9 30023 2 0 0 3 0 1 424 "AR903" 0 0 1000 0 0 0 0
429 425 151.350 49.500 0.000 69 0 10 5 1 1 30023 2 0 0 3 0 1 425 "AR904" 0 0 1000 0 0 0 0
430 426 151.300 52.100 0.000 69 0 11 6 1 1 30023 2 0 0 3 0 1 426 "AR905" 0 0 1000 0 0 0 0
431 427 53.700 103.950 90.000 70 0 9 6 9 5 30001 1 0 0 3 0 1 427 "R7101" 0 0 1000 0 0 0 0
432 428 115.840 126.400 180.000 71 0 7 1 8 8 40020 2 0 0 4 0 1 428 "R104" 0 0 1000 0 0 0 0
433 429 117.990 91.900 0.000 71 0 7 2 5 2 40020 2 0 0 4 0 1 429 "R105" 0 0 1000 0 0 0 0
434 430 119.100 91.900 0.000 71 0 12 6 3 11 40020 2 0 0 4 0 1 430 "R108" 0 0 1000 0 0 0 0
435 431 121.940 91.900 0.000 71 0 12 7 4 10 40020 2 0 0 4 0 1 431 "R109" 0 0 1000 0 0 0 0
436 432 102.590 175.250 90.000 72 0 2 2 6 2 30009 1 0 0 3 0 1 432 "AR704" 0 0 1000 0 0 0 0
437 433 12.350 54.900 -90.000 72 0 4 4 5 1 30009 1 0 0 3 0 1 433 "AR705" 0 0 1000 0 0 0 0
438 434 95.400 172.750 180.000 72 0 1 2 3 11 30009 1 0 0 3 0 1 434 "AR706" 0 0 1000 0 0 0 0
439 435 191.000 156.600 180.000 72 0 2 3 3 11 30009 1 0 0 3 0 1 435 "AR2000" 0 0 1000 0 0 0 0
440 436 152.250 34.200 90.000 72 0 4 2 12 7 30009 1 0 0 3 0 1 436 "AR4821" 0 0 1000 0 0 0 0
441 437 41.450 104.150 -90.000 72 0 1 1 7 6 30009 1 0 0 3 0 1 437 "AR707" 0 0 1000 0 0 0 0
442 438 98.050 172.750 0.000 73 0 9 6 11 6 30001 2 0 0 3 0 1 438 "AR701" 0 0 1000 0 0 0 0
443 439 102.590 172.850 -90.000 73 0 2 5 8 1 30001 2 0 0 3 0 1 439 "AR703" 0 0 1000 0 0 0 0
444 440 73.900 28.450 -90.000 74 0 2 3 12 7 30007 1 0 0 3 0 1 440 "AR3203" 0 0 1000 0 0 0 0
445 441 50.150 27.900 -90.000 74 0 9 5 6 1 30007 1 0 0 3 0 1 441 "AR3204" 0 0 1000 0 0 0 0
446 442 137.150 25.600 0.000 74 0 1 2 12 7 30007 1 0 0 3 0 1 442 "AR3206" 0 0 1000 0 0 0 0
447 443 115.650 29.000 -90.000 74 0 1 1 11 2 30007 1 0 0 3 0 1 443 "AR3207" 0 0 1000 0 0 0 0
448 444 260.050 157.500 180.000 75 0 11 6 2 6 40009 2 0 0 4 0 1 444 "AR3400" 0 0 1000 0 0 0 0
449 445 56.900 181.050 -90.000 75 0 6 2 12 7 40009 2 0 0 4 0 1 445 "AR4100" 0 0 1000 0 0 0 0
450 446 60.000 181.050 90.000 75 0 6 4 11 1 40009 2 0 0 4 0 1 446 "AR4101" 0 0 1000 0 0 0 0
451 447 61.350 133.450 90.000 75 0 5 3 7 11 40009 2 0 0 4 0 1 447 "AR5301" 0 0 1000 0 0 0 0
452 448 98.300 189.700 90.000 75 0 6 3 10 2 40009 2 0 0 4 0 1 448 "AR7602" 0 0 1000 0 0 0 0
453 449 142.250 23.350 -90.000 76 0 7 4 3 6 40016 2 0 0 4 0 1 449 "AR3208" 0 0 1000 0 0 0 0
454 450 143.750 23.350 -90.000 76 0 9 2 3 5 40016 2 0 0 4 0 1 450 "AR3209" 0 0 1000 0 0 0 0
455 451 145.250 23.350 -90.000 76 0 7 3 4 11 40016 2 0 0 4 0 1 451 "AR3210" 0 0 1000 0 0 0 0
456 452 146.750 23.350 -90.000 76 0 6 5 2 6 40016 2 0 0 4 0 1 452 "AR3211" 0 0 1000 0 0 0 0
457 453 118.250 23.350 -90.000 76 0 5 3 11 6 10016 1 0 0 1 0 1 453 "AR3212" 0 0 1000 0 0 0 0
458 454 121.250 23.350 -90.000 76 0 4 2 11 6 10016 1 0 0 1 0 1 454 "AR3213" 0 0 1000 0 0 0 0
459 455 119.750 23.350 -90.000 76 0 4 1 12 12 10016 1 0 0 1 0 1 455 "AR3214" 0 0 1000 0 0 0 0
460 456 122.750 23.350 -90.000 76 0 3 1 11 12 10016 1 0 0 1 0 1 456 "AR3215" 0 0 1000 0 0 0 0
461 457 52.950 23.350 -90.000 76 0 2 2 3 4 40016 2 0 0 4 0 1 457 "AR3216" 0 0 1000 0 0 0 0
462 458 54.450 23.350 -90.000 76 0 2 1 4 12 40016 2 0 0 4 0 1 458 "AR3217" 0 0 1000 0 0 0 0
463 459 55.950 23.350 -90.000 76 0 5 5 2 6 40016 2 0 0 4 0 1 459 "AR3218" 0 0 1000 0 0 0 0
464 460 57.450 23.350 -90.000 76 0 9 3 12 6 40016 2 0 0 4 0 1 460 "AR3219" 0 0 1000 0 0 0 0
465 461 76.950 23.350 -90.000 76 0 6 4 9 8 10016 1 0 0 1 0 1 461 "AR3220" 0 0 1000 0 0 0 0
466 462 79.950 23.350 -90.000 76 0 6 3 8 7 10016 1 0 0 1 0 1 462 "AR3221" 0 0 1000 0 0 0 0
467 463 81.450 23.350 -90.000 76 0 5 2 12 12 10016 1 0 0 1 0 1 463 "AR3222" 0 0 1000 0 0 0 0
468 464 78.450 23.350 -90.000 76 0 7 3 12 2 10016 1 0 0 1 0 1 464 "AR3223" 0 0 1000 0 0 0 0
469 465 52.450 141.550 0.000 77 0 3 2 3 2 10018 1 0 0 1 0 1 465 "C5306" 0 0 1000 0 0 0 0
470 466 63.000 142.350 180.000 77 0 2 1 4 8 10018 1 0 0 1 0 1 466 "C5307" 0 0 1000 0 0 0 0
471 467 54.650 146.650 90.000 77 0 2 2 2 2 10018 1 0 0 1 0 1 467 "C5314" 0 0 1000 0 0 0 0
472 468 59.650 146.650 -90.000 77 0 1 1 1 8 10018 1 0 0 1 0 1 468 "C5315" 0 0 1000 0 0 0 0
473 469 25.400 154.050 0.000 77 0 7 3 7 6 10018 1 0 0 1 0 1 469 "C5405" 0 0 1000 0 0 0 0
474 470 36.400 154.300 180.000 77 0 6 4 6 12 10018 1 0 0 1 0 1 470 "C5406" 0 0 1000 0 0 0 0
475 471 28.250 158.850 90.000 77 0 6 3 4 11 10018 1 0 0 1 0 1 471 "C5409" 0 0 1000 0 0 0 0
476 472 33.100 158.550 -90.000 77 0 6 1 3 1 10018 1 0 0 1 0 1 472 "C5410" 0 0 1000 0 0 0 0
477 473 209.400 144.250 90.000 78 0 1 2 2 8 30007 2 0 0 3 0 1 473 "C1701" 0 0 1000 0 0 0 0
478 474 46.287 106.600 -90.000 78 0 1 1 6 3 30007 2 0 0 3 0 1 474 "C7011" 0 0 1000 0 0 0 0
479 475 153.950 71.990 180.000 79 0 3 5 9 4 30011 1 0 0 3 0 1 475 "C2108" 0 0 1000 0 0 0 0
480 476 44.900 166.850 -90.000 79 0 9 2 3 7 30011 1 0 0 3 0 1 476 "C5320" 0 0 1000 0 0 0 0
481 477 47.200 167.550 0.000 79 0 5 5 1 4 30011 1 0 0 3 0 1 477 "C5321" 0 0 1000 0 0 0 0
482 478 57.300 164.050 90.000 79 0 4 3 2 4 30011 1 0 0 3 0 1 478 "C5322" 0 0 1000 0 0 0 0
483 479 57.450 169.850 -90.000 79 0 2 2 9 6 30011 1 0 0 3 0 1 479 "C5323" 0 0 1000 0 0 0 0
484 480 24.700 184.900 180.000 79 0 9 3 1 2 30011 1 0 0 3 0 1 480 "C5419" 0 0 1000 0 0 0 0
485 481 27.100 184.350 -90.000 79 0 9 4 2 3 30011 1 0 0 3 0 1 481 "C5420" 0 0 1000 0 0 0 0
486 482 32.600 184.700 90.000 79 0 6 2 1 7 30011 1 0 0 3 0 1 482 "C5421" 0 0 1000 0 0 0 0
487 483 38.850 185.050 90.000 79 0 10 1 3 7 30011 1 0 0 3 0 1 483 "C5422" 0 0 1000 0 0 0 0
488 484 38.737 109.250 0.000 79 0 4 4 4 5 30011 1 0 0 3 0 1 484 "C7008" 0 0 1000 0 0 0 0
489 485 45.587 108.600 180.000 79 0 4 2 7 11 30011 1 0 0 3 0 1 485 "C7010" 0 0 1000 0 0 0 0
490 486 45.137 105.300 -90.000 79 0 4 1 6 10 30011 1 0 0 3 0 1 486 "C7012" 0 0 1000 0 0 0 0
491 487 154.900 182.650 0.000 80 0 2 2 11 5 40017 1 0 0 4 0 1 487 "C4908" 0 0 1000 0 0 0 0
492 488 73.190 111.300 0.000 81 0 9 3 10 4 30012 1 0 0 3 0 1 488 "C106" 0 0 1000 0 0 0 0
493 489 181.950 179.590 0.000 81 0 13 6 3 8 30012 1 0 0 3 0 1 489 "C1419" 0 0 1000 0 0 0 0
494 490 173.650 180.800 180.000 81 0 13 4 1 10 30012 1 0 0 3 0 1 490 "C1432" 0 0 1000 0 0 0 0
495 491 182.618 151.057 180.000 81 0 3 5 4 6 30012 1 0 0 3 0 1 491 "C2010" 0 0 1000 0 0 0 0
496 492 181.318 151.057 0.000 81 0 11 1 3 2 30012 1 0 0 3 0 1 492 "C2011" 0 0 1000 0 0 0 0
497 493 110.850 40.250 180.000 81 0 4 3 9 6 30012 1 0 0 3 0 1 493 "C3202" 0 0 1000 0 0 0 0
498 494 109.300 40.250 0.000 81 0 4 1 11 12 30012 1 0 0 3 0 1 494 "C3203" 0 0 1000 0 0 0 0
499 495 217.750 29.750 180.000 81 0 6 1 9 6 30012 1 0 0 3 0 1 495 "C4303" 0 0 1000 0 0 0 0
500 496 35.750 42.650 -90.000 81 0 9 2 5 9 30012 1 0 0 3 0 1 496 "C4502" 0 0 1000 0 0 0 0
501 497 146.000 45.400 90.000 81 0 10 1 10 9 30012 1 0 0 3 0 1 497 "C4803" 0 0 1000 0 0 0 0
502 498 56.400 135.000 0.000 81 0 13 3 7 11 30012 1 0 0 3 0 1 498 "C5304" 0 0 1000 0 0 0 0
503 499 56.450 146.600 0.000 81 0 13 5 8 9 30012 1 0 0 3 0 1 499 "C5310" 0 0 1000 0 0 0 0
504 500 57.950 146.600 180.000 81 0 13 7 10 7 30012 1 0 0 3 0 1 500 "C5311" 0 0 1000 0 0 0 0
505 501 30.900 147.600 180.000 81 0 13 1 9 5 30012 1 0 0 3 0 1 501 "C5403" 0 0 1000 0 0 0 0
506 502 31.400 159.300 180.000 81 0 14 1 1 1 30012 1 0 0 3 0 1 502 "C5411" 0 0 1000 0 0 0 0
507 503 29.900 159.300 0.000 81 0 14 2 2 2 30012 1 0 0 3 0 1 503 "C5412" 0 0 1000 0 0 0 0
508 504 225.000 52.550 180.000 81 0 6 2 8 9 30012 1 0 0 3 0 1 504 "C906" 0 0 1000 0 0 0 0
509 505 61.150 108.050 -90.000 81 0 13 2 6 12 30012 1 0 0 3 0 1 505 "C7103" 0 0 1000 0 0 0 0
510 506 142.900 59.200 90.000 81 0 10 2 8 2 30012 1 0 0 3 0 1 506 "C10706" 0 0 1000 0 0 0 0
511 507 206.700 144.250 90.000 82 0 2 2 12 6 40017 2 0 0 4 0 1 507 "R1700" 0 0 1000 0 0 0 0
512 508 91.850 160.100 90.000 83 0 1 1 5 11 10019 2 0 0 1 0 1 508 "R9901" 0 0 1000 0 0 0 0
513 509 93.950 73.100 -90.000 83 0 2 2 5 5 10019 2 0 0 1 0 1 509 "R9902" 0 0 1000 0 0 0 0
514 510 98.400 47.500 90.000 83 0 6 2 10 5 10019 2 0 0 1 0 1 510 "R9904" 0 0 1000 0 0 0 0
515 511 171.150 154.450 0.000 83 0 2 1 10 11 10019 2 0 0 1 0 1 511 "R9905" 0 0 1000 0 0 0 0
516 512 204.100 78.350 -90.000 83 0 3 2 7 5 10019 2 0 0 1 0 1 512 "R9906" 0 0 1000 0 0 0 0
517 513 21.100 49.300 180.000 84 0 7 1 11 8 10008 2 0 0 1 0 1 513 "R6512" 0 0 1000 0 0 0 0
518 514 19.750 49.300 180.000 84 0 8 2 8 5 10008 2 0 0 1 0 1 514 "R6514" 0 0 1000 0 0 0 0
519 515 44.250 186.900 90.000 85 0 14 6 10 10 10025 2 0 0 1 0 1 515 "R4116" 0 0 1000 0 0 0 0
520 516 29.200 104.300 0.000 86 0 8 1 9 12 10009 1 0 0 1 0 1 516 "C7004" 0 0 1000 0 0 0 0
521 517 26.400 104.300 0.000 86 0 9 3 11 3 10009 1 0 0 1 0 1 517 "C7021" 0 0 1000 0 0 0 0
522 518 110.000 142.750 90.000 87 0 9 1 3 11 10011 2 0 0 1 0 1 518 "C333" 0 0 1000 0 0 0 0
523 519 153.450 76.540 -90.000 87 0 13 3 3 8 10011 2 0 0 1 0 1 519 "C2107" 0 0 1000 0 0 0 0
524 520 45.225 179.325 90.000 87 0 11 1 7 8 10011 2 0 0 1 0 1 520 "C4111" 0 0 1000 0 0 0 0
525 521 155.450 156.050 -90.000 87 0 14 4 5 3 10011 2 0 0 1 0 1 521 "C8801" 0 0 1000 0 0 0 0
526 522 158.740 146.650 0.000 87 0 15 10 1 1 10011 2 0 0 1 0 1 522 "C8803" 0 0 1000 0 0 0 0
527 523 141.340 148.250 180.000 87 0 14 5 6 8 10011 2 0 0 1 0 1 523 "C8805" 0 0 1000 0 0 0 0
528 524 83.850 116.700 90.000 87 0 13 4 12 11 10011 2 0 0 1 0 1 524 "C10601" 0 0 1000 0 0 0 0
529 525 128.500 55.350 180.000 87 0 10 1 9 8 10011 2 0 0 1 0 1 525 "C10708" 0 0 1000 0 0 0 0
530 526 43.500 147.300 -90.000 88 0 14 2 7 6 10007 1 0 0 1 0 1 526 "R5304" 0 0 1000 0 0 0 0
531 527 54.850 148.800 -90.000 88 0 8 3 11 10 10007 1 0 0 1 0 1 527 "R5305" 0 0 1000 0 0 0 0
532 528 61.650 151.050 90.000 88 0 9 4 10 10 10007 1 0 0 1 0 1 528 "R5306" 0 0 1000 0 0 0 0
533 529 70.350 145.750 -90.000 88 0 8 1 10 8 10007 1 0 0 1 0 1 529 "R5307" 0 0 1000 0 0 0 0
534 530 21.350 160.750 -90.000 88 0 14 3 9 5 10007 1 0 0 1 0 1 530 "R5401" 0 0 1000 0 0 0 0
535 531 28.350 162.100 -90.000 88 0 16 11 3 2 10007 1 0 0 1 0 1 531 "R5402" 0 0 1000 0 0 0 0
536 532 33.150 162.300 -90.000 88 0 14 1 8 11 10007 1 0 0 1 0 1 532 "R5403" 0 0 1000 0 0 0 0
537 533 40.050 163.100 90.000 88 0 13 5 9 6 10007 1 0 0 1 0 1 533 "R5404" 0 0 1000 0 0 0 0
[StockData]
IDNUM N PA PB PC PD PE PF PG PH PI PJ TA TB TC TD TE TF TG TH TI TJ DA DB
1 40023 0 1 0 0 0 0 0 0 0 0 0 2502 0 0 0 0 0 0 0 0 0 1
2 10009 86 2 0 0 0 0 0 0 0 0 2482 2481 0 0 0 0 0 0 0 0 0 0
3 40015 3 35 0 0 0 0 0 0 0 0 2481 2481 0 0 0 0 0 0 0 0 0 0
4 10007 88 4 0 0 0 0 0 0 0 0 2482 2481 0 0 0 0 0 0 0 0 0 0
5 10017 5 19 0 0 0 0 0 0 0 0 2481 2481 0 0 0 0 0 0 0 0 0 0
6 10004 6 0 0 0 0 0 0 0 0 0 2481 0 0 0 0 0 0 0 0 0 0 0
7 40007 0 7 0 0 0 0 0 0 0 0 0 2481 0 0 0 0 0 0 0 0 0 0
8 40012 17 8 0 0 0 0 0 0 0 0 2481 2481 0 0 0 0 0 0 0 0 0 0
9 10019 9 83 0 0 0 0 0 0 0 0 2481 2482 0 0 0 0 0 0 0 0 0 0
10 10021 10 0 0 0 0 0 0 0 0 0 2481 0 0 0 0 0 0 0 0 0 0 0
11 40014 11 27 0 0 0 0 0 0 0 0 2481 2481 0 0 0 0 0 0 0 0 0 0
12 10014 11 27 0 0 0 0 0 0 0 0 2481 2481 0 0 0 0 0 0 0 0 0 0
13 30014 11 27 0 0 0 0 0 0 0 0 2481 2481 0 0 0 0 0 0 0 0 0 0
14 30013 0 12 0 0 0 0 0 0 0 0 0 2481 0 0 0 0 0 0 0 0 0 0
15 10015 12 17 0 0 0 0 0 0 0 0 2481 2481 0 0 0 0 0 0 0 0 0 0
16 40013 23 12 0 0 0 0 0 0 0 0 2481 2481 0 0 0 0 0 0 0 0 0 0
17 30017 0 13 0 0 0 0 0 0 0 0 0 2481 0 0 0 0 0 0 0 0 0 0
18 40021 14 0 0 0 0 0 0 0 0 0 2481 0 0 0 0 0 0 0 0 0 0 0
19 10012 15 0 0 0 0 0 0 0 0 0 2481 0 0 0 0 0 0 0 0 0 0 0
20 40019 16 0 0 0 0 0 0 0 0 0 2481 0 0 0 0 0 0 0 0 0 0 0
21 30015 24 17 0 0 0 0 0 0 0 0 2481 2481 0 0 0 0 0 0 0 0 0 0
22 30019 0 18 0 0 0 0 0 0 0 0 0 2481 0 0 0 0 0 0 0 0 0 0
23 30010 20 0 0 0 0 0 0 0 0 0 2481 0 0 0 0 0 0 0 0 0 0 0
24 30018 21 0 0 0 0 0 0 0 0 0 2481 0 0 0 0 0 0 0 0 0 0 0
25 30004 0 22 0 0 0 0 0 0 0 0 0 2481 0 0 0 0 0 0 0 0 0 0
26 10013 0 23 0 0 0 0 0 0 0 0 0 2481 0 0 0 0 0 0 0 0 0 0
27 30008 25 40 0 0 0 0 0 0 0 0 2481 2481 0 0 0 0 0 0 0 0 0 0
28 40011 0 26 0 0 0 0 0 0 0 0 0 2481 0 0 0 0 0 0 0 0 0 0
29 40008 28 44 0 0 0 0 0 0 0 0 2481 2481 0 0 0 0 0 0 0 0 0 0
30 10024 29 33 0 0 0 0 0 0 0 0 2481 2481 0 0 0 0 0 0 0 0 0 0
31 10006 30 34 0 0 0 0 0 0 0 0 2481 2481 0 0 0 0 0 0 0 0 0 0
32 40006 31 39 0 0 0 0 0 0 0 0 2481 2481 0 0 0 0 0 0 0 0 0 0
33 40024 32 0 0 0 0 0 0 0 0 0 2481 0 0 0 0 0 0 0 0 0 0 0
34 30024 0 36 0 0 0 0 0 0 0 0 0 2481 0 0 0 0 0 0 0 0 0 0
35 10003 37 0 0 0 0 0 0 0 0 0 2481 0 0 0 0 0 0 0 0 0 0 0
36 30006 0 38 0 0 0 0 0 0 0 0 0 2481 0 0 0 0 0 0 0 0 0 0
37 10022 41 50 0 0 0 0 0 0 0 0 2481 2481 0 0 0 0 0 0 0 0 0 0
38 10018 77 42 0 0 0 0 0 0 0 0 2481 2481 0 0 0 0 0 0 0 0 0 0
39 30022 43 51 0 0 0 0 0 0 0 0 2481 2481 0 0 0 0 0 0 0 0 0 0
40 40001 45 59 0 0 0 0 0 0 0 0 2481 2481 0 0 0 0 0 0 0 0 0 0
41 30025 46 0 0 0 0 0 0 0 0 0 2481 0 0 0 0 0 0 0 0 0 0 0
42 40025 47 0 0 0 0 0 0 0 0 0 2481 0 0 0 0 0 0 0 0 0 0 0
43 10020 48 0 0 0 0 0 0 0 0 0 2481 0 0 0 0 0 0 0 0 0 0 0
44 10002 49 54 0 0 0 0 0 0 0 0 2481 2481 0 0 0 0 0 0 0 0 0 0
45 40002 52 0 0 0 0 0 0 0 0 0 2481 0 0 0 0 0 0 0 0 0 0 0
46 40022 0 53 0 0 0 0 0 0 0 0 0 2481 0 0 0 0 0 0 0 0 0 0
47 40010 55 0 0 0 0 0 0 0 0 0 2481 0 0 0 0 0 0 0 0 0 0 0
48 10005 56 0 0 0 0 0 0 0 0 0 2481 0 0 0 0 0 0 0 0 0 0 0
49 30020 57 0 0 0 0 0 0 0 0 0 2481 0 0 0 0 0 0 0 0 0 0 0
50 40020 58 71 0 0 0 0 0 0 0 0 2481 2481 0 0 0 0 0 0 0 0 0 0
51 40027 60 0 0 0 0 0 0 0 0 0 2481 0 0 0 0 0 0 0 0 0 0 0
52 30026 61 0 0 0 0 0 0 0 0 0 2481 0 0 0 0 0 0 0 0 0 0 0
53 30005 0 62 0 0 0 0 0 0 0 0 0 2481 0 0 0 0 0 0 0 0 0 0
54 10026 0 63 0 0 0 0 0 0 0 0 0 2481 0 0 0 0 0 0 0 0 0 0
55 40016 64 76 0 0 0 0 0 0 0 0 2481 2481 0 0 0 0 0 0 0 0 0 0
56 10010 65 0 0 0 0 0 0 0 0 0 2481 0 0 0 0 0 0 0 0 0 0 0
57 10023 66 67 0 0 0 0 0 0 0 0 2481 2481 0 0 0 0 0 0 0 0 0 0
58 40026 0 68 0 0 0 0 0 0 0 0 0 2481 0 0 0 0 0 0 0 0 0 0
59 30023 0 69 0 0 0 0 0 0 0 0 0 2481 0 0 0 0 0 0 0 0 0 0
60 30001 70 73 0 0 0 0 0 0 0 0 2481 2481 0 0 0 0 0 0 0 0 0 0
61 30009 72 0 0 0 0 0 0 0 0 0 2481 0 0 0 0 0 0 0 0 0 0 0
62 30007 74 78 0 0 0 0 0 0 0 0 2481 2482 0 0 0 0 0 0 0 0 0 0
63 40009 0 75 0 0 0 0 0 0 0 0 0 2481 0 0 0 0 0 0 0 0 0 0
64 10016 76 0 0 0 0 0 0 0 0 0 2481 0 0 0 0 0 0 0 0 0 0 0
65 30011 79 0 0 0 0 0 0 0 0 0 2482 0 0 0 0 0 0 0 0 0 0 0
66 40017 80 82 0 0 0 0 0 0 0 0 2482 2482 0 0 0 0 0 0 0 0 0 0
67 30012 81 0 0 0 0 0 0 0 0 0 2482 0 0 0 0 0 0 0 0 0 0 0
68 10008 0 84 0 0 0 0 0 0 0 0 0 2482 0 0 0 0 0 0 0 0 0 0
69 10025 0 85 0 0 0 0 0 0 0 0 0 2482 0 0 0 0 0 0 0 0 0 0
70 10011 0 87 0 0 0 0 0 0 0 0 0 2482 0 0 0 0 0 0 0 0 0 0
[NozzleStock]
IDNUM N P
1 111 230
2 112 230
3 113 230
4 114 230
5 115 230
6 116 230
7 121 230
8 122 230
9 123 230
10 124 230
11 125 230
12 126 230
13 211 230
14 212 230
15 213 230
16 214 230
17 215 230
18 216 230
19 221 230
20 222 230
21 223 230
22 224 230
23 225 230
24 226 230
25 311 230
26 313 230
27 315 230
28 321 230
29 312 230
30 314 230
31 316 230
32 322 230
33 323 230
34 324 230
35 325 230
36 326 230
37 411 230
38 412 230
39 413 230
40 414 230
41 415 230
42 416 230
43 421 230
44 422 230
45 423 230
46 424 230
47 425 230
48 426 230
[NozzlePosition]
IDNUM HEAD NPA NPB NPC NPD NPE NPF NPG NPH NPI NPJ NPK NPL TURN PROGDIST
1 1 111 112 113 114 115 116 121 122 123 124 125 126 1 0
2 2 211 212 213 214 215 216 221 222 223 224 225 226 1 0
3 3 311 313 315 321 312 314 316 322 323 324 325 326 1 0
4 4 411 412 413 414 415 416 421 422 423 424 425 426 1 0
[SubStockData]
IDNUM N PA PB PC PD PE PF PG PH PI PJ TA TB TC TD TE TF TG TH TI TJ DA DB
