[LineInfoData]
IDNUM McNum McMdln McName StartBeam BeamNum Pass SecMntHld PrevMachine NextMachine
1 1 0x51200 "NPM-1" 1 2 0 0 0 3
2 2 0x51200 "NPM-2" 3 2 0 0 3 3
3 3 0x52200 "NPM-3" 5 2 0 0 3 3
4 4 0x52100 "NPM-4" 7 2 0 0 3 3
5 5 0x52200 "NPM-5" 9 2 0 0 3 0

[BeamData]
IDNUM Head NzlChg BulkFdr StickFdr CutUnit Ccamera Camera LeadChk Sensor3D BGACSP SPNzl LoadCntl TrayMagazine DblFdrUse HeadType NzlChgKind NzlSlots NzlBigSlots Flux ConvTime DHHighScan FdrTblType FdrSlots FrameType TraySlots TraySize EjCnv Stage ExConv ExBigNzl Lane SlowDown TM Hs8NzlChg PCBWarpMeasurement HighSpd HeightSensor AutoPinChg ConvLen CustomTray NPMExConvL NPMExConvR ThinTypeSingleFdr TallComp PIP COAXIAL LeadAdjust HeadCamera PcbHolder LCR BackLight PartsBCR CompactCart TrayStocker EnvAdjust GangTkup SlotNumbering FixLoad1N HPM1 HPM2
1 1 1 0 0 1 1 1 0 0 0 0 0 0 2 17 0 32 0 0 100 0 3 17 0 0 0 0 3 0 0 7 0 0 0 0 0 0 0 0 0 0 1 0 0 0 0 0 1 0 0 0 0 0 0 0 0 0 0 0 0
2 2 1 0 0 1 1 1 0 0 0 0 0 0 2 17 0 32 0 0 100 0 3 17 0 0 0 0 3 0 0 7 0 0 0 0 0 0 0 0 0 0 1 0 0 0 0 0 1 0 0 0 0 0 0 0 0 0 0 0 0
3 3 1 0 0 1 1 1 0 0 0 0 0 0 2 17 0 32 0 0 100 0 3 17 0 0 0 0 3 0 0 7 0 0 0 0 0 0 0 0 0 0 1 0 0 0 0 0 1 0 0 0 0 0 0 0 0 0 0 0 0
4 4 1 0 0 1 1 1 0 0 0 0 0 0 2 17 0 32 0 0 100 0 3 17 0 0 0 0 3 0 0 7 0 0 0 0 0 0 0 0 0 0 1 0 0 0 0 0 1 0 0 0 0 0 0 0 0 0 0 0 0
5 5 1 0 0 1 1 3 0 0 0 0 0 0 2 28 0 32 0 0 100 0 3 30 0 0 0 0 3 0 0 1 0 0 0 0 0 0 0 0 0 0 0 0 0 0 0 0 1 0 0 0 0 0 0 0 0 0 0 0 0
6 6 1 0 0 1 1 3 0 0 0 0 0 0 2 28 0 32 0 0 100 0 3 30 0 0 0 0 3 0 0 1 0 0 0 0 0 0 0 0 0 0 0 0 0 0 0 0 1 0 0 0 0 0 0 0 0 0 0 0 0
7 7 1 0 1 1 1 1 0 0 1 0 0 0 2 14 1 16 0 0 100 0 3 30 0 0 0 0 3 0 0 9 0 0 0 0 0 0 0 0 0 0 1 0 0 0 0 0 1 0 0 0 0 0 0 0 0 0 0 0 0
8 8 1 0 0 1 1 1 0 0 0 0 0 0 2 17 0 32 0 0 100 0 3 30 0 0 0 0 3 0 0 9 0 0 0 0 0 0 0 0 0 0 1 0 0 0 0 0 1 0 0 0 0 0 0 0 0 0 0 0 0
9 9 1 0 1 1 1 3 0 1 1 0 1 0 2 34 6 15 0 0 100 0 3 30 0 0 0 0 3 0 0 1 0 4 0 0 0 0 0 0 0 1 1 0 0 0 0 0 1 0 0 0 0 0 0 0 0 0 0 0 0
10 10 1 0 0 0 1 3 0 1 1 0 1 1 2 34 6 15 0 0 100 0 6 0 0 40 0 0 3 0 0 1 0 4 0 0 0 0 0 0 0 1 1 0 0 0 0 0 1 0 0 0 0 0 0 0 0 0 0 0 0

[FdrTblMode]
IDNUM Head NowStation FdrTblMode Pass Type TapeCutLength
1 1 2 JOINT NO 0 0
2 2 2 JOINT NO 0 0
3 3 2 JOINT NO 0 0
4 4 2 JOINT NO 0 0
5 5 2 JOINT NO 0 0
6 6 2 JOINT NO 0 0
7 7 2 JOINT NO 0 0
8 8 2 JOINT NO 0 0
9 9 2 JOINT NO 0 0
10 10 2 JOINT NO 0 0

[LotNames]
IDNUM LotNum Lot MCFileName Filter AutoChg BaseChg Lane ProductionID SimProduct DGSPCBName DGSPCBRev DGSPCBSide DGSRefPin C DataGenMode MountHead VSTPath Order TargetTact C2
320 1 "MASTER-OPT-FIXFEEDER_OLED" "MASTER-OPT-FIXFEEDER_OLED" 0 0 0 1 "" 0 "new2line" "1.2" "T" "" "" 1 0 "" 0 0 ""

[ArrangementGroupProducts]
IDNUM Group Lot SameGroup
320 1 1 0

[ArrangementGroupCondValue<1>]
Value1=""
Value2=""
Value3=""
Value4=""
Value5=""
Value6=""
Value7=""
Value8=""
Value9=""
Value10=""

[PartsDataEx]
IDNUM NAME LNAME REELS SKIP NoAutoDivide Alt AltNum NoArrange
1 "EAE62771201" "ohm" 1 0 0 0 0 0
2 "EAE61081701" "ohm" 2 0 0 0 0 0
6 "EAE52158501" "ohm" 5 0 0 0 0 0
7 "0CK475DD56A" "ohm" 1 0 0 0 0 0
8 "0CK474DK56A" "ohm" 1 0 0 0 0 0
11 "EAE62303301" "ohm" 1 0 0 0 0 0
13 "0CK105CK56A" "ohm" 1 0 0 0 0 0
14 "0CK105CD56A" "ohm" 1 0 0 0 0 0
15 "0CK104CK56A" "ohm" 1 0 0 0 0 0
16 "0CH1474K562" "ohm" 1 0 0 0 0 0
20 "0RJ2000D677" "ohm" 1 0 0 0 0 0
23 "0RJ0331D677" "ohm" 1 0 0 0 0 0
24 "0RJ0000D677" "ohm" 1 0 0 0 0 0
27 "EBC60934601" "ohm" 1 0 0 0 0 0
28 "EBC59174901" "ohm" 1 0 0 0 0 0
30 "EBC34656201" "ohm" 1 0 0 0 0 0
31 "EBC33408101" "ohm" 1 0 0 0 0 0
32 "EBC32176201" "ohm" 1 0 0 0 0 0
33 "EBC30996801" "ohm" 1 0 0 0 0 0
35 "0RJ6801C478" "ohm" 1 0 0 0 0 0
36 "0RJ5101C678" "ohm" 1 0 0 0 0 0
37 "0RJ5102C478" "ohm" 1 0 0 0 0 0
39 "0RJ5101C478" "ohm" 1 0 0 0 0 0
40 "0RJ4702C678" "ohm" 1 0 0 0 0 0
41 "0RJ4701C678" "ohm" 1 0 0 0 0 0
42 "0RJ4702C478" "ohm" 1 0 0 0 0 0
43 "0RJ4701C478" "ohm" 1 0 0 0 0 0
44 "0RJ4302C478" "ohm" 1 0 0 0 0 0
45 "0RJ3901C478" "ohm" 1 0 0 0 0 0
47 "0RJ3601C478" "ohm" 1 0 0 0 0 0
48 "0RJ3301C478" "ohm" 1 0 0 0 0 0
49 "0RJ3301C678" "ohm" 1 0 0 0 0 0
50 "0RJ3300C678" "ohm" 1 0 0 0 0 0
53 "0RJ2702C478" "ohm" 1 0 0 0 0 0
56 "0RJ2400C478" "ohm" 1 0 0 0 0 0
57 "0RJ2202C478" "ohm" 1 0 0 0 0 0
58 "0RJ2002C478" "ohm" 1 0 0 0 0 0
59 "0RJ2000C678" "ohm" 1 0 0 0 0 0
60 "0RJ2001C678" "ohm" 1 0 0 0 0 0
62 "0RJ1801C678" "ohm" 1 0 0 0 0 0
63 "0RJ1802C478" "ohm" 1 0 0 0 0 0
64 "0RJ1601C478" "ohm" 1 0 0 0 0 0
66 "0RJ1503C478" "ohm" 1 0 0 0 0 0
68 "0RJ1402C478" "ohm" 1 0 0 0 0 0
70 "0RJ1201C478" "ohm" 1 0 0 0 0 0
71 "0RJ1102C478" "ohm" 1 0 0 0 0 0
73 "0RJ1003C678" "ohm" 1 0 0 0 0 0
74 "0RJ1004C478" "ohm" 1 0 0 0 0 0
75 "0RJ1002C678" "ohm" 2 0 0 0 0 0
76 "0RJ1001E478" "ohm" 1 0 0 0 0 0
77 "0RJ1002C478" "ohm" 1 0 0 0 0 0
78 "0RJ1000C678" "ohm" 2 0 0 0 0 0
79 "0RJ1001C678" "ohm" 1 0 0 0 0 0
80 "0RJ1000C478" "ohm" 1 0 0 0 0 0
83 "0RJ0682C678" "ohm" 1 0 0 0 0 0
86 "0RJ0512C678" "ohm" 1 0 0 0 0 0
88 "0RJ0332C478" "ohm" 1 0 0 0 0 0
89 "0RJ0332C678" "ohm" 1 0 0 0 0 0
90 "0RJ0222C678" "ohm" 1 0 0 0 0 0
91 "0RJ0102C678" "ohm" 1 0 0 0 0 0
92 "0RJ0000C678" "ohm" 2 0 0 0 0 0
95 "EAE32166601" "ohm" 1 0 0 0 0 0
96 "0CZZB00035A" "ohm" 1 0 0 0 0 0
98 "0CH5470K618" "ohm" 1 0 0 0 0 0
101 "0CK471BK56A" "ohm" 1 0 0 0 0 0
102 "0CC151BK41A" "ohm" 1 0 0 0 0 0
103 "0CH5220K618" "ohm" 1 0 0 0 0 0
105 "EAE30281901" "ohm" 1 0 0 0 0 0
108 "EAF61630101" "ohm" 1 0 0 0 0 0
109 "EAF61530101" "ohm" 1 0 0 0 0 0
110 "EAE32246001" "ohm" 1 0 0 0 0 0
113 "0CZZB00024A" "ohm" 1 0 0 0 0 0
114 "0CK332BK56A" "ohm" 1 0 0 0 0 0
116 "EAE32166101" "ohm" 1 0 0 0 0 0
117 "0CK104BH56A" "ohm" 2 0 0 0 0 0
120 "0CC180BKFAA" "ohm" 1 0 0 0 0 0
121 "0CC120BK4AA" "ohm" 1 0 0 0 0 0
122 "0CC100BKF1A" "ohm" 1 0 0 0 0 0
123 "0CK104BF56A" "ohm" 5 0 0 0 0 0
124 "0CK102BK56A" "ohm" 1 0 0 0 0 0
125 "0CK101BK4EA" "ohm" 1 0 0 0 0 0
131 "EAM38769505" "ohm" 1 0 0 0 0 0
133 "EBC01890805" "ohm" 1 0 0 0 0 0
134 "0CC103BK5BA" "ohm" 1 0 0 0 0 0
136 "EBC62582703" "ohm" 1 0 0 0 0 0
137 "EBC32260601" "ohm" 1 0 0 0 0 0
138 "EBC62582701" "ohm" 1 0 0 0 0 0
139 "EBC62582702" "ohm" 1 0 0 0 0 0
141 "EBK61012701" "ohm" 1 0 0 0 0 0
142 "EAH61714301" "ohm" 1 0 0 0 0 0
145 "EBK61731401" "ohm" 1 0 0 0 0 0
148 "EAN62871401" "ohm" 1 0 0 0 0 0
149 "EAN62945801" "ohm" 1 0 0 0 0 0
152 "EAH61515101" "ohm" 1 0 0 0 0 0
157 "EBK61012601" "ohm" 1 0 0 0 0 0
164 "EAW62003401" "ohm" 1 0 0 0 0 0
187 "EAN62668301" "ohm" 1 0 0 0 0 0
191 "EAN41348201" "ohm" 1 0 0 0 0 0
211 "EAH61253501" "ohm" 1 0 0 0 0 0
213 "EAH61515701" "ohm" 1 0 0 0 0 0
220 "EAM61130602" "ohm" 1 0 0 0 0 0
234 "EBC62582706" "ohm" 1 0 0 0 0 0
248 "0CK474DH56A" "ohm" 1 0 0 0 0 0
314 "0DR050008AA" "ohm" 1 0 0 0 0 0
329 "0RJ2201C678" "ohm" 1 0 0 0 0 0
332 "EAE59211001" "ohm" 1 0 0 0 0 0
367 "0CC150BK4AA" "ohm" 1 0 0 0 0 0
391 "0CK331BKFDA" "ohm" 1 0 0 0 0 0
397 "0DD184009AA" "ohm" 1 0 0 0 0 0
403 "0RJ0102D677" "ohm" 1 0 0 0 0 0
413 "0RJ0492C478" "ohm" 1 0 0 0 0 0
415 "0RJ0752D477" "ohm" 1 0 0 0 0 0
419 "0RJ1003C478" "ohm" 1 0 0 0 0 0
424 "0RJ1202C478" "ohm" 1 0 0 0 0 0
427 "0RJ2402C478" "ohm" 1 0 0 0 0 0
431 "0RJ3301D677" "ohm" 1 0 0 0 0 0
432 "0RJ3302C478" "ohm" 1 0 0 0 0 0
436 "0RJ4701D677" "ohm" 1 0 0 0 0 0
437 "0RJ4703C678" "ohm" 1 0 0 0 0 0
447 "EAE32479401" "ohm" 1 0 0 0 0 0
487 "EAE58399101" "ohm" 1 0 0 0 0 0
583 "0RJ2701C678" "ohm" 1 0 0 0 0 0
641 "0RJ4700C678" "ohm" 1 0 0 0 0 0
642 "0RJ0752C678" "ohm" 1 0 0 0 0 0
651 "0RJ0221C678" "ohm" 1 0 0 0 0 0
657 "0DTKE00018A" "ohm" 1 0 0 0 0 0
666 "0RJ2203C678" "ohm" 1 0 0 0 0 0
673 "0RJ5601C678" "ohm" 1 0 0 0 0 0
676 "EAE62506501" "ohm" 1 0 0 0 0 0
680 "0RJ0472C678" "ohm" 1 0 0 0 0 0
681 "0RJ1202D477" "ohm" 1 0 0 0 0 0
722 "0RJ0102D477" "ohm" 1 0 0 0 0 0
734 "0RJ3602C478" "ohm" 1 0 0 0 0 0
736 "0TR390609DC" "ohm" 1 0 0 0 0 0
741 "EBK61913702" "ohm" 1 0 0 0 0 0
748 "EAE63602101" "ohm" 1 0 0 0 0 0
765 "0TRKE80046A" "ohm" 1 0 0 0 0 0
775 "0RJ2002C678" "ohm" 1 0 0 0 0 0
776 "0RJ5601C478" "ohm" 1 0 0 0 0 0
777 "0RJ8201C478" "ohm" 1 0 0 0 0 0
778 "0RJ1203C478" "ohm" 1 0 0 0 0 0
779 "0RJ5102C678" "ohm" 1 0 0 0 0 0
780 "0CH1224K512" "ohm" 1 0 0 0 0 0
781 "0RJ3902C478" "ohm" 1 0 0 0 0 0
782 "0RJ5600C478" "ohm" 1 0 0 0 0 0
787 "0RJ3300C478" "ohm" 1 0 0 0 0 0
789 "0RJ9101C478" "ohm" 1 0 0 0 0 0
791 "EBC62582708" "ohm" 1 0 0 0 0 0
793 "0RJ2700C478" "ohm" 1 0 0 0 0 0
804 "EAH63274601" "ohm" 1 0 0 0 0 0
807 "EAE60663801" "ohm" 1 0 0 0 0 0
838 "0CC221BKFAA" "ohm" 1 0 0 0 0 0
842 "0CC271BK4AA" "ohm" 1 0 0 0 0 0
857 "0CC560BK41A" "ohm" 1 0 0 0 0 0
957 "0CK102CK56A" "ohm" 1 0 0 0 0 0
980 "0CK223BF5CA" "ohm" 1 0 0 0 0 0
992 "0CK272BKF6A" "ohm" 1 0 0 0 0 0
1044 "0CZZB00055B" "ohm" 1 0 0 0 0 0
1170 "0RH1500D622" "ohm" 1 0 0 0 0 0
1286 "0RJ1052C478" "ohm" 1 0 0 0 0 0
1295 "0RJ1200C478" "ohm" 1 0 0 0 0 0
1296 "0RJ1200C678" "ohm" 1 0 0 0 0 0
1298 "0RJ1201C678" "ohm" 1 0 0 0 0 0
1312 "0RJ1501D477" "ohm" 1 0 0 0 0 0
1314 "0RJ1502C478" "ohm" 1 0 0 0 0 0
1323 "0RJ1800C678" "ohm" 1 0 0 0 0 0
1331 "0RJ2001D477" "ohm" 1 0 0 0 0 0
1334 "0RJ2002D477" "ohm" 1 0 0 0 0 0
1336 "0RJ2003C478" "ohm" 1 0 0 0 0 0
1342 "0RJ2202C678" "ohm" 1 0 0 0 0 0
1353 "0RJ2403C478" "ohm" 1 0 0 0 0 0
1354 "0RJ2492C478" "ohm" 1 0 0 0 0 0
1362 "0RJ2703C478" "ohm" 1 0 0 0 0 0
1368 "0RJ3002C478" "ohm" 1 0 0 0 0 0
1396 "0RJ4301C478" "ohm" 1 0 0 0 0 0
1404 "0RJ4703C478" "ohm" 1 0 0 0 0 0
1413 "0RJ5103C478" "ohm" 1 0 0 0 0 0
1421 "0RJ6201C477" "ohm" 1 0 0 0 0 0
1422 "0RJ6201C478" "ohm" 1 0 0 0 0 0
1430 "0RJ6801C678" "ohm" 1 0 0 0 0 0
1443 "0RJ7502C478" "ohm" 1 0 0 0 0 0
1445 "0RJ8200C478" "ohm" 1 0 0 0 0 0
1448 "0RJ8201D477" "ohm" 1 0 0 0 0 0
1450 "0RJ8202C478" "ohm" 1 0 0 0 0 0
1464 "0RZZH033273" "ohm" 1 0 0 0 0 0
1480 "EBK63231801" "ohm" 1 0 0 0 0 0
1482 "EAN63491301" "ohm" 1 0 0 0 0 0
1483 "EAF61530102" "ohm" 1 0 0 0 0 0
1486 "EAM32500208" "ohm" 1 0 0 0 0 0
1509 "EBK63231701" "ohm" 1 0 0 0 0 0
1518 "EAH62735601" "ohm" 1 0 0 0 0 0
1520 "MDS65793801" "ohm" 1 0 0 0 0 0
1526 "EAN64429401" "ohm" 1 0 0 0 0 0
1536 "EAE62082801" "ohm" 1 0 0 0 0 0
1537 "EBC62857610" "ohm" 1 0 0 0 0 0
1538 "EBC58702101" "ohm" 1 0 0 0 0 0
1555 "EAN64432302" "ohm" 1 0 0 0 0 0
1567 "EAN64387501" "ohm" 1 0 0 0 0 0
1568 "EAH63512701" "ohm" 1 0 0 0 0 0
1570 "EAH62135001" "ohm" 1 0 0 0 0 0
1572 "EBC32260401" "ohm" 1 0 0 0 0 0
1578 "EBC41607701" "ohm" 1 0 0 0 0 0
1583 "EAF61630102" "ohm" 1 0 0 0 0 0
1585 "ERHZ0000219" "ohm" 1 0 0 0 0 0
1586 "ERHY0000124" "ohm" 1 0 0 0 0 0
1591 "EBC35293401" "ohm" 1 0 0 0 0 0
1594 "EBC32271301" "ohm" 1 0 0 0 0 0
1621 "EAH63512601" "ohm" 1 0 0 0 0 0
1652 "EBK62072501" "ohm" 1 0 0 0 0 0
1657 "EAE62746601" "ohm" 1 0 0 0 0 0
1695 "0RJ4700C478" "ohm" 1 0 0 0 0 0
1705 "EAN64895201" "ohm" 1 0 0 0 0 0
1709 "EBC62582709" "ohm" 1 0 0 0 0 0
1718 "EAE58112401" "ohm" 1 0 0 0 0 0
1745 "0CC223BK5BA" "ohm" 1 0 0 0 0 0
1751 "EAE62772301" "ohm" 1 0 0 0 0 0
1784 "EBK64051601" "ohm" 1 0 0 0 0 0
1785 "EAN65165901" "ohm" 1 0 0 0 0 0
1799 "EAP60778310" "ohm" 1 0 0 0 0 0
1833 "0RJ3003C478" "ohm" 1 0 0 0 0 0
1836 "EBC32154101" "ohm" 1 0 0 0 0 0
1840 "EBC33932801" "ohm" 1 0 0 0 0 0
1925 "EBC62997001" "ohm" 1 0 0 0 0 0
1926 "EAE65123801" "ohm" 1 0 0 0 0 0
1935 "EAN65585801" "ohm" 1 0 0 0 0 0
1988 "EAN65806202" "ohm" 1 0 0 0 0 0
1997 "0RH0101G622" "ohm" 1 0 0 0 0 0
2001 "EAE65502001" "ohm" 1 0 0 0 0 0
2005 "EAH64532601" "ohm" 1 0 0 0 0 0
2007 "EAH64532701" "ohm" 1 0 0 0 0 0
2082 "EAN65566601" "ohm" 1 0 0 0 0 0
2086 "0RH1001C422" "ohm" 1 0 0 0 0 0
2091 "0RH4700C422" "ohm" 1 0 0 0 0 0
2093 "EAN65566301" "ohm" 1 0 0 0 0 0
2129 "0RJ2703C477" "ohm" 1 0 0 0 0 0
2140 "0RJ0391E472" "ohm" 1 0 0 0 0 0
2158 "EAP65069901" "ohm" 1 0 0 0 0 0
2191 "EBK64992901" "ohm" 1 0 0 0 0 0
2192 "EAM63070201" "ohm" 1 0 0 0 0 0
2195 "EAP65048202" "ohm" 1 0 0 0 0 0
2197 "0RH0101C622" "ohm" 1 0 0 0 0 0
2199 "EAN65566804" "ohm" 1 0 0 0 0 0
2239 "0RH0222C622" "ohm" 1 0 0 0 0 0
2240 "EAN66054101" "ohm" 1 0 0 0 0 0
2241 "EAP65048201" "ohm" 1 0 0 0 0 0
2244 "EAP65069501" "ohm" 1 0 0 0 0 0
2247 "EAN65566803" "ohm" 1 0 0 0 0 0
2248 "EAP39314704" "ohm" 1 0 0 0 0 0
2259 "EAH64894901" "ohm" 1 0 0 0 0 0
2264 "0RH5101C422" "ohm" 1 0 0 0 0 0
2281 "EAP65069401" "ohm" 1 0 0 0 0 0
2282 "EAN64989601" "ohm" 1 0 0 0 0 0
2283 "EAH63373101" "ohm" 1 0 0 0 0 0
2284 "EAW61645510" "ohm" 1 0 0 0 0 0
2285 "EBK64992801" "ohm" 1 0 0 0 0 0
2286 "EAP60778312" "ohm" 1 0 0 0 0 0
2287 "EAN66317601" "ohm" 1 0 0 0 0 0
2288 "EAH65065001" "ohm" 1 0 0 0 0 0
2289 "EBK65177501" "ohm" 1 0 0 0 0 0
2290 "EAN66321201" "ohm" 1 0 0 0 0 0
2291 "EAN66333801" "ohm" 1 0 0 0 0 0
2299 "0RJ6803C678" "ohm" 1 0 0 0 0 0
2300 "EAW61645509" "ohm" 1 0 0 0 0 0
2302 "EAH64895101" "ohm" 1 0 0 0 0 0
2306 "EAN66374101" "ohm" 1 0 0 0 0 0
2307 "EAN66400101" "ohm" 1 0 0 0 0 0
2310 "EAN64429402" "ohm" 1 0 0 0 0 0
2314 "EBC62582710" "ohm" 1 0 0 0 0 0
2318 "EAP65267101" "ohm" 1 0 0 0 0 0
2333 "0RH1002C422" "ohm" 1 0 0 0 0 0
2338 "0RH2701C422" "ohm" 1 0 0 0 0 0
2339 "EAF64547503" "ohm" 1 0 0 0 0 0
2342 "EAH64895001" "ohm" 1 0 0 0 0 0
2343 "0RJ7502C477" "ohm" 1 0 0 0 0 0
2346 "EAN66401801" "ohm" 1 0 0 0 0 0
2352 "EAN66454401" "ohm" 1 0 0 0 0 0
2355 "EAF64547501" "ohm" 1 0 0 0 0 0
2356 "EAH65079001" "ohm" 1 0 0 0 0 0
2358 "EAP65276401" "ohm" 1 0 0 0 0 0
2360 "EAP65276501" "ohm" 1 0 0 0 0 0
2361 "EBK65195101" "ohm" 1 0 0 0 0 0
2362 "EAN66483001" "ohm" 1 0 0 0 0 0
2363 "EAH65079201" "ohm" 1 0 0 0 0 0
2364 "EBK65195001" "ohm" 1 0 0 0 0 0
2365 "EAH65079101" "ohm" 1 0 0 0 0 0
2367 "EAN64370302" "ohm" 1 0 0 0 0 0
2369 "EAE66302101" "ohm" 1 0 0 0 0 0
2371 "EAE66306801" "ohm" 1 0 0 0 0 0
2372 "EBK65194901" "ohm" 1 0 0 0 0 0
2373 "EAP65276502" "ohm" 1 0 0 0 0 0
2375 "EAH65079401" "ohm" 1 0 0 0 0 0
2377 "EAM61130603" "ohm" 1 0 0 0 0 0
2378 "EAM62850301" "ohm" 1 0 0 0 0 0
2379 "EBC61197701" "ohm" 1 0 0 0 0 0
2380 "EAP65276403" "ohm" 1 0 0 0 0 0
2381 "EAN66526301" "ohm" 1 0 0 0 0 0
2382 "EAN66526401" "ohm" 1 0 0 0 0 0
2472 "0RJ9100C478" "ohm" 1 0 0 0 0 0
2537 "EAE66279001" "ohm" 1 0 0 0 0 0
2539 "EAH65088801" "ohm" 1 0 0 0 0 0
2543 "EAW64262701" "ohm" 1 0 0 0 0 0
2547 "EAP65276411" "ohm" 1 0 0 0 0 0
2549 "EAP65276414" "ohm" 1 0 0 0 0 0
2550 "EAE66332901" "ohm" 1 0 0 0 0 0
2551 "EAN66538001" "ohm" 1 0 0 0 0 0
2552 "EAN66549101" "ohm" 1 0 0 0 0 0
2553 "EBK62072502" "ohm" 1 0 0 0 0 0
2554 "EAN66534401" "ohm" 1 0 0 0 0 0
2556 "EAP65276412" "ohm" 1 0 0 0 0 0
2557 "EAP65284901" "ohm" 1 0 0 0 0 0
2558 "EAE66301001" "ohm" 1 0 0 0 0 0
2560 "EAP65284701" "ohm" 1 0 0 0 0 0
2562 "0RJ2401C477" "ohm" 1 0 0 0 0 0
2563 "EAN66538201" "ohm" 1 0 0 0 0 0
2564 "0RH2402C422" "ohm" 1 0 0 0 0 0
2565 "EAN66549001" "ohm" 1 0 0 0 0 0
2568 "EAE66354401" "ohm" 1 0 0 0 0 0
2570 "EAF64547504" "ohm" 1 0 0 0 0 0
2573 "EAM65804601" "ohm" 1 0 0 0 0 0
2574 "EAM65804603" "ohm" 1 0 0 0 0 0
2576 "EAN66583501" "ohm" 1 0 0 0 0 0
2580 "EBK65212101" "ohm" 1 0 0 0 0 0
2582 "EAN66482501" "ohm" 1 0 0 0 0 0
2587 "EAE65502003" "ohm" 1 0 0 0 0 0
2588 "EAP64326714" "ohm" 1 0 0 0 0 0
2590 "EAE60659102" "ohm" 1 0 0 0 0 0
2591 "EAN66602901" "ohm" 1 0 0 0 0 0
2595 "EAE66351101" "ohm" 1 0 0 0 0 0
3506 "EAP65284501" "ohm" 1 0 0 0 0 0
3513 "EAN66521101" "ohm" 1 0 0 0 0 0
3747 "EAN66068104" "ohm" 1 0 0 0 0 0
3754 "EAP65276418" "ohm" 1 0 0 0 0 0
3765 "EAN00957201" "ohm" 1 0 0 0 0 0
3766 "EAN66317603" "ohm" 1 0 0 0 0 0
3767 "EAP65267102" "ohm" 1 0 0 0 0 0
3768 "EBC63017707" "ohm" 1 0 0 0 0 0
3772 "EAM00023901" "ohm" 1 0 0 0 0 0
3775 "EBJ30065001" "ohm" 1 0 0 0 0 0
3779 "EAN00980001" "ohm" 1 0 0 0 0 0

[FeederMaxData]
IDNUM Name Maxs
3001 "FA0010" 999
3002 "FA0020" 999
3003 "FA0030" 999
3004 "FA0040" 999
3005 "FA0050" 999
3006 "FC0030" 999
3011 "STK0XXTK8" 999
3012 "FA0360" 999
3013 "FA0370" 999
3018 "FA0005" 999
3022 "FA0480" 0
3026 "FA0204" 999
3027 "FA0002" 0
3028 "FA0001" 0
3030 "FA0501" 0
3034 "FE0020" 999
3041 "FE0060" 999
3042 "FE0070" 999
3043 "FE0072" 999
3045 "FE0100" 999
3061 "EF0010" 999
3062 "EF0020" 999
3063 "EF0030" 999
3064 "EF0040" 999
3065 "EF0014" 0
3066 "EF0024" 0
3067 "EF0034" 0
3068 "EF0044" 0
3071 "AF0010" 0
3072 "AF0020" 0
3073 "AF0030" 0
3074 "AF0040" 0
3081 "EF0016" 999
3082 "EF0026" 999
3083 "EF0036" 999
3084 "EF0046" 999
3091 "CE0020" 999
4013 "DF0020" 0
4023 "FA0007" 999
4066 "AT0010" 0
4071 "Tray Lifter Feeder" 0
4072 "Multi Column Tape Feeder" 0
4073 "Bowl Feeder 01" 0
4074 "Bowl Feeder 02" 0
4075 "SANKI-TAI Bowl 230L" 999
5001 "CF0010" 0
5002 "CF0020" 0
5003 "CF0030" 0
5004 "CF0040" 0
5005 "CF0050" 0
5006 "CF0060" 0
5007 "CF0070" 0
5008 "CF0080" 0
5009 "CF0090" 0
5010 "CF0100" 0
5011 "CF0110" 0
5012 "CF0120" 0
5021 "CF001A" 0
5022 "CF002A" 0
5023 "CF003A" 0
5024 "CF004A" 0
5025 "CF005A" 0
5026 "CF006A" 0
5027 "CF007A" 0
5028 "CF008A" 0
5029 "CF009A" 0
5030 "CF010A" 0
5031 "CF011A" 0
5032 "CF012A" 0

[FeederData]
IDNUM Ftype Pitch Feed FeedLen Quantity Xa Ya Xb Yb Xc Yc Width Kind REELTYPE ReelSize SHEIGHT ControlType Compact
302001 302001 1 1 2.000 3018 -4.000 2.500 0.000 0.000 0.000 0.000 8 1 0 1 0 1 0
302002 302002 1 1 4.000 3018 -4.000 2.500 0.000 0.000 0.000 0.000 8 1 0 1 0 1 0
302003 302003 1 1 8.000 3018 -4.000 2.500 0.000 0.000 0.000 0.000 8 1 0 1 0 1 0
302004 302004 1 1 12.000 3018 -4.000 2.500 0.000 0.000 0.000 0.000 8 1 0 1 0 1 0
302005 302005 1 1 16.000 3018 -4.000 2.500 0.000 0.000 0.000 0.000 8 1 0 1 0 1 0
302006 302006 1 1 20.000 3018 -4.000 2.500 0.000 0.000 0.000 0.000 8 1 0 1 0 1 0
302007 302007 1 1 24.000 3018 -4.000 2.500 0.000 0.000 0.000 0.000 8 1 0 1 0 1 0
302008 302008 1 1 28.000 3018 -4.000 2.500 0.000 0.000 0.000 0.000 8 1 0 1 0 1 0
302009 302009 1 1 32.000 3018 -4.000 2.500 0.000 0.000 0.000 0.000 8 1 0 1 0 1 0
302010 302010 1 1 36.000 3018 -4.000 2.500 0.000 0.000 0.000 0.000 8 1 0 1 0 1 0
302011 302011 1 1 40.000 3018 -4.000 2.500 0.000 0.000 0.000 0.000 8 1 0 1 0 1 0
302012 302012 1 1 1.000 3018 -4.000 1.500 0.000 0.000 0.000 0.000 8 1 0 1 0 1 0
302021 302021 1 1 2.000 3018 -4.000 2.500 0.000 0.000 0.000 0.000 8 1 1 1 0 1 0
302022 302022 1 1 4.000 3018 -4.000 2.500 0.000 0.000 0.000 0.000 8 1 1 1 0 1 0
302023 302023 1 2 8.000 3018 -4.000 2.500 0.000 0.000 0.000 0.000 8 1 1 1 0 1 0
302024 302024 1 1 12.000 3018 -4.000 2.500 0.000 0.000 0.000 0.000 8 1 1 1 0 1 0
302025 302025 1 1 16.000 3018 -4.000 2.500 0.000 0.000 0.000 0.000 8 1 1 1 0 1 0
302026 302026 1 1 20.000 3018 -4.000 2.500 0.000 0.000 0.000 0.000 8 1 1 1 0 1 0
302027 302027 1 1 24.000 3018 -4.000 2.500 0.000 0.000 0.000 0.000 8 1 1 1 0 1 0
302028 302028 1 1 28.000 3018 -4.000 2.500 0.000 0.000 0.000 0.000 8 1 1 1 0 1 0
302029 302029 1 1 32.000 3018 -4.000 2.500 0.000 0.000 0.000 0.000 8 1 1 1 0 1 0
302030 302030 1 1 36.000 3018 -4.000 2.500 0.000 0.000 0.000 0.000 8 1 1 1 0 1 0
302031 302031 1 1 40.000 3018 -4.000 2.500 0.000 0.000 0.000 0.000 8 1 1 1 0 1 0
302032 302032 1 1 1.000 3018 -4.000 1.500 0.000 0.000 0.000 0.000 8 1 1 1 0 1 0
302161 302161 1 1 2.000 3018 -4.000 2.500 0.000 0.000 0.000 0.000 8 1 0 2 0 1 0
302162 302162 1 1 4.000 3018 -4.000 2.500 0.000 0.000 0.000 0.000 8 1 0 2 0 1 0
302163 302163 1 2 8.000 3018 -4.000 2.500 0.000 0.000 0.000 0.000 8 1 0 2 0 1 0
302164 302164 1 1 12.000 3018 -4.000 2.500 0.000 0.000 0.000 0.000 8 1 0 2 0 1 0
302165 302165 1 1 16.000 3018 -4.000 2.500 0.000 0.000 0.000 0.000 8 1 0 2 0 1 0
302166 302166 1 1 20.000 3018 -4.000 2.500 0.000 0.000 0.000 0.000 8 1 0 2 0 1 0
302167 302167 1 1 24.000 3018 -4.000 2.500 0.000 0.000 0.000 0.000 8 1 0 2 0 1 0
302168 302168 1 1 28.000 3018 -4.000 2.500 0.000 0.000 0.000 0.000 8 1 0 2 0 1 0
302169 302169 1 1 32.000 3018 -4.000 2.500 0.000 0.000 0.000 0.000 8 1 0 2 0 1 0
302170 302170 1 1 36.000 3018 -4.000 2.500 0.000 0.000 0.000 0.000 8 1 0 2 0 1 0
302171 302171 1 1 40.000 3018 -4.000 2.500 0.000 0.000 0.000 0.000 8 1 0 2 0 1 0
302172 302172 1 1 1.000 3018 -4.000 1.500 0.000 0.000 0.000 0.000 8 1 0 2 0 1 0
302181 302181 1 1 2.000 3018 -4.000 2.500 0.000 0.000 0.000 0.000 8 1 1 2 0 1 0
302182 302182 1 1 4.000 3018 -4.000 2.500 0.000 0.000 0.000 0.000 8 1 1 2 0 1 0
302183 302183 1 2 8.000 3018 -4.000 2.500 0.000 0.000 0.000 0.000 8 1 1 2 0 1 0
302184 302184 1 1 12.000 3018 -4.000 2.500 0.000 0.000 0.000 0.000 8 1 1 2 0 1 0
302185 302185 1 1 16.000 3018 -4.000 2.500 0.000 0.000 0.000 0.000 8 1 1 2 0 1 0
302186 302186 1 1 20.000 3018 -4.000 2.500 0.000 0.000 0.000 0.000 8 1 1 2 0 1 0
302187 302187 1 1 24.000 3018 -4.000 2.500 0.000 0.000 0.000 0.000 8 1 1 2 0 1 0
302188 302188 1 1 28.000 3018 -4.000 2.500 0.000 0.000 0.000 0.000 8 1 1 2 0 1 0
302189 302189 1 1 32.000 3018 -4.000 2.500 0.000 0.000 0.000 0.000 8 1 1 2 0 1 0
302190 302190 1 1 36.000 3018 -4.000 2.500 0.000 0.000 0.000 0.000 8 1 1 2 0 1 0
302191 302191 1 1 40.000 3018 -4.000 2.500 0.000 0.000 0.000 0.000 8 1 1 2 0 1 0
302192 302192 1 1 1.000 3018 -4.000 1.500 0.000 0.000 0.000 0.000 8 1 1 2 0 1 0
302321 302321 1 1 2.000 3001 -4.000 2.500 6.500 2.500 0.000 0.000 8 2 0 1 0 1 0
302322 302322 1 1 4.000 3001 -4.000 2.500 6.500 2.500 0.000 0.000 8 2 0 1 0 1 0
302323 302323 1 1 8.000 3001 -4.000 2.500 6.500 2.500 0.000 0.000 8 2 0 1 0 1 0
302324 302324 1 1 12.000 3001 -4.000 2.500 6.500 2.500 0.000 0.000 8 2 0 1 0 1 0
302325 302325 1 1 16.000 3001 -4.000 2.500 6.500 2.500 0.000 0.000 8 2 0 1 0 1 0
302326 302326 1 1 20.000 3001 -4.000 2.500 6.500 2.500 0.000 0.000 8 2 0 1 0 1 0
302327 302327 1 1 24.000 3001 -4.000 2.500 6.500 2.500 0.000 0.000 8 2 0 1 0 1 0
302328 302328 1 1 28.000 3001 -4.000 2.500 6.500 2.500 0.000 0.000 8 2 0 1 0 1 0
302329 302329 1 1 32.000 3001 -4.000 2.500 6.500 2.500 0.000 0.000 8 2 0 1 0 1 0
302330 302330 1 1 36.000 3001 -4.000 2.500 6.500 2.500 0.000 0.000 8 2 0 1 0 1 0
302331 302331 1 1 40.000 3001 -4.000 2.500 6.500 2.500 0.000 0.000 8 2 0 1 0 1 0
302335 302335 1 1 1.000 3001 -4.000 1.500 6.500 1.500 0.000 0.000 8 2 0 1 0 1 0
302341 302341 1 1 2.000 3001 -4.000 2.500 6.500 2.500 0.000 0.000 8 2 1 1 0 1 0
302342 302342 1 1 4.000 3001 -4.000 2.500 6.500 2.500 0.000 0.000 8 2 1 1 0 1 0
302343 302343 1 1 8.000 3001 -4.000 2.500 6.500 2.500 0.000 0.000 8 2 1 1 0 1 0
302344 302344 1 1 12.000 3001 -4.000 2.500 6.500 2.500 0.000 0.000 8 2 1 1 0 1 0
302345 302345 1 1 16.000 3001 -4.000 2.500 6.500 2.500 0.000 0.000 8 2 1 1 0 1 0
302346 302346 1 1 20.000 3001 -4.000 2.500 6.500 2.500 0.000 0.000 8 2 1 1 0 1 0
302347 302347 1 1 24.000 3001 -4.000 2.500 6.500 2.500 0.000 0.000 8 2 1 1 0 1 0
302348 302348 1 1 28.000 3001 -4.000 2.500 6.500 2.500 0.000 0.000 8 2 1 1 0 1 0
302349 302349 1 1 32.000 3001 -4.000 2.500 6.500 2.500 0.000 0.000 8 2 1 1 0 1 0
302350 302350 1 1 36.000 3001 -4.000 2.500 6.500 2.500 0.000 0.000 8 2 1 1 0 1 0
302351 302351 1 1 40.000 3001 -4.000 2.500 6.500 2.500 0.000 0.000 8 2 1 1 0 1 0
302355 302355 1 1 1.000 3001 -4.000 1.500 6.500 1.500 0.000 0.000 8 2 1 1 0 1 0
302481 302481 1 1 2.000 3001 -4.000 2.500 6.500 2.500 0.000 0.000 8 2 0 2 0 1 0
302482 302482 1 1 4.000 3001 -4.000 2.500 6.500 2.500 0.000 0.000 8 2 0 2 0 1 0
302483 302483 1 1 8.000 3001 -4.000 2.500 6.500 2.500 0.000 0.000 8 2 0 2 0 1 0
302484 302484 1 1 12.000 3001 -4.000 2.500 6.500 2.500 0.000 0.000 8 2 0 2 0 1 0
302485 302485 1 1 16.000 3001 -4.000 2.500 6.500 2.500 0.000 0.000 8 2 0 2 0 1 0
302486 302486 1 1 20.000 3001 -4.000 2.500 6.500 2.500 0.000 0.000 8 2 0 2 0 1 0
302487 302487 1 1 24.000 3001 -4.000 2.500 6.500 2.500 0.000 0.000 8 2 0 2 0 1 0
302488 302488 1 1 28.000 3001 -4.000 2.500 6.500 2.500 0.000 0.000 8 2 0 2 0 1 0
302489 302489 1 1 32.000 3001 -4.000 2.500 6.500 2.500 0.000 0.000 8 2 0 2 0 1 0
302490 302490 1 1 36.000 3001 -4.000 2.500 6.500 2.500 0.000 0.000 8 2 0 2 0 1 0
302491 302491 1 1 40.000 3001 -4.000 2.500 6.500 2.500 0.000 0.000 8 2 0 2 0 1 0
302495 302495 1 1 1.000 3001 -4.000 1.500 6.500 1.500 0.000 0.000 8 2 0 2 0 1 0
302501 302501 1 1 2.000 3001 -4.000 2.500 6.500 2.500 0.000 0.000 8 2 1 2 0 1 0
302502 302502 1 1 4.000 3001 -4.000 2.500 6.500 2.500 0.000 0.000 8 2 1 2 0 1 0
302503 302503 1 1 8.000 3001 -4.000 2.500 6.500 2.500 0.000 0.000 8 2 1 2 0 1 0
302504 302504 1 1 12.000 3001 -4.000 2.500 6.500 2.500 0.000 0.000 8 2 1 2 0 1 0
302505 302505 1 1 16.000 3001 -4.000 2.500 6.500 2.500 0.000 0.000 8 2 1 2 0 1 0
302506 302506 1 1 20.000 3001 -4.000 2.500 6.500 2.500 0.000 0.000 8 2 1 2 0 1 0
302507 302507 1 1 24.000 3001 -4.000 2.500 6.500 2.500 0.000 0.000 8 2 1 2 0 1 0
302508 302508 1 1 28.000 3001 -4.000 2.500 6.500 2.500 0.000 0.000 8 2 1 2 0 1 0
302509 302509 1 1 32.000 3001 -4.000 2.500 6.500 2.500 0.000 0.000 8 2 1 2 0 1 0
302510 302510 1 1 36.000 3001 -4.000 2.500 6.500 2.500 0.000 0.000 8 2 1 2 0 1 0
302511 302511 1 1 40.000 3001 -4.000 2.500 6.500 2.500 0.000 0.000 8 2 1 2 0 1 0
302515 302515 1 1 1.000 3001 -4.000 1.500 6.500 1.500 0.000 0.000 8 2 1 2 0 1 0
302821 302821 1 1 2.000 3002 -0.750 -13.500 0.000 0.000 0.000 0.000 12 3 1 1 0 1 0
302822 302822 1 1 4.000 3002 -0.750 -13.500 0.000 0.000 0.000 0.000 12 3 1 1 0 1 0
302823 302823 1 1 8.000 3002 -0.750 -13.500 0.000 0.000 0.000 0.000 12 3 1 1 0 1 0
302824 302824 1 1 12.000 3002 -0.750 -13.500 0.000 0.000 0.000 0.000 12 3 1 1 0 1 0
302825 302825 1 2 16.000 3002 -0.750 -13.500 0.000 0.000 0.000 0.000 12 3 1 1 0 1 0
302826 302826 1 1 20.000 3002 -0.750 -13.500 0.000 0.000 0.000 0.000 12 3 1 1 0 1 0
302827 302827 1 1 24.000 3002 -0.750 -13.500 0.000 0.000 0.000 0.000 12 3 1 1 0 1 0
302828 302828 1 1 28.000 3002 -0.750 -13.500 0.000 0.000 0.000 0.000 12 3 1 1 0 1 0
302829 302829 1 1 32.000 3002 -0.750 -13.500 0.000 0.000 0.000 0.000 12 3 1 1 0 1 0
302830 302830 1 1 36.000 3002 -0.750 -13.500 0.000 0.000 0.000 0.000 12 3 1 1 0 1 0
302831 302831 1 1 40.000 3002 -0.750 -13.500 0.000 0.000 0.000 0.000 12 3 1 1 0 1 0
302845 302845 1 2 16.000 3002 -0.750 -13.500 0.000 0.000 0.000 0.000 12 3 3 1 0 1 0
302961 302961 1 1 2.000 3002 -0.750 -13.500 0.000 0.000 0.000 0.000 12 3 0 2 0 1 0
302962 302962 1 1 4.000 3002 -0.750 -13.500 0.000 0.000 0.000 0.000 12 3 0 2 0 1 0
302963 302963 1 1 8.000 3002 -0.750 -13.500 0.000 0.000 0.000 0.000 12 3 0 2 0 1 0
302964 302964 1 1 12.000 3002 -0.750 -13.500 0.000 0.000 0.000 0.000 12 3 0 2 0 1 0
302965 302965 1 1 16.000 3002 -0.750 -13.500 0.000 0.000 0.000 0.000 12 3 0 2 0 1 0
302966 302966 1 1 20.000 3002 -0.750 -13.500 0.000 0.000 0.000 0.000 12 3 0 2 0 1 0
302967 302967 1 1 24.000 3002 -0.750 -13.500 0.000 0.000 0.000 0.000 12 3 0 2 0 1 0
302968 302968 1 1 28.000 3002 -0.750 -13.500 0.000 0.000 0.000 0.000 12 3 0 2 0 1 0
302969 302969 1 1 32.000 3002 -0.750 -13.500 0.000 0.000 0.000 0.000 12 3 0 2 0 1 0
302970 302970 1 1 36.000 3002 -0.750 -13.500 0.000 0.000 0.000 0.000 12 3 0 2 0 1 0
302971 302971 1 1 40.000 3002 -0.750 -13.500 0.000 0.000 0.000 0.000 12 3 0 2 0 1 0
302981 302981 1 1 2.000 3002 -0.750 -13.500 0.000 0.000 0.000 0.000 12 3 1 2 0 1 0
302982 302982 1 1 4.000 3002 -0.750 -13.500 0.000 0.000 0.000 0.000 12 3 1 2 0 1 0
302983 302983 1 1 8.000 3002 -0.750 -13.500 0.000 0.000 0.000 0.000 12 3 1 2 0 1 0
302984 302984 1 1 12.000 3002 -0.750 -13.500 0.000 0.000 0.000 0.000 12 3 1 2 0 1 0
302985 302985 1 2 16.000 3002 -0.750 -13.500 0.000 0.000 0.000 0.000 12 3 1 2 0 1 0
302986 302986 1 1 20.000 3002 -0.750 -13.500 0.000 0.000 0.000 0.000 12 3 1 2 0 1 0
302987 302987 1 1 24.000 3002 -0.750 -13.500 0.000 0.000 0.000 0.000 12 3 1 2 0 1 0
302988 302988 1 1 28.000 3002 -0.750 -13.500 0.000 0.000 0.000 0.000 12 3 1 2 0 1 0
302989 302989 1 1 32.000 3002 -0.750 -13.500 0.000 0.000 0.000 0.000 12 3 1 2 0 1 0
302990 302990 1 1 36.000 3002 -0.750 -13.500 0.000 0.000 0.000 0.000 12 3 1 2 0 1 0
302991 302991 1 1 40.000 3002 -0.750 -13.500 0.000 0.000 0.000 0.000 12 3 1 2 0 1 0
303005 303005 1 2 16.000 3002 -0.750 -13.500 0.000 0.000 0.000 0.000 12 3 3 2 0 1 0
303621 303621 1 1 2.000 3002 1.250 -13.500 0.000 0.000 0.000 0.000 16 3 1 1 0 1 0
303622 303622 1 1 4.000 3002 1.250 -13.500 0.000 0.000 0.000 0.000 16 3 1 1 0 1 0
303623 303623 1 1 8.000 3002 1.250 -13.500 0.000 0.000 0.000 0.000 16 3 1 1 0 1 0
303624 303624 1 1 12.000 3002 1.250 -13.500 0.000 0.000 0.000 0.000 16 3 1 1 0 1 0
303625 303625 1 2 16.000 3002 1.250 -13.500 0.000 0.000 0.000 0.000 16 3 1 1 0 1 0
303626 303626 1 1 20.000 3002 1.250 -13.500 0.000 0.000 0.000 0.000 16 3 1 1 0 1 0
303627 303627 1 1 24.000 3002 1.250 -13.500 0.000 0.000 0.000 0.000 16 3 1 1 0 1 0
303628 303628 1 1 28.000 3002 1.250 -13.500 0.000 0.000 0.000 0.000 16 3 1 1 0 1 0
303629 303629 1 1 32.000 3002 1.250 -13.500 0.000 0.000 0.000 0.000 16 3 1 1 0 1 0
303630 303630 1 1 36.000 3002 1.250 -13.500 0.000 0.000 0.000 0.000 16 3 1 1 0 1 0
303631 303631 1 1 40.000 3002 1.250 -13.500 0.000 0.000 0.000 0.000 16 3 1 1 0 1 0
303641 303641 1 1 2.000 3002 1.250 -13.500 0.000 0.000 0.000 0.000 16 3 3 1 0 1 0
303642 303642 1 1 4.000 3002 1.250 -13.500 0.000 0.000 0.000 0.000 16 3 3 1 0 1 0
303643 303643 1 1 8.000 3002 1.250 -13.500 0.000 0.000 0.000 0.000 16 3 3 1 0 1 0
303644 303644 1 1 12.000 3002 1.250 -13.500 0.000 0.000 0.000 0.000 16 3 3 1 0 1 0
303645 303645 1 2 16.000 3002 1.250 -13.500 0.000 0.000 0.000 0.000 16 3 3 1 0 1 0
303646 303646 1 1 20.000 3002 1.250 -13.500 0.000 0.000 0.000 0.000 16 3 3 1 0 1 0
303647 303647 1 1 24.000 3002 1.250 -13.500 0.000 0.000 0.000 0.000 16 3 3 1 0 1 0
303648 303648 1 1 28.000 3002 1.250 -13.500 0.000 0.000 0.000 0.000 16 3 3 1 0 1 0
303649 303649 1 1 32.000 3002 1.250 -13.500 0.000 0.000 0.000 0.000 16 3 3 1 0 1 0
303650 303650 1 1 36.000 3002 1.250 -13.500 0.000 0.000 0.000 0.000 16 3 3 1 0 1 0
303651 303651 1 1 40.000 3002 1.250 -13.500 0.000 0.000 0.000 0.000 16 3 3 1 0 1 0
303781 303781 1 1 2.000 3002 1.250 -13.500 0.000 0.000 0.000 0.000 16 3 1 2 0 1 0
303782 303782 1 1 4.000 3002 1.250 -13.500 0.000 0.000 0.000 0.000 16 3 1 2 0 1 0
303783 303783 1 1 8.000 3002 1.250 -13.500 0.000 0.000 0.000 0.000 16 3 1 2 0 1 0
303784 303784 1 1 12.000 3002 1.250 -13.500 0.000 0.000 0.000 0.000 16 3 1 2 0 1 0
303785 303785 1 2 16.000 3002 1.250 -13.500 0.000 0.000 0.000 0.000 16 3 1 2 0 1 0
303786 303786 1 1 20.000 3002 1.250 -13.500 0.000 0.000 0.000 0.000 16 3 1 2 0 1 0
303787 303787 1 1 24.000 3002 1.250 -13.500 0.000 0.000 0.000 0.000 16 3 1 2 0 1 0
303788 303788 1 1 28.000 3002 1.250 -13.500 0.000 0.000 0.000 0.000 16 3 1 2 0 1 0
303789 303789 1 1 32.000 3002 1.250 -13.500 0.000 0.000 0.000 0.000 16 3 1 2 0 1 0
303790 303790 1 1 36.000 3002 1.250 -13.500 0.000 0.000 0.000 0.000 16 3 1 2 0 1 0
303791 303791 1 1 40.000 3002 1.250 -13.500 0.000 0.000 0.000 0.000 16 3 1 2 0 1 0
303801 303801 1 1 2.000 3002 1.250 -13.500 0.000 0.000 0.000 0.000 16 3 3 2 0 1 0
303802 303802 1 1 4.000 3002 1.250 -13.500 0.000 0.000 0.000 0.000 16 3 3 2 0 1 0
303803 303803 1 1 8.000 3002 1.250 -13.500 0.000 0.000 0.000 0.000 16 3 3 2 0 1 0
303804 303804 1 1 12.000 3002 1.250 -13.500 0.000 0.000 0.000 0.000 16 3 3 2 0 1 0
303805 303805 1 2 16.000 3002 1.250 -13.500 0.000 0.000 0.000 0.000 16 3 3 2 0 1 0
303806 303806 1 1 20.000 3002 1.250 -13.500 0.000 0.000 0.000 0.000 16 3 3 2 0 1 0
303807 303807 1 1 24.000 3002 1.250 -13.500 0.000 0.000 0.000 0.000 16 3 3 2 0 1 0
303808 303808 1 1 28.000 3002 1.250 -13.500 0.000 0.000 0.000 0.000 16 3 3 2 0 1 0
303809 303809 1 1 32.000 3002 1.250 -13.500 0.000 0.000 0.000 0.000 16 3 3 2 0 1 0
303810 303810 1 1 36.000 3002 1.250 -13.500 0.000 0.000 0.000 0.000 16 3 3 2 0 1 0
303811 303811 1 1 40.000 3002 1.250 -13.500 0.000 0.000 0.000 0.000 16 3 3 2 0 1 0
304421 304421 2 1 2.000 3003 6.750 -13.500 0.000 0.000 0.000 0.000 24 4 1 1 0 1 0
304422 304422 2 1 4.000 3003 6.750 -13.500 0.000 0.000 0.000 0.000 24 4 1 1 0 1 0
304423 304423 2 1 8.000 3003 6.750 -13.500 0.000 0.000 0.000 0.000 24 4 1 1 0 1 0
304424 304424 2 1 12.000 3003 6.750 -13.500 0.000 0.000 0.000 0.000 24 4 1 1 0 1 0
304425 304425 2 2 16.000 3003 6.750 -13.500 0.000 0.000 0.000 0.000 24 4 1 1 0 1 0
304426 304426 2 2 20.000 3003 6.750 -13.500 0.000 0.000 0.000 0.000 24 4 1 1 0 1 0
304427 304427 2 2 24.000 3003 6.750 -13.500 0.000 0.000 0.000 0.000 24 4 1 1 0 1 0
304428 304428 2 1 28.000 3003 6.750 -13.500 0.000 0.000 0.000 0.000 24 4 1 1 0 1 0
304429 304429 2 4 32.000 3003 6.750 -13.500 0.000 0.000 0.000 0.000 24 4 1 1 0 1 0
304430 304430 2 1 36.000 3003 6.750 -13.500 0.000 0.000 0.000 0.000 24 4 1 1 0 1 0
304431 304431 2 1 40.000 3003 6.750 -13.500 0.000 0.000 0.000 0.000 24 4 1 1 0 1 0
304432 304432 2 1 44.000 3003 6.750 -13.500 0.000 0.000 0.000 0.000 24 4 1 1 0 1 0
304433 304433 2 1 48.000 3003 6.750 -13.500 0.000 0.000 0.000 0.000 24 4 1 1 0 1 0
304441 304441 2 1 2.000 3003 6.750 -13.500 0.000 0.000 0.000 0.000 24 4 3 1 0 1 0
304442 304442 2 1 4.000 3003 6.750 -13.500 0.000 0.000 0.000 0.000 24 4 3 1 0 1 0
304443 304443 2 1 8.000 3003 6.750 -13.500 0.000 0.000 0.000 0.000 24 4 3 1 0 1 0
304444 304444 2 1 12.000 3003 6.750 -13.500 0.000 0.000 0.000 0.000 24 4 3 1 0 1 0
304445 304445 2 2 16.000 3003 6.750 -13.500 0.000 0.000 0.000 0.000 24 4 3 1 0 1 0
304446 304446 2 2 20.000 3003 6.750 -13.500 0.000 0.000 0.000 0.000 24 4 3 1 0 1 0
304447 304447 2 2 24.000 3003 6.750 -13.500 0.000 0.000 0.000 0.000 24 4 3 1 0 1 0
304448 304448 2 1 28.000 3003 6.750 -13.500 0.000 0.000 0.000 0.000 24 4 3 1 0 1 0
304449 304449 2 4 32.000 3003 6.750 -13.500 0.000 0.000 0.000 0.000 24 4 3 1 0 1 0
304450 304450 2 1 36.000 3003 6.750 -13.500 0.000 0.000 0.000 0.000 24 4 3 1 0 1 0
304451 304451 2 1 40.000 3003 6.750 -13.500 0.000 0.000 0.000 0.000 24 4 3 1 0 1 0
304461 304461 2 1 2.000 3003 6.750 -13.500 0.000 0.000 0.000 0.000 24 4 4 1 0 1 0
304462 304462 2 1 4.000 3003 6.750 -13.500 0.000 0.000 0.000 0.000 24 4 4 1 0 1 0
304463 304463 2 1 8.000 3003 6.750 -13.500 0.000 0.000 0.000 0.000 24 4 4 1 0 1 0
304464 304464 2 1 12.000 3003 6.750 -13.500 0.000 0.000 0.000 0.000 24 4 4 1 0 1 0
304465 304465 2 2 16.000 3003 6.750 -13.500 0.000 0.000 0.000 0.000 24 4 4 1 0 1 0
304466 304466 2 5 20.000 3003 6.750 -13.500 0.000 0.000 0.000 0.000 24 4 4 1 0 1 0
304467 304467 2 2 24.000 3003 6.750 -13.500 0.000 0.000 0.000 0.000 24 4 4 1 0 1 0
304468 304468 2 7 28.000 3003 6.750 -13.500 0.000 0.000 0.000 0.000 24 4 4 1 0 1 0
304469 304469 2 1 32.000 3003 6.750 -13.500 0.000 0.000 0.000 0.000 24 4 4 1 0 1 0
304470 304470 2 3 36.000 3003 6.750 -13.500 0.000 0.000 0.000 0.000 24 4 4 1 0 1 0
304471 304471 2 5 40.000 3003 6.750 -13.500 0.000 0.000 0.000 0.000 24 4 4 1 0 1 0
305221 305221 2 1 2.000 3003 9.450 -13.500 0.000 0.000 0.000 0.000 32 4 1 1 0 1 0
305222 305222 2 1 4.000 3003 9.450 -13.500 0.000 0.000 0.000 0.000 32 4 1 1 0 1 0
305223 305223 2 1 8.000 3003 9.450 -13.500 0.000 0.000 0.000 0.000 32 4 1 1 0 1 0
305224 305224 2 1 12.000 3003 9.450 -13.500 0.000 0.000 0.000 0.000 32 4 1 1 0 1 0
305225 305225 2 2 16.000 3003 9.450 -13.500 0.000 0.000 0.000 0.000 32 4 1 1 0 1 0
305226 305226 2 2 20.000 3003 9.450 -13.500 0.000 0.000 0.000 0.000 32 4 1 1 0 1 0
305227 305227 2 2 24.000 3003 9.450 -13.500 0.000 0.000 0.000 0.000 32 4 1 1 0 1 0
305228 305228 2 2 28.000 3003 9.450 -13.500 0.000 0.000 0.000 0.000 32 4 1 1 0 1 0
305229 305229 2 4 32.000 3003 9.450 -13.500 0.000 0.000 0.000 0.000 32 4 1 1 0 1 0
305230 305230 2 1 36.000 3003 9.450 -13.500 0.000 0.000 0.000 0.000 32 4 1 1 0 1 0
305231 305231 2 1 40.000 3003 9.450 -13.500 0.000 0.000 0.000 0.000 32 4 1 1 0 1 0
305232 305232 2 1 44.000 3003 9.450 -13.500 0.000 0.000 0.000 0.000 32 4 1 1 0 1 0
305233 305233 2 1 48.000 3003 9.450 -13.500 0.000 0.000 0.000 0.000 32 4 1 1 0 1 0
305241 305241 2 1 2.000 3003 9.450 -13.500 0.000 0.000 0.000 0.000 32 4 3 1 0 1 0
305242 305242 2 1 4.000 3003 9.450 -13.500 0.000 0.000 0.000 0.000 32 4 3 1 0 1 0
305243 305243 2 1 8.000 3003 9.450 -13.500 0.000 0.000 0.000 0.000 32 4 3 1 0 1 0
305244 305244 2 1 12.000 3003 9.450 -13.500 0.000 0.000 0.000 0.000 32 4 3 1 0 1 0
305245 305245 2 2 16.000 3003 9.450 -13.500 0.000 0.000 0.000 0.000 32 4 3 1 0 1 0
305246 305246 2 2 20.000 3003 9.450 -13.500 0.000 0.000 0.000 0.000 32 4 3 1 0 1 0
305247 305247 2 2 24.000 3003 9.450 -13.500 0.000 0.000 0.000 0.000 32 4 3 1 0 1 0
305248 305248 2 2 28.000 3003 9.450 -13.500 0.000 0.000 0.000 0.000 32 4 3 1 0 1 0
305249 305249 2 4 32.000 3003 9.450 -13.500 0.000 0.000 0.000 0.000 32 4 3 1 0 1 0
305250 305250 2 1 36.000 3003 9.450 -13.500 0.000 0.000 0.000 0.000 32 4 3 1 0 1 0
305251 305251 2 1 40.000 3003 9.450 -13.500 0.000 0.000 0.000 0.000 32 4 3 1 0 1 0
305261 305261 2 1 2.000 3003 9.450 -13.500 0.000 0.000 0.000 0.000 32 4 4 1 0 1 0
305262 305262 2 1 4.000 3003 9.450 -13.500 0.000 0.000 0.000 0.000 32 4 4 1 0 1 0
305263 305263 2 1 8.000 3003 9.450 -13.500 0.000 0.000 0.000 0.000 32 4 4 1 0 1 0
305264 305264 2 1 12.000 3003 9.450 -13.500 0.000 0.000 0.000 0.000 32 4 4 1 0 1 0
305265 305265 2 2 16.000 3003 9.450 -13.500 0.000 0.000 0.000 0.000 32 4 4 1 0 1 0
305266 305266 2 2 20.000 3003 9.450 -13.500 0.000 0.000 0.000 0.000 32 4 4 1 0 1 0
305267 305267 2 2 24.000 3003 9.450 -13.500 0.000 0.000 0.000 0.000 32 4 4 1 0 1 0
305268 305268 2 7 28.000 3003 9.450 -13.500 0.000 0.000 0.000 0.000 32 4 4 1 0 1 0
305269 305269 2 1 32.000 3003 9.450 -13.500 0.000 0.000 0.000 0.000 32 4 4 1 0 1 0
305270 305270 2 3 36.000 3003 9.450 -13.500 0.000 0.000 0.000 0.000 32 4 4 1 0 1 0
305271 305271 2 5 40.000 3003 9.450 -13.500 0.000 0.000 0.000 0.000 32 4 4 1 0 1 0
305284 305284 3 1 12.000 3006 16.000 -13.500 0.000 0.000 0.000 0.000 32 11 5 1 0 4 0
305287 305287 3 2 24.000 3006 16.000 -13.500 0.000 0.000 0.000 0.000 32 11 5 1 0 4 0
306021 306021 3 1 2.000 3004 15.450 -13.500 0.000 0.000 0.000 0.000 44 5 1 1 0 1 0
306022 306022 3 1 4.000 3004 15.450 -13.500 0.000 0.000 0.000 0.000 44 5 1 1 0 1 0
306023 306023 3 1 8.000 3004 15.450 -13.500 0.000 0.000 0.000 0.000 44 5 1 1 0 1 0
306024 306024 3 1 12.000 3004 15.450 -13.500 0.000 0.000 0.000 0.000 44 5 1 1 0 1 0
306025 306025 3 2 16.000 3004 15.450 -13.500 0.000 0.000 0.000 0.000 44 5 1 1 0 1 0
306026 306026 3 2 20.000 3004 15.450 -13.500 0.000 0.000 0.000 0.000 44 5 1 1 0 1 0
306027 306027 3 2 24.000 3004 15.450 -13.500 0.000 0.000 0.000 0.000 44 5 1 1 0 1 0
306028 306028 3 1 28.000 3004 15.450 -13.500 0.000 0.000 0.000 0.000 44 5 1 1 0 1 0
306029 306029 3 4 32.000 3004 15.450 -13.500 0.000 0.000 0.000 0.000 44 5 1 1 0 1 0
306030 306030 3 3 36.000 3004 15.450 -13.500 0.000 0.000 0.000 0.000 44 5 1 1 0 1 0
306031 306031 3 1 40.000 3004 15.450 -13.500 0.000 0.000 0.000 0.000 44 5 1 1 0 1 0
306032 306032 3 1 44.000 3004 15.450 -13.500 0.000 0.000 0.000 0.000 44 5 1 1 0 1 0
306033 306033 3 1 48.000 3004 15.450 -13.500 0.000 0.000 0.000 0.000 44 5 1 1 0 1 0
306034 306034 3 1 52.000 3004 15.450 -13.500 0.000 0.000 0.000 0.000 44 5 1 1 0 1 0
306035 306035 3 1 56.000 3004 15.450 -13.500 0.000 0.000 0.000 0.000 44 5 1 1 0 1 0
306041 306041 3 1 2.000 3004 15.450 -13.500 0.000 0.000 0.000 0.000 44 5 3 1 0 1 0
306042 306042 3 1 4.000 3004 15.450 -13.500 0.000 0.000 0.000 0.000 44 5 3 1 0 1 0
306043 306043 3 1 8.000 3004 15.450 -13.500 0.000 0.000 0.000 0.000 44 5 3 1 0 1 0
306044 306044 3 1 12.000 3004 15.450 -13.500 0.000 0.000 0.000 0.000 44 5 3 1 0 1 0
306045 306045 3 2 16.000 3004 15.450 -13.500 0.000 0.000 0.000 0.000 44 5 3 1 0 1 0
306046 306046 3 2 20.000 3004 15.450 -13.500 0.000 0.000 0.000 0.000 44 5 3 1 0 1 0
306047 306047 3 2 24.000 3004 15.450 -13.500 0.000 0.000 0.000 0.000 44 5 3 1 0 1 0
306048 306048 3 1 28.000 3004 15.450 -13.500 0.000 0.000 0.000 0.000 44 5 3 1 0 1 0
306049 306049 3 4 32.000 3004 15.450 -13.500 0.000 0.000 0.000 0.000 44 5 3 1 0 1 0
306050 306050 3 3 36.000 3004 15.450 -13.500 0.000 0.000 0.000 0.000 44 5 3 1 0 1 0
306051 306051 3 1 40.000 3004 15.450 -13.500 0.000 0.000 0.000 0.000 44 5 3 1 0 1 0
306052 306052 3 1 44.000 3004 15.450 -13.500 0.000 0.000 0.000 0.000 44 5 3 1 0 1 0
306053 306053 3 1 48.000 3004 15.450 -13.500 0.000 0.000 0.000 0.000 44 5 3 1 0 1 0
306054 306054 3 1 52.000 3004 15.450 -13.500 0.000 0.000 0.000 0.000 44 5 3 1 0 1 0
306055 306055 3 1 56.000 3004 15.450 -13.500 0.000 0.000 0.000 0.000 44 5 3 1 0 1 0
306061 306061 3 1 2.000 3004 15.450 -13.500 0.000 0.000 0.000 0.000 44 5 4 1 0 1 0
306062 306062 3 1 4.000 3004 15.450 -13.500 0.000 0.000 0.000 0.000 44 5 4 1 0 1 0
306063 306063 3 1 8.000 3004 15.450 -13.500 0.000 0.000 0.000 0.000 44 5 4 1 0 1 0
306064 306064 3 1 12.000 3004 15.450 -13.500 0.000 0.000 0.000 0.000 44 5 4 1 0 1 0
306065 306065 3 2 16.000 3004 15.450 -13.500 0.000 0.000 0.000 0.000 44 5 4 1 0 1 0
306066 306066 3 2 20.000 3004 15.450 -13.500 0.000 0.000 0.000 0.000 44 5 4 1 0 1 0
306067 306067 3 2 24.000 3004 15.450 -13.500 0.000 0.000 0.000 0.000 44 5 4 1 0 1 0
306068 306068 3 7 28.000 3004 15.450 -13.500 0.000 0.000 0.000 0.000 44 5 4 1 0 1 0
306069 306069 3 4 32.000 3004 15.450 -13.500 0.000 0.000 0.000 0.000 44 5 4 1 0 1 0
306070 306070 3 3 36.000 3004 15.450 -13.500 0.000 0.000 0.000 0.000 44 5 4 1 0 1 0
306071 306071 3 5 40.000 3004 15.450 -13.500 0.000 0.000 0.000 0.000 44 5 4 1 0 1 0
306072 306072 3 5 44.000 3004 15.450 -13.500 0.000 0.000 0.000 0.000 44 5 4 1 0 1 0
306073 306073 3 5 48.000 3004 15.450 -13.500 0.000 0.000 0.000 0.000 44 5 4 1 0 1 0
306074 306074 3 5 52.000 3004 15.450 -13.500 0.000 0.000 0.000 0.000 44 5 4 1 0 1 0
306075 306075 3 5 56.000 3004 15.450 -13.500 0.000 0.000 0.000 0.000 44 5 4 1 0 1 0
306821 306821 3 1 2.000 3004 21.450 -13.500 0.000 0.000 0.000 0.000 56 5 1 1 0 1 0
306822 306822 3 1 4.000 3004 21.450 -13.500 0.000 0.000 0.000 0.000 56 5 1 1 0 1 0
306823 306823 3 1 8.000 3004 21.450 -13.500 0.000 0.000 0.000 0.000 56 5 1 1 0 1 0
306824 306824 3 1 12.000 3004 21.450 -13.500 0.000 0.000 0.000 0.000 56 5 1 1 0 1 0
306825 306825 3 1 16.000 3004 21.450 -13.500 0.000 0.000 0.000 0.000 56 5 1 1 0 1 0
306826 306826 3 1 20.000 3004 21.450 -13.500 0.000 0.000 0.000 0.000 56 5 1 1 0 1 0
306827 306827 3 1 24.000 3004 21.450 -13.500 0.000 0.000 0.000 0.000 56 5 1 1 0 1 0
306828 306828 3 1 28.000 3004 21.450 -13.500 0.000 0.000 0.000 0.000 56 5 1 1 0 1 0
306829 306829 3 1 32.000 3004 21.450 -13.500 0.000 0.000 0.000 0.000 56 5 1 1 0 1 0
306830 306830 3 1 36.000 3004 21.450 -13.500 0.000 0.000 0.000 0.000 56 5 1 1 0 1 0
306831 306831 3 1 40.000 3004 21.450 -13.500 0.000 0.000 0.000 0.000 56 5 1 1 0 1 0
306832 306832 3 4 44.000 3004 21.450 -13.500 0.000 0.000 0.000 0.000 56 5 1 1 0 1 0
306833 306833 3 1 48.000 3004 21.450 -13.500 0.000 0.000 0.000 0.000 56 5 1 1 0 1 0
306834 306834 3 4 52.000 3004 21.450 -13.500 0.000 0.000 0.000 0.000 56 5 1 1 0 1 0
306835 306835 3 1 56.000 3004 21.450 -13.500 0.000 0.000 0.000 0.000 56 5 1 1 0 1 0
306841 306841 3 1 2.000 3004 21.450 -13.500 0.000 0.000 0.000 0.000 56 5 3 1 0 1 0
306842 306842 3 1 4.000 3004 21.450 -13.500 0.000 0.000 0.000 0.000 56 5 3 1 0 1 0
306843 306843 3 1 8.000 3004 21.450 -13.500 0.000 0.000 0.000 0.000 56 5 3 1 0 1 0
306844 306844 3 1 12.000 3004 21.450 -13.500 0.000 0.000 0.000 0.000 56 5 3 1 0 1 0
306845 306845 3 2 16.000 3004 21.450 -13.500 0.000 0.000 0.000 0.000 56 5 3 1 0 1 0
306846 306846 3 2 20.000 3004 21.450 -13.500 0.000 0.000 0.000 0.000 56 5 3 1 0 1 0
306847 306847 3 2 24.000 3004 21.450 -13.500 0.000 0.000 0.000 0.000 56 5 3 1 0 1 0
306848 306848 3 1 28.000 3004 21.450 -13.500 0.000 0.000 0.000 0.000 56 5 3 1 0 1 0
306849 306849 3 4 32.000 3004 21.450 -13.500 0.000 0.000 0.000 0.000 56 5 3 1 0 1 0
306850 306850 3 3 36.000 3004 21.450 -13.500 0.000 0.000 0.000 0.000 56 5 3 1 0 1 0
306851 306851 3 4 40.000 3004 21.450 -13.500 0.000 0.000 0.000 0.000 56 5 3 1 0 1 0
306852 306852 3 4 44.000 3004 21.450 -13.500 0.000 0.000 0.000 0.000 56 5 3 1 0 1 0
306853 306853 3 1 48.000 3004 21.450 -13.500 0.000 0.000 0.000 0.000 56 5 3 1 0 1 0
306854 306854 3 4 52.000 3004 21.450 -13.500 0.000 0.000 0.000 0.000 56 5 3 1 0 1 0
306855 306855 3 1 56.000 3004 21.450 -13.500 0.000 0.000 0.000 0.000 56 5 3 1 0 1 0
306861 306861 3 1 2.000 3004 21.450 -13.500 0.000 0.000 0.000 0.000 56 5 4 1 0 1 0
306862 306862 3 1 4.000 3004 21.450 -13.500 0.000 0.000 0.000 0.000 56 5 4 1 0 1 0
306863 306863 3 1 8.000 3004 21.450 -13.500 0.000 0.000 0.000 0.000 56 5 4 1 0 1 0
306864 306864 3 1 12.000 3004 21.450 -13.500 0.000 0.000 0.000 0.000 56 5 4 1 0 1 0
306865 306865 3 2 16.000 3004 21.450 -13.500 0.000 0.000 0.000 0.000 56 5 4 1 0 1 0
306866 306866 3 2 20.000 3004 21.450 -13.500 0.000 0.000 0.000 0.000 56 5 4 1 0 1 0
306867 306867 3 2 24.000 3004 21.450 -13.500 0.000 0.000 0.000 0.000 56 5 4 1 0 1 0
306868 306868 3 7 28.000 3004 21.450 -13.500 0.000 0.000 0.000 0.000 56 5 4 1 0 1 0
306869 306869 3 1 32.000 3004 21.450 -13.500 0.000 0.000 0.000 0.000 56 5 4 1 0 1 0
306870 306870 3 3 36.000 3004 21.450 -13.500 0.000 0.000 0.000 0.000 56 5 4 1 0 1 0
306871 306871 3 5 40.000 3004 21.450 -13.500 0.000 0.000 0.000 0.000 56 5 4 1 0 1 0
306872 306872 3 4 44.000 3004 21.450 -13.500 0.000 0.000 0.000 0.000 56 5 4 1 0 1 0
306873 306873 3 4 48.000 3004 21.450 -13.500 0.000 0.000 0.000 0.000 56 5 4 1 0 1 0
306874 306874 3 4 52.000 3004 21.450 -13.500 0.000 0.000 0.000 0.000 56 5 4 1 0 1 0
306875 306875 3 5 56.000 3004 21.450 -13.500 0.000 0.000 0.000 0.000 56 5 4 1 0 1 0
307621 307621 4 1 2.000 3005 30.950 -13.500 0.000 0.000 0.000 0.000 72 6 1 1 0 1 0
307622 307622 4 1 4.000 3005 30.950 -13.500 0.000 0.000 0.000 0.000 72 6 1 1 0 1 0
307623 307623 4 2 8.000 3005 30.950 -13.500 0.000 0.000 0.000 0.000 72 6 1 1 0 1 0
307624 307624 4 3 12.000 3005 30.950 -13.500 0.000 0.000 0.000 0.000 72 6 1 1 0 1 0
307625 307625 4 4 16.000 3005 30.950 -13.500 0.000 0.000 0.000 0.000 72 6 1 1 0 1 0
307626 307626 4 5 20.000 3005 30.950 -13.500 0.000 0.000 0.000 0.000 72 6 1 1 0 1 0
307627 307627 4 6 24.000 3005 30.950 -13.500 0.000 0.000 0.000 0.000 72 6 1 1 0 1 0
307628 307628 4 7 28.000 3005 30.950 -13.500 0.000 0.000 0.000 0.000 72 6 1 1 0 1 0
307629 307629 4 8 32.000 3005 30.950 -13.500 0.000 0.000 0.000 0.000 72 6 1 1 0 1 0
307630 307630 4 9 36.000 3005 30.950 -13.500 0.000 0.000 0.000 0.000 72 6 1 1 0 1 0
307631 307631 4 1 40.000 3005 30.950 -13.500 0.000 0.000 0.000 0.000 72 6 1 1 0 1 0
307632 307632 4 1 44.000 3005 30.950 -13.500 0.000 0.000 0.000 0.000 72 6 1 1 0 1 0
307633 307633 4 1 48.000 3005 30.950 -13.500 0.000 0.000 0.000 0.000 72 6 1 1 0 1 0
307634 307634 4 1 52.000 3005 30.950 -13.500 0.000 0.000 0.000 0.000 72 6 1 1 0 1 0
307635 307635 4 1 56.000 3005 30.950 -13.500 0.000 0.000 0.000 0.000 72 6 1 1 0 1 0
307636 307636 4 1 60.000 3005 30.950 -13.500 0.000 0.000 0.000 0.000 72 6 1 1 0 1 0
307637 307637 4 1 64.000 3005 30.950 -13.500 0.000 0.000 0.000 0.000 72 6 1 1 0 1 0
307638 307638 4 1 68.000 3005 30.950 -13.500 0.000 0.000 0.000 0.000 72 6 1 1 0 1 0
307639 307639 4 1 72.000 3005 30.950 -13.500 0.000 0.000 0.000 0.000 72 6 1 1 0 1 0
307640 307640 4 1 76.000 3005 30.950 -13.500 0.000 0.000 0.000 0.000 72 6 1 1 0 1 0
307641 307641 4 1 2.000 3005 30.950 -13.500 0.000 0.000 0.000 0.000 72 6 3 1 0 1 0
307642 307642 4 1 4.000 3005 30.950 -13.500 0.000 0.000 0.000 0.000 72 6 3 1 0 1 0
307643 307643 4 2 8.000 3005 30.950 -13.500 0.000 0.000 0.000 0.000 72 6 3 1 0 1 0
307644 307644 4 4 12.000 3005 30.950 -13.500 0.000 0.000 0.000 0.000 72 6 3 1 0 1 0
307645 307645 4 4 16.000 3005 30.950 -13.500 0.000 0.000 0.000 0.000 72 6 3 1 0 1 0
307646 307646 4 5 20.000 3005 30.950 -13.500 0.000 0.000 0.000 0.000 72 6 3 1 0 1 0
307647 307647 4 6 24.000 3005 30.950 -13.500 0.000 0.000 0.000 0.000 72 6 3 1 0 1 0
307648 307648 4 7 28.000 3005 30.950 -13.500 0.000 0.000 0.000 0.000 72 6 3 1 0 1 0
307649 307649 4 8 32.000 3005 30.950 -13.500 0.000 0.000 0.000 0.000 72 6 3 1 0 1 0
307650 307650 4 9 36.000 3005 30.950 -13.500 0.000 0.000 0.000 0.000 72 6 3 1 0 1 0
307651 307651 4 1 40.000 3005 30.950 -13.500 0.000 0.000 0.000 0.000 72 6 3 1 0 1 0
307652 307652 4 1 44.000 3005 30.950 -13.500 0.000 0.000 0.000 0.000 72 6 3 1 0 1 0
307653 307653 4 1 48.000 3005 30.950 -13.500 0.000 0.000 0.000 0.000 72 6 3 1 0 1 0
307654 307654 4 1 52.000 3005 30.950 -13.500 0.000 0.000 0.000 0.000 72 6 3 1 0 1 0
307655 307655 4 1 56.000 3005 30.950 -13.500 0.000 0.000 0.000 0.000 72 6 3 1 0 1 0
307656 307656 4 1 60.000 3005 30.950 -13.500 0.000 0.000 0.000 0.000 72 6 3 1 0 1 0
307657 307657 4 1 64.000 3005 30.950 -13.500 0.000 0.000 0.000 0.000 72 6 3 1 0 1 0
307658 307658 4 1 68.000 3005 30.950 -13.500 0.000 0.000 0.000 0.000 72 6 3 1 0 1 0
307659 307659 4 1 72.000 3005 30.950 -13.500 0.000 0.000 0.000 0.000 72 6 3 1 0 1 0
307660 307660 4 1 76.000 3005 30.950 -13.500 0.000 0.000 0.000 0.000 72 6 3 1 0 1 0
307661 307661 4 1 2.000 3005 30.950 -13.500 0.000 0.000 0.000 0.000 72 6 4 1 0 1 0
307662 307662 4 1 4.000 3005 30.950 -13.500 0.000 0.000 0.000 0.000 72 6 4 1 0 1 0
307663 307663 4 1 8.000 3005 30.950 -13.500 0.000 0.000 0.000 0.000 72 6 4 1 0 1 0
307664 307664 4 1 12.000 3005 30.950 -13.500 0.000 0.000 0.000 0.000 72 6 4 1 0 1 0
307665 307665 4 1 16.000 3005 30.950 -13.500 0.000 0.000 0.000 0.000 72 6 4 1 0 1 0
307666 307666 4 5 20.000 3005 30.950 -13.500 0.000 0.000 0.000 0.000 72 6 4 1 0 1 0
307667 307667 4 2 24.000 3005 30.950 -13.500 0.000 0.000 0.000 0.000 72 6 4 1 0 1 0
307668 307668 4 7 28.000 3005 30.950 -13.500 0.000 0.000 0.000 0.000 72 6 4 1 0 1 0
307669 307669 4 2 32.000 3005 30.950 -13.500 0.000 0.000 0.000 0.000 72 6 4 1 0 1 0
307670 307670 4 3 36.000 3005 30.950 -13.500 0.000 0.000 0.000 0.000 72 6 4 1 0 1 0
307671 307671 4 5 40.000 3005 30.950 -13.500 0.000 0.000 0.000 0.000 72 6 4 1 0 1 0
307672 307672 4 5 44.000 3005 30.950 -13.500 0.000 0.000 0.000 0.000 72 6 4 1 0 1 0
307673 307673 4 5 48.000 3005 30.950 -13.500 0.000 0.000 0.000 0.000 72 6 4 1 0 1 0
307674 307674 4 5 52.000 3005 30.950 -13.500 0.000 0.000 0.000 0.000 72 6 4 1 0 1 0
307675 307675 4 5 56.000 3005 30.950 -13.500 0.000 0.000 0.000 0.000 72 6 4 1 0 1 0
307676 307676 4 5 60.000 3005 30.950 -13.500 0.000 0.000 0.000 0.000 72 6 4 1 0 1 0
307677 307677 4 5 64.000 3005 30.950 -13.500 0.000 0.000 0.000 0.000 72 6 4 1 0 1 0
307678 307678 4 5 68.000 3005 30.950 -13.500 0.000 0.000 0.000 0.000 72 6 4 1 0 1 0
307679 307679 4 5 72.000 3005 30.950 -13.500 0.000 0.000 0.000 0.000 72 6 4 1 0 1 0
307680 307680 4 5 76.000 3005 30.950 -13.500 0.000 0.000 0.000 0.000 72 6 4 1 0 1 0
308461 308461 5 1 2.000 3012 37.450 -13.500 0.000 0.000 0.000 0.000 88 7 4 1 0 1 0
308462 308462 5 1 4.000 3012 37.450 -13.500 0.000 0.000 0.000 0.000 88 7 4 1 0 1 0
308463 308463 5 1 8.000 3012 37.450 -13.500 0.000 0.000 0.000 0.000 88 7 4 1 0 1 0
308464 308464 5 1 12.000 3012 37.450 -13.500 0.000 0.000 0.000 0.000 88 7 4 1 0 1 0
308465 308465 5 1 16.000 3012 37.450 -13.500 0.000 0.000 0.000 0.000 88 7 4 1 0 1 0
308466 308466 5 1 20.000 3012 37.450 -13.500 0.000 0.000 0.000 0.000 88 7 4 1 0 1 0
308467 308467 5 1 24.000 3012 37.450 -13.500 0.000 0.000 0.000 0.000 88 7 4 1 0 1 0
308468 308468 5 1 28.000 3012 37.450 -13.500 0.000 0.000 0.000 0.000 88 7 4 1 0 1 0
308469 308469 5 1 32.000 3012 37.450 -13.500 0.000 0.000 0.000 0.000 88 7 4 1 0 1 0
308470 308470 5 1 36.000 3012 37.450 -13.500 0.000 0.000 0.000 0.000 88 7 4 1 0 1 0
308471 308471 5 1 40.000 3012 37.450 -13.500 0.000 0.000 0.000 0.000 88 7 4 1 0 1 0
308472 308472 5 1 44.000 3012 37.450 -13.500 0.000 0.000 0.000 0.000 88 7 4 1 0 1 0
308473 308473 5 1 48.000 3012 37.450 -13.500 0.000 0.000 0.000 0.000 88 7 4 1 0 1 0
308474 308474 5 1 52.000 3012 37.450 -13.500 0.000 0.000 0.000 0.000 88 7 4 1 0 1 0
308475 308475 5 1 56.000 3012 37.450 -13.500 0.000 0.000 0.000 0.000 88 7 4 1 0 1 0
308476 308476 5 1 60.000 3012 37.450 -13.500 0.000 0.000 0.000 0.000 88 7 4 1 0 1 0
308477 308477 5 1 64.000 3012 37.450 -13.500 0.000 0.000 0.000 0.000 88 7 4 1 0 1 0
308478 308478 5 1 68.000 3012 37.450 -13.500 0.000 0.000 0.000 0.000 88 7 4 1 0 1 0
308479 308479 5 1 72.000 3012 37.450 -13.500 0.000 0.000 0.000 0.000 88 7 4 1 0 1 0
308480 308480 5 1 76.000 3012 37.450 -13.500 0.000 0.000 0.000 0.000 88 7 4 1 0 1 0
309261 309261 6 1 2.000 3013 45.450 -13.500 0.000 0.000 0.000 0.000 104 8 4 1 0 1 0
309262 309262 6 1 4.000 3013 45.450 -13.500 0.000 0.000 0.000 0.000 104 8 4 1 0 1 0
309263 309263 6 1 8.000 3013 45.450 -13.500 0.000 0.000 0.000 0.000 104 8 4 1 0 1 0
309264 309264 6 1 12.000 3013 45.450 -13.500 0.000 0.000 0.000 0.000 104 8 4 1 0 1 0
309265 309265 6 1 16.000 3013 45.450 -13.500 0.000 0.000 0.000 0.000 104 8 4 1 0 1 0
309266 309266 6 1 20.000 3013 45.450 -13.500 0.000 0.000 0.000 0.000 104 8 4 1 0 1 0
309267 309267 6 1 24.000 3013 45.450 -13.500 0.000 0.000 0.000 0.000 104 8 4 1 0 1 0
309268 309268 6 1 28.000 3013 45.450 -13.500 0.000 0.000 0.000 0.000 104 8 4 1 0 1 0
309269 309269 6 1 32.000 3013 45.450 -13.500 0.000 0.000 0.000 0.000 104 8 4 1 0 1 0
309270 309270 6 1 36.000 3013 45.450 -13.500 0.000 0.000 0.000 0.000 104 8 4 1 0 1 0
309271 309271 6 1 40.000 3013 45.450 -13.500 0.000 0.000 0.000 0.000 104 8 4 1 0 1 0
309272 309272 6 1 44.000 3013 45.450 -13.500 0.000 0.000 0.000 0.000 104 8 4 1 0 1 0
309273 309273 6 1 48.000 3013 45.450 -13.500 0.000 0.000 0.000 0.000 104 8 4 1 0 1 0
309274 309274 6 1 52.000 3013 45.450 -13.500 0.000 0.000 0.000 0.000 104 8 4 1 0 1 0
309275 309275 6 1 56.000 3013 45.450 -13.500 0.000 0.000 0.000 0.000 104 8 4 1 0 1 0
309276 309276 6 1 60.000 3013 45.450 -13.500 0.000 0.000 0.000 0.000 104 8 4 1 0 1 0
309277 309277 6 1 64.000 3013 45.450 -13.500 0.000 0.000 0.000 0.000 104 8 4 1 0 1 0
309278 309278 6 1 68.000 3013 45.450 -13.500 0.000 0.000 0.000 0.000 104 8 4 1 0 1 0
309279 309279 6 1 72.000 3013 45.450 -13.500 0.000 0.000 0.000 0.000 104 8 4 1 0 1 0
309280 309280 6 1 76.000 3013 45.450 -13.500 0.000 0.000 0.000 0.000 104 8 4 1 0 1 0
310021 310021 4 0 0.000 3011 10.500 -13.500 31.500 -13.500 52.500 -13.500 0 10 0 0 1 3 0
310022 310022 4 0 0.000 3011 10.500 -13.500 31.500 -13.500 52.500 -13.500 0 10 0 0 2 3 0
310023 310023 4 0 0.000 3011 10.500 -13.500 31.500 -13.500 52.500 -13.500 0 10 0 0 3 3 0
310024 310024 4 0 0.000 3011 10.500 -13.500 31.500 -13.500 52.500 -13.500 0 10 0 0 4 3 0
310025 310025 2 0 0.000 3034 10.500 -13.500 0.000 0.000 0.000 0.000 0 52 0 0 1 3 0
310026 310026 2 0 0.000 3034 10.500 -13.500 0.000 0.000 0.000 0.000 0 52 0 0 2 3 0
310027 310027 2 0 0.000 3034 10.500 -13.500 0.000 0.000 0.000 0.000 0 52 0 0 3 3 0
310028 310028 2 0 0.000 3034 10.500 -13.500 0.000 0.000 0.000 0.000 0 52 0 0 4 3 0
310041 310041 2 1 0.000 3041 10.500 -13.500 0.000 0.000 0.000 0.000 0 42 0 0 0 14 0
310042 310042 4 1 0.000 3042 31.500 -13.500 0.000 0.000 0.000 0.000 0 43 0 0 0 14 0
310043 310043 6 0 0.000 3045 52.500 -13.500 0.000 0.000 0.000 0.000 0 51 0 0 0 14 0
310044 310044 4 0 0.000 3043 31.500 -4.500 0.000 0.000 0.000 0.000 0 43 0 0 0 14 0
310061 310061 8 0 0.000 3091 15.750 -48.000 36.750 -48.000 57.750 -48.000 0 91 0 0 1 3 1
310062 310062 8 0 0.000 3091 15.750 -48.000 36.750 -48.000 57.750 -48.000 0 91 0 0 2 3 1
310063 310063 8 0 0.000 3091 15.750 -48.000 36.750 -48.000 57.750 -48.000 0 91 0 0 3 3 1
310064 310064 8 0 0.000 3091 15.750 -48.000 36.750 -48.000 57.750 -48.000 0 91 0 0 4 3 1
316001 316001 3 1 0.000 3061 29.000 -13.500 0.000 0.000 0.000 0.000 0 46 0 0 0 16 0
316002 316002 3 2 0.000 3061 29.000 -13.500 0.000 0.000 0.000 0.000 0 46 0 0 0 16 0
316003 316003 3 3 0.000 3061 29.000 -13.500 0.000 0.000 0.000 0.000 0 46 0 0 0 16 0
316004 316004 3 4 0.000 3061 29.000 -13.500 0.000 0.000 0.000 0.000 0 46 0 0 0 16 0
316011 316011 3 1 0.000 3062 29.000 -13.500 0.000 0.000 0.000 0.000 0 47 0 0 0 16 0
316012 316012 3 2 0.000 3062 29.000 -13.500 0.000 0.000 0.000 0.000 0 47 0 0 0 16 0
316013 316013 3 3 0.000 3062 29.000 -13.500 0.000 0.000 0.000 0.000 0 47 0 0 0 16 0
316014 316014 3 4 0.000 3062 29.000 -13.500 0.000 0.000 0.000 0.000 0 47 0 0 0 16 0
316021 316021 3 1 0.000 3063 29.000 -13.500 0.000 0.000 0.000 0.000 0 48 0 0 0 16 0
316022 316022 3 2 0.000 3063 29.000 -13.500 0.000 0.000 0.000 0.000 0 48 0 0 0 16 0
316023 316023 3 3 0.000 3063 29.000 -13.500 0.000 0.000 0.000 0.000 0 48 0 0 0 16 0
316024 316024 3 4 0.000 3063 29.000 -13.500 0.000 0.000 0.000 0.000 0 48 0 0 0 16 0
316031 316031 3 1 0.000 3064 29.000 -13.500 0.000 0.000 0.000 0.000 0 49 0 0 0 16 0
316032 316032 3 2 0.000 3064 29.000 -13.500 0.000 0.000 0.000 0.000 0 49 0 0 0 16 0
316033 316033 3 3 0.000 3064 29.000 -13.500 0.000 0.000 0.000 0.000 0 49 0 0 0 16 0
316034 316034 3 4 0.000 3064 29.000 -13.500 0.000 0.000 0.000 0.000 0 49 0 0 0 16 0
316041 316041 3 1 0.000 3065 29.000 -13.500 0.000 0.000 0.000 0.000 0 58 0 0 0 20 0
316042 316042 3 2 0.000 3065 29.000 -13.500 0.000 0.000 0.000 0.000 0 58 0 0 0 20 0
316043 316043 3 3 0.000 3065 29.000 -13.500 0.000 0.000 0.000 0.000 0 58 0 0 0 20 0
316044 316044 3 4 0.000 3065 29.000 -13.500 0.000 0.000 0.000 0.000 0 58 0 0 0 20 0
316051 316051 3 1 0.000 3066 29.000 -13.500 0.000 0.000 0.000 0.000 0 59 0 0 0 20 0
316052 316052 3 2 0.000 3066 29.000 -13.500 0.000 0.000 0.000 0.000 0 59 0 0 0 20 0
316053 316053 3 3 0.000 3066 29.000 -13.500 0.000 0.000 0.000 0.000 0 59 0 0 0 20 0
316054 316054 3 4 0.000 3066 29.000 -13.500 0.000 0.000 0.000 0.000 0 59 0 0 0 20 0
316061 316061 3 1 0.000 3067 29.000 -13.500 0.000 0.000 0.000 0.000 0 60 0 0 0 20 0
316062 316062 3 2 0.000 3067 29.000 -13.500 0.000 0.000 0.000 0.000 0 60 0 0 0 20 0
316063 316063 3 3 0.000 3067 29.000 -13.500 0.000 0.000 0.000 0.000 0 60 0 0 0 20 0
316064 316064 3 4 0.000 3067 29.000 -13.500 0.000 0.000 0.000 0.000 0 60 0 0 0 20 0
316071 316071 3 1 0.000 3068 29.000 -13.500 0.000 0.000 0.000 0.000 0 61 0 0 0 20 0
316072 316072 3 2 0.000 3068 29.000 -13.500 0.000 0.000 0.000 0.000 0 61 0 0 0 20 0
316073 316073 3 3 0.000 3068 29.000 -13.500 0.000 0.000 0.000 0.000 0 61 0 0 0 20 0
316074 316074 3 4 0.000 3068 29.000 -13.500 0.000 0.000 0.000 0.000 0 61 0 0 0 20 0
316081 316081 3 1 0.000 3081 29.000 -13.500 0.000 0.000 0.000 0.000 0 62 0 0 0 16 0
316082 316082 3 2 0.000 3081 29.000 -13.500 0.000 0.000 0.000 0.000 0 62 0 0 0 16 0
316083 316083 3 3 0.000 3081 29.000 -13.500 0.000 0.000 0.000 0.000 0 62 0 0 0 16 0
316084 316084 3 4 0.000 3081 29.000 -13.500 0.000 0.000 0.000 0.000 0 62 0 0 0 16 0
316091 316091 3 1 0.000 3082 29.000 -13.500 0.000 0.000 0.000 0.000 0 63 0 0 0 16 0
316092 316092 3 2 0.000 3082 29.000 -13.500 0.000 0.000 0.000 0.000 0 63 0 0 0 16 0
316093 316093 3 3 0.000 3082 29.000 -13.500 0.000 0.000 0.000 0.000 0 63 0 0 0 16 0
316094 316094 3 4 0.000 3082 29.000 -13.500 0.000 0.000 0.000 0.000 0 63 0 0 0 16 0
316101 316101 3 1 0.000 3083 29.000 -13.500 0.000 0.000 0.000 0.000 0 64 0 0 0 16 0
316102 316102 3 2 0.000 3083 29.000 -13.500 0.000 0.000 0.000 0.000 0 64 0 0 0 16 0
316103 316103 3 3 0.000 3083 29.000 -13.500 0.000 0.000 0.000 0.000 0 64 0 0 0 16 0
316104 316104 3 4 0.000 3083 29.000 -13.500 0.000 0.000 0.000 0.000 0 64 0 0 0 16 0
316111 316111 3 1 0.000 3084 29.000 -13.500 0.000 0.000 0.000 0.000 0 65 0 0 0 16 0
316112 316112 3 2 0.000 3084 29.000 -13.500 0.000 0.000 0.000 0.000 0 65 0 0 0 16 0
316113 316113 3 3 0.000 3084 29.000 -13.500 0.000 0.000 0.000 0.000 0 65 0 0 0 16 0
316114 316114 3 4 0.000 3084 29.000 -13.500 0.000 0.000 0.000 0.000 0 65 0 0 0 16 0
326001 326001 3 1 0.000 3071 21.000 -13.500 0.000 0.000 0.000 0.000 0 53 0 0 0 18 0
326002 326002 3 2 0.000 3071 21.000 -13.500 0.000 0.000 0.000 0.000 0 53 0 0 0 18 0
326011 326011 5 1 0.000 3072 42.000 -13.500 0.000 0.000 0.000 0.000 0 54 0 0 0 18 0
326012 326012 5 2 0.000 3072 42.000 -13.500 0.000 0.000 0.000 0.000 0 54 0 0 0 18 0
326021 326021 5 1 0.000 3073 39.500 -13.500 0.000 0.000 0.000 0.000 0 55 0 0 0 18 0
326022 326022 5 2 0.000 3073 39.500 -13.500 0.000 0.000 0.000 0.000 0 55 0 0 0 18 0
326031 326031 6 1 0.000 3074 45.500 -13.500 0.000 0.000 0.000 0.000 0 56 0 0 0 18 0
326032 326032 6 2 0.000 3074 45.500 -13.500 0.000 0.000 0.000 0.000 0 56 0 0 0 18 0
335061 335061 7 1 2.000 3022 53.450 -13.500 0.000 0.000 0.000 0.000 120 9 4 1 0 1 0
335062 335062 7 1 4.000 3022 53.450 -13.500 0.000 0.000 0.000 0.000 120 9 4 1 0 1 0
335063 335063 7 1 8.000 3022 53.450 -13.500 0.000 0.000 0.000 0.000 120 9 4 1 0 1 0
335064 335064 7 1 12.000 3022 53.450 -13.500 0.000 0.000 0.000 0.000 120 9 4 1 0 1 0
335065 335065 7 1 16.000 3022 53.450 -13.500 0.000 0.000 0.000 0.000 120 9 4 1 0 1 0
335066 335066 7 1 20.000 3022 53.450 -13.500 0.000 0.000 0.000 0.000 120 9 4 1 0 1 0
335067 335067 7 1 24.000 3022 53.450 -13.500 0.000 0.000 0.000 0.000 120 9 4 1 0 1 0
335068 335068 7 1 28.000 3022 53.450 -13.500 0.000 0.000 0.000 0.000 120 9 4 1 0 1 0
335069 335069 7 1 32.000 3022 53.450 -13.500 0.000 0.000 0.000 0.000 120 9 4 1 0 1 0
335070 335070 7 1 36.000 3022 53.450 -13.500 0.000 0.000 0.000 0.000 120 9 4 1 0 1 0
335071 335071 7 1 40.000 3022 53.450 -13.500 0.000 0.000 0.000 0.000 120 9 4 1 0 1 0
335072 335072 7 1 44.000 3022 53.450 -13.500 0.000 0.000 0.000 0.000 120 9 4 1 0 1 0
335073 335073 7 1 48.000 3022 53.450 -13.500 0.000 0.000 0.000 0.000 120 9 4 1 0 1 0
335074 335074 7 1 52.000 3022 53.450 -13.500 0.000 0.000 0.000 0.000 120 9 4 1 0 1 0
335075 335075 7 1 56.000 3022 53.450 -13.500 0.000 0.000 0.000 0.000 120 9 4 1 0 1 0
335076 335076 7 1 60.000 3022 53.450 -13.500 0.000 0.000 0.000 0.000 120 9 4 1 0 1 0
335077 335077 7 1 64.000 3022 53.450 -13.500 0.000 0.000 0.000 0.000 120 9 4 1 0 1 0
335078 335078 7 1 68.000 3022 53.450 -13.500 0.000 0.000 0.000 0.000 120 9 4 1 0 1 0
335079 335079 7 1 72.000 3022 53.450 -13.500 0.000 0.000 0.000 0.000 120 9 4 1 0 1 0
335080 335080 7 1 76.000 3022 53.450 -13.500 0.000 0.000 0.000 0.000 120 9 4 1 0 1 0
336632 336632 1 1 1.000 3026 -5.300 2.500 5.200 2.500 0.000 0.000 4 32 1 1 0 1 0
336792 336792 1 1 1.000 3026 -5.300 2.500 5.200 2.500 0.000 0.000 4 32 1 2 0 1 0
336952 336952 1 1 1.000 3027 -4.000 2.500 6.500 2.500 0.000 0.000 4 33 1 1 0 1 0
337112 337112 1 1 1.000 3027 -4.000 2.500 6.500 2.500 0.000 0.000 4 33 1 2 0 1 0
337401 337401 1 1 2.000 4023 -4.000 2.500 0.000 0.000 0.000 0.000 8 26 0 1 0 5 0
337402 337402 1 1 4.000 4023 -4.000 2.500 0.000 0.000 0.000 0.000 8 26 0 1 0 5 0
337421 337421 1 1 2.000 4023 -4.000 2.500 0.000 0.000 0.000 0.000 8 26 1 1 0 5 0
337422 337422 1 1 4.000 4023 -4.000 2.500 0.000 0.000 0.000 0.000 8 26 1 1 0 5 0
337561 337561 1 1 2.000 4023 -4.000 2.500 0.000 0.000 0.000 0.000 8 26 0 2 0 5 0
337562 337562 1 1 4.000 4023 -4.000 2.500 0.000 0.000 0.000 0.000 8 26 0 2 0 5 0
337581 337581 1 1 2.000 4023 -4.000 2.500 0.000 0.000 0.000 0.000 8 26 1 2 0 5 0
337582 337582 1 1 4.000 4023 -4.000 2.500 0.000 0.000 0.000 0.000 8 26 1 2 0 5 0
338201 338201 1 1 2.000 3028 -4.000 2.500 6.500 2.500 0.000 0.000 8 34 0 1 0 1 0
338202 338202 1 1 4.000 3028 -4.000 2.500 6.500 2.500 0.000 0.000 8 34 0 1 0 1 0
338203 338203 1 1 8.000 3028 -4.000 2.500 6.500 2.500 0.000 0.000 8 34 0 1 0 1 0
338212 338212 1 1 1.000 3028 -4.000 1.500 6.500 1.500 0.000 0.000 8 34 0 1 0 1 0
338221 338221 1 1 2.000 3028 -4.000 2.500 6.500 2.500 0.000 0.000 8 34 1 1 0 1 0
338222 338222 1 1 4.000 3028 -4.000 2.500 6.500 2.500 0.000 0.000 8 34 1 1 0 1 0
338223 338223 1 1 8.000 3028 -4.000 2.500 6.500 2.500 0.000 0.000 8 34 1 1 0 1 0
338232 338232 1 1 1.000 3028 -4.000 1.500 6.500 1.500 0.000 0.000 8 34 1 1 0 1 0
338361 338361 1 1 2.000 3028 -4.000 2.500 6.500 2.500 0.000 0.000 8 34 0 2 0 1 0
338362 338362 1 1 4.000 3028 -4.000 2.500 6.500 2.500 0.000 0.000 8 34 0 2 0 1 0
338363 338363 1 1 8.000 3028 -4.000 2.500 6.500 2.500 0.000 0.000 8 34 0 2 0 1 0
338372 338372 1 1 1.000 3028 -4.000 1.500 6.500 1.500 0.000 0.000 8 34 0 2 0 1 0
338381 338381 1 1 2.000 3028 -4.000 2.500 6.500 2.500 0.000 0.000 8 34 1 2 0 1 0
338382 338382 1 1 4.000 3028 -4.000 2.500 6.500 2.500 0.000 0.000 8 34 1 2 0 1 0
338383 338383 1 1 8.000 3028 -4.000 2.500 6.500 2.500 0.000 0.000 8 34 1 2 0 1 0
338392 338392 1 1 1.000 3028 -4.000 1.500 6.500 1.500 0.000 0.000 8 34 1 2 0 1 0
340103 340103 1 0 0.000 4013 10.000 -2.500 0.000 0.000 0.000 0.000 0 25 0 0 0 8 0
340502 340502 5 0 0.000 4073 52.500 -13.500 0.000 0.000 0.000 0.000 0 24 0 0 0 10 0
340503 340503 6 0 0.000 4074 63.000 -13.500 0.000 0.000 0.000 0.000 0 24 0 0 0 10 0
340608 340608 5 0 0.000 4075 63.000 -13.500 0.000 0.000 0.000 0.000 0 24 0 0 0 0 0
340640 340640 6 0 0.000 4071 63.000 -13.500 0.000 0.000 0.000 0.000 0 24 0 0 0 11 0
340701 340701 5 0 0.000 4066 0.000 0.000 0.000 0.000 0.000 0.000 0 35 0 0 0 8 0
340901 340901 4 0 0.000 4072 30.950 -13.500 0.000 0.000 0.000 0.000 0 57 0 0 0 119 0
350801 350801 1 1 2.000 3030 -4.000 2.500 6.500 2.500 0.000 0.000 8 38 0 1 0 1 0
350802 350802 1 1 4.000 3030 -4.000 2.500 6.500 2.500 0.000 0.000 8 38 0 1 0 1 0
350803 350803 1 1 8.000 3030 -4.000 2.500 6.500 2.500 0.000 0.000 8 38 0 1 0 1 0
350812 350812 1 1 1.000 3030 -4.000 1.500 6.500 1.500 0.000 0.000 8 38 0 1 0 1 0
350961 350961 1 1 2.000 3030 -4.000 2.500 6.500 2.500 0.000 0.000 8 38 0 2 0 1 0
350962 350962 1 1 4.000 3030 -4.000 2.500 6.500 2.500 0.000 0.000 8 38 0 2 0 1 0
350963 350963 1 1 8.000 3030 -4.000 2.500 6.500 2.500 0.000 0.000 8 38 0 2 0 1 0
350972 350972 1 1 1.000 3030 -4.000 1.500 6.500 1.500 0.000 0.000 8 38 0 2 0 1 0
360000 360000 1 1 1.000 5001 1.250 -31.000 11.750 -31.000 0.000 0.000 4 67 1 1 0 1 1
360030 360030 1 1 1.000 5001 1.250 -31.000 11.750 -31.000 0.000 0.000 4 67 1 2 0 1 1
360060 360060 1 1 1.000 5002 1.250 -32.000 11.750 -32.000 0.000 0.000 8 68 0 1 0 1 1
360061 360061 1 1 2.000 5002 1.250 -31.000 11.750 -31.000 0.000 0.000 8 68 0 1 0 1 1
360062 360062 1 1 4.000 5002 1.250 -31.000 11.750 -31.000 0.000 0.000 8 68 0 1 0 1 1
360090 360090 1 1 1.000 5002 1.250 -32.000 11.750 -32.000 0.000 0.000 8 68 0 2 0 1 1
360091 360091 1 1 2.000 5002 1.250 -31.000 11.750 -31.000 0.000 0.000 8 68 0 2 0 1 1
360092 360092 1 1 4.000 5002 1.250 -31.000 11.750 -31.000 0.000 0.000 8 68 0 2 0 1 1
360120 360120 1 1 1.000 5002 1.250 -32.000 11.750 -32.000 0.000 0.000 8 68 1 1 0 1 1
360121 360121 1 1 2.000 5002 1.250 -31.000 11.750 -31.000 0.000 0.000 8 68 1 1 0 1 1
360122 360122 1 1 4.000 5002 1.250 -31.000 11.750 -31.000 0.000 0.000 8 68 1 1 0 1 1
360150 360150 1 1 1.000 5002 1.250 -32.000 11.750 -32.000 0.000 0.000 8 68 1 2 0 1 1
360151 360151 1 1 2.000 5002 1.250 -31.000 11.750 -31.000 0.000 0.000 8 68 1 2 0 1 1
360152 360152 1 1 4.000 5002 1.250 -31.000 11.750 -31.000 0.000 0.000 8 68 1 2 0 1 1
360182 360182 2 1 4.000 5003 5.300 -48.000 0.000 0.000 0.000 0.000 12 69 1 1 0 1 1
360183 360183 2 1 8.000 5003 5.300 -44.000 0.000 0.000 0.000 0.000 12 69 1 1 0 1 1
360184 360184 2 1 12.000 5003 5.300 -40.000 0.000 0.000 0.000 0.000 12 69 1 1 0 1 1
360212 360212 2 1 4.000 5003 5.300 -48.000 0.000 0.000 0.000 0.000 12 69 1 2 0 1 1
360213 360213 2 1 8.000 5003 5.300 -44.000 0.000 0.000 0.000 0.000 12 69 1 2 0 1 1
360214 360214 2 1 12.000 5003 5.300 -40.000 0.000 0.000 0.000 0.000 12 69 1 2 0 1 1
360242 360242 2 1 4.000 5004 7.300 -48.000 0.000 0.000 0.000 0.000 16 70 1 1 0 1 1
360243 360243 2 1 8.000 5004 7.300 -44.000 0.000 0.000 0.000 0.000 16 70 1 1 0 1 1
360244 360244 2 1 12.000 5004 7.300 -40.000 0.000 0.000 0.000 0.000 16 70 1 1 0 1 1
360245 360245 2 1 16.000 5004 7.300 -40.000 0.000 0.000 0.000 0.000 16 70 1 1 0 1 1
360272 360272 2 1 4.000 5004 7.300 -48.000 0.000 0.000 0.000 0.000 16 70 1 2 0 1 1
360273 360273 2 1 8.000 5004 7.300 -44.000 0.000 0.000 0.000 0.000 16 70 1 2 0 1 1
360274 360274 2 1 12.000 5004 7.300 -40.000 0.000 0.000 0.000 0.000 16 70 1 2 0 1 1
360275 360275 2 1 16.000 5004 7.300 -40.000 0.000 0.000 0.000 0.000 16 70 1 2 0 1 1
360302 360302 3 1 4.000 5005 11.300 -48.000 0.000 0.000 0.000 0.000 24 71 1 1 0 1 1
360303 360303 3 1 8.000 5005 11.300 -44.000 0.000 0.000 0.000 0.000 24 71 1 1 0 1 1
360304 360304 3 1 12.000 5005 11.300 -40.000 0.000 0.000 0.000 0.000 24 71 1 1 0 1 1
360305 360305 3 1 16.000 5005 11.300 -40.000 0.000 0.000 0.000 0.000 24 71 1 1 0 1 1
360306 360306 3 1 20.000 5005 11.300 -36.000 0.000 0.000 0.000 0.000 24 71 1 1 0 1 1
360307 360307 3 1 24.000 5005 11.300 -36.000 0.000 0.000 0.000 0.000 24 71 1 1 0 1 1
360332 360332 4 1 4.000 5006 14.000 -48.000 0.000 0.000 0.000 0.000 32 72 1 1 0 1 1
360333 360333 4 1 8.000 5006 14.000 -44.000 0.000 0.000 0.000 0.000 32 72 1 1 0 1 1
360334 360334 4 1 12.000 5006 14.000 -40.000 0.000 0.000 0.000 0.000 32 72 1 1 0 1 1
360335 360335 4 1 16.000 5006 14.000 -40.000 0.000 0.000 0.000 0.000 32 72 1 1 0 1 1
360336 360336 4 1 20.000 5006 14.000 -36.000 0.000 0.000 0.000 0.000 32 72 1 1 0 1 1
360337 360337 4 1 24.000 5006 14.000 -36.000 0.000 0.000 0.000 0.000 32 72 1 1 0 1 1
360338 360338 4 1 28.000 5006 14.000 -32.000 0.000 0.000 0.000 0.000 32 72 1 1 0 1 1
360339 360339 4 1 32.000 5006 14.000 -32.000 0.000 0.000 0.000 0.000 32 72 1 1 0 1 1
360362 360362 5 1 4.000 5007 20.000 -48.000 0.000 0.000 0.000 0.000 44 73 1 1 0 1 1
360363 360363 5 1 8.000 5007 20.000 -48.000 0.000 0.000 0.000 0.000 44 73 1 1 0 1 1
360364 360364 5 1 12.000 5007 20.000 -44.000 0.000 0.000 0.000 0.000 44 73 1 1 0 1 1
360365 360365 5 1 16.000 5007 20.000 -44.000 0.000 0.000 0.000 0.000 44 73 1 1 0 1 1
360366 360366 5 1 20.000 5007 20.000 -40.000 0.000 0.000 0.000 0.000 44 73 1 1 0 1 1
360367 360367 5 1 24.000 5007 20.000 -40.000 0.000 0.000 0.000 0.000 44 73 1 1 0 1 1
360368 360368 5 1 28.000 5007 20.000 -36.000 0.000 0.000 0.000 0.000 44 73 1 1 0 1 1
360369 360369 5 1 32.000 5007 20.000 -36.000 0.000 0.000 0.000 0.000 44 73 1 1 0 1 1
360370 360370 5 1 36.000 5007 20.000 -44.000 0.000 0.000 0.000 0.000 44 73 1 1 0 1 1
360371 360371 5 1 40.000 5007 20.000 -44.000 0.000 0.000 0.000 0.000 44 73 1 1 0 1 1
360372 360372 5 1 44.000 5007 20.000 -40.000 0.000 0.000 0.000 0.000 44 73 1 1 0 1 1
360392 360392 6 1 4.000 5008 26.000 -48.000 0.000 0.000 0.000 0.000 56 74 1 1 0 1 1
360393 360393 6 1 8.000 5008 26.000 -48.000 0.000 0.000 0.000 0.000 56 74 1 1 0 1 1
360394 360394 6 1 12.000 5008 26.000 -44.000 0.000 0.000 0.000 0.000 56 74 1 1 0 1 1
360395 360395 6 1 16.000 5008 26.000 -44.000 0.000 0.000 0.000 0.000 56 74 1 1 0 1 1
360396 360396 6 1 20.000 5008 26.000 -40.000 0.000 0.000 0.000 0.000 56 74 1 1 0 1 1
360397 360397 6 1 24.000 5008 26.000 -40.000 0.000 0.000 0.000 0.000 56 74 1 1 0 1 1
360398 360398 6 1 28.000 5008 26.000 -36.000 0.000 0.000 0.000 0.000 56 74 1 1 0 1 1
360399 360399 6 1 32.000 5008 26.000 -36.000 0.000 0.000 0.000 0.000 56 74 1 1 0 1 1
360400 360400 6 1 36.000 5008 26.000 -44.000 0.000 0.000 0.000 0.000 56 74 1 1 0 1 1
360401 360401 6 1 40.000 5008 26.000 -44.000 0.000 0.000 0.000 0.000 56 74 1 1 0 1 1
360402 360402 6 1 44.000 5008 26.000 -40.000 0.000 0.000 0.000 0.000 56 74 1 1 0 1 1
360403 360403 6 1 48.000 5008 26.000 -40.000 0.000 0.000 0.000 0.000 56 74 1 1 0 1 1
360404 360404 6 1 52.000 5008 26.000 -36.000 0.000 0.000 0.000 0.000 56 74 1 1 0 1 1
360405 360405 6 1 56.000 5008 26.000 -36.000 0.000 0.000 0.000 0.000 56 74 1 1 0 1 1
360422 360422 8 1 4.000 5009 34.000 -48.000 0.000 0.000 0.000 0.000 72 75 1 1 0 1 1
360423 360423 8 1 8.000 5009 34.000 -48.000 0.000 0.000 0.000 0.000 72 75 1 1 0 1 1
360424 360424 8 1 12.000 5009 34.000 -44.000 0.000 0.000 0.000 0.000 72 75 1 1 0 1 1
360425 360425 8 1 16.000 5009 34.000 -44.000 0.000 0.000 0.000 0.000 72 75 1 1 0 1 1
360426 360426 8 1 20.000 5009 34.000 -40.000 0.000 0.000 0.000 0.000 72 75 1 1 0 1 1
360427 360427 8 1 24.000 5009 34.000 -40.000 0.000 0.000 0.000 0.000 72 75 1 1 0 1 1
360428 360428 8 1 28.000 5009 34.000 -36.000 0.000 0.000 0.000 0.000 72 75 1 1 0 1 1
360429 360429 8 1 32.000 5009 34.000 -36.000 0.000 0.000 0.000 0.000 72 75 1 1 0 1 1
360430 360430 8 1 36.000 5009 34.000 -44.000 0.000 0.000 0.000 0.000 72 75 1 1 0 1 1
360431 360431 8 1 40.000 5009 34.000 -44.000 0.000 0.000 0.000 0.000 72 75 1 1 0 1 1
360432 360432 8 1 44.000 5009 34.000 -40.000 0.000 0.000 0.000 0.000 72 75 1 1 0 1 1
360433 360433 8 1 48.000 5009 34.000 -40.000 0.000 0.000 0.000 0.000 72 75 1 1 0 1 1
360434 360434 8 1 52.000 5009 34.000 -36.000 0.000 0.000 0.000 0.000 72 75 1 1 0 1 1
360435 360435 8 1 56.000 5009 34.000 -36.000 0.000 0.000 0.000 0.000 72 75 1 1 0 1 1
360452 360452 9 1 4.000 5010 42.000 -48.000 0.000 0.000 0.000 0.000 88 76 4 1 0 1 1
360453 360453 9 1 8.000 5010 42.000 -48.000 0.000 0.000 0.000 0.000 88 76 4 1 0 1 1
360454 360454 9 1 12.000 5010 42.000 -44.000 0.000 0.000 0.000 0.000 88 76 4 1 0 1 1
360455 360455 9 1 16.000 5010 42.000 -44.000 0.000 0.000 0.000 0.000 88 76 4 1 0 1 1
360456 360456 9 1 20.000 5010 42.000 -40.000 0.000 0.000 0.000 0.000 88 76 4 1 0 1 1
360457 360457 9 1 24.000 5010 42.000 -40.000 0.000 0.000 0.000 0.000 88 76 4 1 0 1 1
360458 360458 9 1 28.000 5010 42.000 -36.000 0.000 0.000 0.000 0.000 88 76 4 1 0 1 1
360459 360459 9 1 32.000 5010 42.000 -36.000 0.000 0.000 0.000 0.000 88 76 4 1 0 1 1
360460 360460 9 1 36.000 5010 42.000 -44.000 0.000 0.000 0.000 0.000 88 76 4 1 0 1 1
360461 360461 9 1 40.000 5010 42.000 -44.000 0.000 0.000 0.000 0.000 88 76 4 1 0 1 1
360462 360462 9 1 44.000 5010 42.000 -40.000 0.000 0.000 0.000 0.000 88 76 4 1 0 1 1
360463 360463 9 1 48.000 5010 42.000 -40.000 0.000 0.000 0.000 0.000 88 76 4 1 0 1 1
360464 360464 9 1 52.000 5010 42.000 -36.000 0.000 0.000 0.000 0.000 88 76 4 1 0 1 1
360465 360465 9 1 56.000 5010 42.000 -36.000 0.000 0.000 0.000 0.000 88 76 4 1 0 1 1
360482 360482 11 1 4.000 5011 50.000 -48.000 0.000 0.000 0.000 0.000 104 77 4 1 0 1 1
360483 360483 11 1 8.000 5011 50.000 -48.000 0.000 0.000 0.000 0.000 104 77 4 1 0 1 1
360484 360484 11 1 12.000 5011 50.000 -44.000 0.000 0.000 0.000 0.000 104 77 4 1 0 1 1
360485 360485 11 1 16.000 5011 50.000 -44.000 0.000 0.000 0.000 0.000 104 77 4 1 0 1 1
360486 360486 11 1 20.000 5011 50.000 -40.000 0.000 0.000 0.000 0.000 104 77 4 1 0 1 1
360487 360487 11 1 24.000 5011 50.000 -40.000 0.000 0.000 0.000 0.000 104 77 4 1 0 1 1
360488 360488 11 1 28.000 5011 50.000 -36.000 0.000 0.000 0.000 0.000 104 77 4 1 0 1 1
360489 360489 11 1 32.000 5011 50.000 -36.000 0.000 0.000 0.000 0.000 104 77 4 1 0 1 1
360490 360490 11 1 36.000 5011 50.000 -44.000 0.000 0.000 0.000 0.000 104 77 4 1 0 1 1
360491 360491 11 1 40.000 5011 50.000 -44.000 0.000 0.000 0.000 0.000 104 77 4 1 0 1 1
360492 360492 11 1 44.000 5011 50.000 -40.000 0.000 0.000 0.000 0.000 104 77 4 1 0 1 1
360493 360493 11 1 48.000 5011 50.000 -40.000 0.000 0.000 0.000 0.000 104 77 4 1 0 1 1
360494 360494 11 1 52.000 5011 50.000 -36.000 0.000 0.000 0.000 0.000 104 77 4 1 0 1 1
360495 360495 11 1 56.000 5011 50.000 -36.000 0.000 0.000 0.000 0.000 104 77 4 1 0 1 1
360512 360512 13 1 4.000 5012 58.000 -48.000 0.000 0.000 0.000 0.000 120 78 4 1 0 1 1
360513 360513 13 1 8.000 5012 58.000 -48.000 0.000 0.000 0.000 0.000 120 78 4 1 0 1 1
360514 360514 13 1 12.000 5012 58.000 -44.000 0.000 0.000 0.000 0.000 120 78 4 1 0 1 1
360515 360515 13 1 16.000 5012 58.000 -44.000 0.000 0.000 0.000 0.000 120 78 4 1 0 1 1
360516 360516 13 1 20.000 5012 58.000 -40.000 0.000 0.000 0.000 0.000 120 78 4 1 0 1 1
360517 360517 13 1 24.000 5012 58.000 -40.000 0.000 0.000 0.000 0.000 120 78 4 1 0 1 1
360518 360518 13 1 28.000 5012 58.000 -36.000 0.000 0.000 0.000 0.000 120 78 4 1 0 1 1
360519 360519 13 1 32.000 5012 58.000 -36.000 0.000 0.000 0.000 0.000 120 78 4 1 0 1 1
360520 360520 13 1 36.000 5012 58.000 -32.000 0.000 0.000 0.000 0.000 120 78 4 1 0 1 1
360521 360521 13 1 40.000 5012 58.000 -32.000 0.000 0.000 0.000 0.000 120 78 4 1 0 1 1
360522 360522 13 1 44.000 5012 58.000 -28.000 0.000 0.000 0.000 0.000 120 78 4 1 0 1 1
360523 360523 13 1 48.000 5012 58.000 -40.000 0.000 0.000 0.000 0.000 120 78 4 1 0 1 1
360524 360524 13 1 52.000 5012 58.000 -36.000 0.000 0.000 0.000 0.000 120 78 4 1 0 1 1
360525 360525 13 1 56.000 5012 58.000 -36.000 0.000 0.000 0.000 0.000 120 78 4 1 0 1 1
361000 361000 1 1 1.000 5021 1.250 -31.000 11.750 -31.000 0.000 0.000 4 79 1 1 0 1 1
361030 361030 1 1 1.000 5021 1.250 -31.000 11.750 -31.000 0.000 0.000 4 79 1 2 0 1 1
361060 361060 1 1 1.000 5022 1.250 -32.000 11.750 -32.000 0.000 0.000 8 80 0 1 0 1 1
361061 361061 1 1 2.000 5022 1.250 -31.000 11.750 -31.000 0.000 0.000 8 80 0 1 0 1 1
361062 361062 1 1 4.000 5022 1.250 -31.000 11.750 -31.000 0.000 0.000 8 80 0 1 0 1 1
361090 361090 1 1 1.000 5022 1.250 -32.000 11.750 -32.000 0.000 0.000 8 80 0 2 0 1 1
361091 361091 1 1 2.000 5022 1.250 -31.000 11.750 -31.000 0.000 0.000 8 80 0 2 0 1 1
361092 361092 1 1 4.000 5022 1.250 -31.000 11.750 -31.000 0.000 0.000 8 80 0 2 0 1 1
361120 361120 1 1 1.000 5022 1.250 -32.000 11.750 -32.000 0.000 0.000 8 80 1 1 0 1 1
361121 361121 1 1 2.000 5022 1.250 -31.000 11.750 -31.000 0.000 0.000 8 80 1 1 0 1 1
361122 361122 1 1 4.000 5022 1.250 -31.000 11.750 -31.000 0.000 0.000 8 80 1 1 0 1 1
361150 361150 1 1 1.000 5022 1.250 -32.000 11.750 -32.000 0.000 0.000 8 80 1 2 0 1 1
361151 361151 1 1 2.000 5022 1.250 -31.000 11.750 -31.000 0.000 0.000 8 80 1 2 0 1 1
361152 361152 1 1 4.000 5022 1.250 -31.000 11.750 -31.000 0.000 0.000 8 80 1 2 0 1 1
361182 361182 2 1 4.000 5023 5.300 -48.000 0.000 0.000 0.000 0.000 12 81 1 1 0 1 1
361183 361183 2 1 8.000 5023 5.300 -44.000 0.000 0.000 0.000 0.000 12 81 1 1 0 1 1
361184 361184 2 1 12.000 5023 5.300 -40.000 0.000 0.000 0.000 0.000 12 81 1 1 0 1 1
361212 361212 2 1 4.000 5023 5.300 -48.000 0.000 0.000 0.000 0.000 12 81 1 2 0 1 1
361213 361213 2 1 8.000 5023 5.300 -44.000 0.000 0.000 0.000 0.000 12 81 1 2 0 1 1
361214 361214 2 1 12.000 5023 5.300 -40.000 0.000 0.000 0.000 0.000 12 81 1 2 0 1 1
361242 361242 2 1 4.000 5024 7.300 -48.000 0.000 0.000 0.000 0.000 16 82 1 1 0 1 1
361243 361243 2 1 8.000 5024 7.300 -44.000 0.000 0.000 0.000 0.000 16 82 1 1 0 1 1
361244 361244 2 1 12.000 5024 7.300 -40.000 0.000 0.000 0.000 0.000 16 82 1 1 0 1 1
361245 361245 2 1 16.000 5024 7.300 -40.000 0.000 0.000 0.000 0.000 16 82 1 1 0 1 1
361272 361272 2 1 4.000 5024 7.300 -48.000 0.000 0.000 0.000 0.000 16 82 1 2 0 1 1
361273 361273 2 1 8.000 5024 7.300 -44.000 0.000 0.000 0.000 0.000 16 82 1 2 0 1 1
361274 361274 2 1 12.000 5024 7.300 -40.000 0.000 0.000 0.000 0.000 16 82 1 2 0 1 1
361275 361275 2 1 16.000 5024 7.300 -40.000 0.000 0.000 0.000 0.000 16 82 1 2 0 1 1
361302 361302 3 1 4.000 5025 11.300 -48.000 0.000 0.000 0.000 0.000 24 83 1 1 0 1 1
361303 361303 3 1 8.000 5025 11.300 -44.000 0.000 0.000 0.000 0.000 24 83 1 1 0 1 1
361304 361304 3 1 12.000 5025 11.300 -40.000 0.000 0.000 0.000 0.000 24 83 1 1 0 1 1
361305 361305 3 1 16.000 5025 11.300 -40.000 0.000 0.000 0.000 0.000 24 83 1 1 0 1 1
361306 361306 3 1 20.000 5025 11.300 -36.000 0.000 0.000 0.000 0.000 24 83 1 1 0 1 1
361307 361307 3 1 24.000 5025 11.300 -36.000 0.000 0.000 0.000 0.000 24 83 1 1 0 1 1
361332 361332 4 1 4.000 5026 14.000 -48.000 0.000 0.000 0.000 0.000 32 84 1 1 0 1 1
361333 361333 4 1 8.000 5026 14.000 -44.000 0.000 0.000 0.000 0.000 32 84 1 1 0 1 1
361334 361334 4 1 12.000 5026 14.000 -40.000 0.000 0.000 0.000 0.000 32 84 1 1 0 1 1
361335 361335 4 1 16.000 5026 14.000 -40.000 0.000 0.000 0.000 0.000 32 84 1 1 0 1 1
361336 361336 4 1 20.000 5026 14.000 -36.000 0.000 0.000 0.000 0.000 32 84 1 1 0 1 1
361337 361337 4 1 24.000 5026 14.000 -36.000 0.000 0.000 0.000 0.000 32 84 1 1 0 1 1
361338 361338 4 1 28.000 5026 14.000 -32.000 0.000 0.000 0.000 0.000 32 84 1 1 0 1 1
361339 361339 4 1 32.000 5026 14.000 -32.000 0.000 0.000 0.000 0.000 32 84 1 1 0 1 1
361362 361362 5 1 4.000 5027 20.000 -48.000 0.000 0.000 0.000 0.000 44 85 1 1 0 1 1
361363 361363 5 1 8.000 5027 20.000 -48.000 0.000 0.000 0.000 0.000 44 85 1 1 0 1 1
361364 361364 5 1 12.000 5027 20.000 -44.000 0.000 0.000 0.000 0.000 44 85 1 1 0 1 1
361365 361365 5 1 16.000 5027 20.000 -44.000 0.000 0.000 0.000 0.000 44 85 1 1 0 1 1
361366 361366 5 1 20.000 5027 20.000 -40.000 0.000 0.000 0.000 0.000 44 85 1 1 0 1 1
361367 361367 5 1 24.000 5027 20.000 -40.000 0.000 0.000 0.000 0.000 44 85 1 1 0 1 1
361368 361368 5 1 28.000 5027 20.000 -36.000 0.000 0.000 0.000 0.000 44 85 1 1 0 1 1
361369 361369 5 1 32.000 5027 20.000 -36.000 0.000 0.000 0.000 0.000 44 85 1 1 0 1 1
361370 361370 5 1 36.000 5027 20.000 -44.000 0.000 0.000 0.000 0.000 44 85 1 1 0 1 1
361371 361371 5 1 40.000 5027 20.000 -44.000 0.000 0.000 0.000 0.000 44 85 1 1 0 1 1
361372 361372 5 1 44.000 5027 20.000 -40.000 0.000 0.000 0.000 0.000 44 85 1 1 0 1 1
361392 361392 6 1 4.000 5028 26.000 -48.000 0.000 0.000 0.000 0.000 56 86 1 1 0 1 1
361393 361393 6 1 8.000 5028 26.000 -48.000 0.000 0.000 0.000 0.000 56 86 1 1 0 1 1
361394 361394 6 1 12.000 5028 26.000 -44.000 0.000 0.000 0.000 0.000 56 86 1 1 0 1 1
361395 361395 6 1 16.000 5028 26.000 -44.000 0.000 0.000 0.000 0.000 56 86 1 1 0 1 1
361396 361396 6 1 20.000 5028 26.000 -40.000 0.000 0.000 0.000 0.000 56 86 1 1 0 1 1
361397 361397 6 1 24.000 5028 26.000 -40.000 0.000 0.000 0.000 0.000 56 86 1 1 0 1 1
361398 361398 6 1 28.000 5028 26.000 -36.000 0.000 0.000 0.000 0.000 56 86 1 1 0 1 1
361399 361399 6 1 32.000 5028 26.000 -36.000 0.000 0.000 0.000 0.000 56 86 1 1 0 1 1
361400 361400 6 1 36.000 5028 26.000 -44.000 0.000 0.000 0.000 0.000 56 86 1 1 0 1 1
361401 361401 6 1 40.000 5028 26.000 -44.000 0.000 0.000 0.000 0.000 56 86 1 1 0 1 1
361402 361402 6 1 44.000 5028 26.000 -40.000 0.000 0.000 0.000 0.000 56 86 1 1 0 1 1
361403 361403 6 1 48.000 5028 26.000 -40.000 0.000 0.000 0.000 0.000 56 86 1 1 0 1 1
361404 361404 6 1 52.000 5028 26.000 -36.000 0.000 0.000 0.000 0.000 56 86 1 1 0 1 1
361405 361405 6 1 56.000 5028 26.000 -36.000 0.000 0.000 0.000 0.000 56 86 1 1 0 1 1
361422 361422 8 1 4.000 5029 34.000 -48.000 0.000 0.000 0.000 0.000 72 87 1 1 0 1 1
361423 361423 8 1 8.000 5029 34.000 -48.000 0.000 0.000 0.000 0.000 72 87 1 1 0 1 1
361424 361424 8 1 12.000 5029 34.000 -44.000 0.000 0.000 0.000 0.000 72 87 1 1 0 1 1
361425 361425 8 1 16.000 5029 34.000 -44.000 0.000 0.000 0.000 0.000 72 87 1 1 0 1 1
361426 361426 8 1 20.000 5029 34.000 -40.000 0.000 0.000 0.000 0.000 72 87 1 1 0 1 1
361427 361427 8 1 24.000 5029 34.000 -40.000 0.000 0.000 0.000 0.000 72 87 1 1 0 1 1
361428 361428 8 1 28.000 5029 34.000 -36.000 0.000 0.000 0.000 0.000 72 87 1 1 0 1 1
361429 361429 8 1 32.000 5029 34.000 -36.000 0.000 0.000 0.000 0.000 72 87 1 1 0 1 1
361430 361430 8 1 36.000 5029 34.000 -44.000 0.000 0.000 0.000 0.000 72 87 1 1 0 1 1
361431 361431 8 1 40.000 5029 34.000 -44.000 0.000 0.000 0.000 0.000 72 87 1 1 0 1 1
361432 361432 8 1 44.000 5029 34.000 -40.000 0.000 0.000 0.000 0.000 72 87 1 1 0 1 1
361433 361433 8 1 48.000 5029 34.000 -40.000 0.000 0.000 0.000 0.000 72 87 1 1 0 1 1
361434 361434 8 1 52.000 5029 34.000 -36.000 0.000 0.000 0.000 0.000 72 87 1 1 0 1 1
361435 361435 8 1 56.000 5029 34.000 -36.000 0.000 0.000 0.000 0.000 72 87 1 1 0 1 1
361452 361452 9 1 4.000 5030 42.000 -48.000 0.000 0.000 0.000 0.000 88 88 4 1 0 1 1
361453 361453 9 1 8.000 5030 42.000 -48.000 0.000 0.000 0.000 0.000 88 88 4 1 0 1 1
361454 361454 9 1 12.000 5030 42.000 -44.000 0.000 0.000 0.000 0.000 88 88 4 1 0 1 1
361455 361455 9 1 16.000 5030 42.000 -44.000 0.000 0.000 0.000 0.000 88 88 4 1 0 1 1
361456 361456 9 1 20.000 5030 42.000 -40.000 0.000 0.000 0.000 0.000 88 88 4 1 0 1 1
361457 361457 9 1 24.000 5030 42.000 -40.000 0.000 0.000 0.000 0.000 88 88 4 1 0 1 1
361458 361458 9 1 28.000 5030 42.000 -36.000 0.000 0.000 0.000 0.000 88 88 4 1 0 1 1
361459 361459 9 1 32.000 5030 42.000 -36.000 0.000 0.000 0.000 0.000 88 88 4 1 0 1 1
361460 361460 9 1 36.000 5030 42.000 -44.000 0.000 0.000 0.000 0.000 88 88 4 1 0 1 1
361461 361461 9 1 40.000 5030 42.000 -44.000 0.000 0.000 0.000 0.000 88 88 4 1 0 1 1
361462 361462 9 1 44.000 5030 42.000 -40.000 0.000 0.000 0.000 0.000 88 88 4 1 0 1 1
361463 361463 9 1 48.000 5030 42.000 -40.000 0.000 0.000 0.000 0.000 88 88 4 1 0 1 1
361464 361464 9 1 52.000 5030 42.000 -36.000 0.000 0.000 0.000 0.000 88 88 4 1 0 1 1
361465 361465 9 1 56.000 5030 42.000 -36.000 0.000 0.000 0.000 0.000 88 88 4 1 0 1 1
361482 361482 11 1 4.000 5031 50.000 -48.000 0.000 0.000 0.000 0.000 104 89 4 1 0 1 1
361483 361483 11 1 8.000 5031 50.000 -48.000 0.000 0.000 0.000 0.000 104 89 4 1 0 1 1
361484 361484 11 1 12.000 5031 50.000 -44.000 0.000 0.000 0.000 0.000 104 89 4 1 0 1 1
361485 361485 11 1 16.000 5031 50.000 -44.000 0.000 0.000 0.000 0.000 104 89 4 1 0 1 1
361486 361486 11 1 20.000 5031 50.000 -40.000 0.000 0.000 0.000 0.000 104 89 4 1 0 1 1
361487 361487 11 1 24.000 5031 50.000 -40.000 0.000 0.000 0.000 0.000 104 89 4 1 0 1 1
361488 361488 11 1 28.000 5031 50.000 -36.000 0.000 0.000 0.000 0.000 104 89 4 1 0 1 1
361489 361489 11 1 32.000 5031 50.000 -36.000 0.000 0.000 0.000 0.000 104 89 4 1 0 1 1
361490 361490 11 1 36.000 5031 50.000 -44.000 0.000 0.000 0.000 0.000 104 89 4 1 0 1 1
361491 361491 11 1 40.000 5031 50.000 -44.000 0.000 0.000 0.000 0.000 104 89 4 1 0 1 1
361492 361492 11 1 44.000 5031 50.000 -40.000 0.000 0.000 0.000 0.000 104 89 4 1 0 1 1
361493 361493 11 1 48.000 5031 50.000 -40.000 0.000 0.000 0.000 0.000 104 89 4 1 0 1 1
361494 361494 11 1 52.000 5031 50.000 -36.000 0.000 0.000 0.000 0.000 104 89 4 1 0 1 1
361495 361495 11 1 56.000 5031 50.000 -36.000 0.000 0.000 0.000 0.000 104 89 4 1 0 1 1
361512 361512 13 1 4.000 5032 58.000 -48.000 0.000 0.000 0.000 0.000 120 90 4 1 0 1 1
361513 361513 13 1 8.000 5032 58.000 -48.000 0.000 0.000 0.000 0.000 120 90 4 1 0 1 1
361514 361514 13 1 12.000 5032 58.000 -44.000 0.000 0.000 0.000 0.000 120 90 4 1 0 1 1
361515 361515 13 1 16.000 5032 58.000 -44.000 0.000 0.000 0.000 0.000 120 90 4 1 0 1 1
361516 361516 13 1 20.000 5032 58.000 -40.000 0.000 0.000 0.000 0.000 120 90 4 1 0 1 1
361517 361517 13 1 24.000 5032 58.000 -40.000 0.000 0.000 0.000 0.000 120 90 4 1 0 1 1
361518 361518 13 1 28.000 5032 58.000 -36.000 0.000 0.000 0.000 0.000 120 90 4 1 0 1 1
361519 361519 13 1 32.000 5032 58.000 -36.000 0.000 0.000 0.000 0.000 120 90 4 1 0 1 1
361520 361520 13 1 36.000 5032 58.000 -32.000 0.000 0.000 0.000 0.000 120 90 4 1 0 1 1
361521 361521 13 1 40.000 5032 58.000 -32.000 0.000 0.000 0.000 0.000 120 90 4 1 0 1 1
361522 361522 13 1 44.000 5032 58.000 -28.000 0.000 0.000 0.000 0.000 120 90 4 1 0 1 1
361523 361523 13 1 48.000 5032 58.000 -40.000 0.000 0.000 0.000 0.000 120 90 4 1 0 1 1
361524 361524 13 1 52.000 5032 58.000 -36.000 0.000 0.000 0.000 0.000 120 90 4 1 0 1 1
361525 361525 13 1 56.000 5032 58.000 -36.000 0.000 0.000 0.000 0.000 120 90 4 1 0 1 1

[FixedFeeder]
IDNUM Group PU FeederA FeederB FeederC FeederD FeederE FeederF FeederG FeederH FeederI FeederJ PartsA PartsB PartsC PartsD PartsE PartsF PartsG PartsH PartsI PartsJ
1 0 10001 302481 302481 0 0 0 0 0 0 0 0 50 1295 0 0 0 0 0 0 0 0
2 0 10002 302482 302482 0 0 0 0 0 0 0 0 681 1421 0 0 0 0 0 0 0 0
3 0 10003 302481 302481 0 0 0 0 0 0 0 0 1413 1323 0 0 0 0 0 0 0 0
4 0 10004 302501 302481 0 0 0 0 0 0 0 0 2302 793 0 0 0 0 0 0 0 0
5 0 10005 302481 302481 0 0 0 0 0 0 0 0 992 45 0 0 0 0 0 0 0 0
6 0 10006 302481 302481 0 0 0 0 0 0 0 0 123 92 0 0 0 0 0 0 0 0
7 0 10007 302482 302481 0 0 0 0 0 0 0 0 14 41 0 0 0 0 0 0 0 0
8 0 10008 302481 302481 0 0 0 0 0 0 0 0 134 77 0 0 0 0 0 0 0 0
9 0 10009 302502 302481 0 0 0 0 0 0 0 0 2285 32 0 0 0 0 0 0 0 0
10 0 10010 302481 302482 0 0 0 0 0 0 0 0 98 24 0 0 0 0 0 0 0 0
11 0 10011 302482 302481 0 0 0 0 0 0 0 0 13 329 0 0 0 0 0 0 0 0
12 0 10012 302481 302481 0 0 0 0 0 0 0 0 791 30 0 0 0 0 0 0 0 0
13 0 10013 302481 302481 0 0 0 0 0 0 0 0 1718 44 0 0 0 0 0 0 0 0
14 0 10014 302502 302481 0 0 0 0 0 0 0 0 2288 39 0 0 0 0 0 0 0 0
15 0 10015 302481 302502 0 0 0 0 0 0 0 0 1537 1518 0 0 0 0 0 0 0 0
16 0 10016 302481 302482 0 0 0 0 0 0 0 0 666 16 0 0 0 0 0 0 0 0
17 0 10017 302481 302481 0 0 0 0 0 0 0 0 40 1404 0 0 0 0 0 0 0 0
18 0 20001 302481 302481 0 0 0 0 0 0 0 0 779 1464 0 0 0 0 0 0 0 0
19 0 20002 302481 302502 0 0 0 0 0 0 0 0 1695 1570 0 0 0 0 0 0 0 0
20 0 20003 302481 302481 0 0 0 0 0 0 0 0 391 60 0 0 0 0 0 0 0 0
21 0 20004 302481 302481 0 0 0 0 0 0 0 0 2472 1443 0 0 0 0 0 0 0 0
22 0 20005 302481 302481 0 0 0 0 0 0 0 0 781 86 0 0 0 0 0 0 0 0
23 0 20006 302481 302481 0 0 0 0 0 0 0 0 123 75 0 0 0 0 0 0 0 0
24 0 20007 302482 302481 0 0 0 0 0 0 0 0 15 78 0 0 0 0 0 0 0 0
25 0 20008 302482 302481 0 0 0 0 0 0 0 0 11 234 0 0 0 0 0 0 0 0
26 0 20009 302481 302481 0 0 0 0 0 0 0 0 419 62 0 0 0 0 0 0 0 0
27 0 20010 302481 302481 0 0 0 0 0 0 0 0 424 1585 0 0 0 0 0 0 0 0
28 0 20011 302481 302481 0 0 0 0 0 0 0 0 1342 103 0 0 0 0 0 0 0 0
29 0 20012 302481 302481 0 0 0 0 0 0 0 0 37 1578 0 0 0 0 0 0 0 0
30 0 20013 302481 302481 0 0 0 0 0 0 0 0 1483 1354 0 0 0 0 0 0 0 0
31 0 20014 302481 302481 0 0 0 0 0 0 0 0 367 838 0 0 0 0 0 0 0 0
32 0 20015 302481 302481 0 0 0 0 0 0 0 0 676 673 0 0 0 0 0 0 0 0
33 0 20016 302482 302481 0 0 0 0 0 0 0 0 2239 31 0 0 0 0 0 0 0 0
34 0 20017 302481 302482 0 0 0 0 0 0 0 0 96 780 0 0 0 0 0 0 0 0
35 0 30001 302481 302481 0 0 0 0 0 0 0 0 117 680 0 0 0 0 0 0 0 0
36 0 30002 302481 302481 0 0 0 0 0 0 0 0 1486 1314 0 0 0 0 0 0 0 0
37 0 30003 302482 302481 0 0 0 0 0 0 0 0 2197 110 0 0 0 0 0 0 0 0
38 0 30004 302481 302502 0 0 0 0 0 0 0 0 2339 145 0 0 0 0 0 0 0 0
39 0 30005 302482 302481 0 0 0 0 0 0 0 0 2338 113 0 0 0 0 0 0 0 0
40 0 30006 302481 302481 0 0 0 0 0 0 0 0 123 92 0 0 0 0 0 0 0 0
41 0 30007 302481 302481 0 0 0 0 0 0 0 0 79 95 0 0 0 0 0 0 0 0
42 0 30008 302481 302481 0 0 0 0 0 0 0 0 116 56 0 0 0 0 0 0 0 0
43 0 30009 302481 302481 0 0 0 0 0 0 0 0 36 136 0 0 0 0 0 0 0 0
44 0 30010 302481 302481 0 0 0 0 0 0 0 0 583 1709 0 0 0 0 0 0 0 0
45 0 30011 302481 302481 0 0 0 0 0 0 0 0 33 777 0 0 0 0 0 0 0 0
46 0 30012 302481 302481 0 0 0 0 0 0 0 0 120 778 0 0 0 0 0 0 0 0
47 0 30013 302481 302481 0 0 0 0 0 0 0 0 432 83 0 0 0 0 0 0 0 0
48 0 30014 302481 302481 0 0 0 0 0 0 0 0 487 789 0 0 0 0 0 0 0 0
49 0 30015 302481 302482 0 0 0 0 0 0 0 0 857 1334 0 0 0 0 0 0 0 0
50 0 30016 302481 302502 0 0 0 0 0 0 0 0 76 6 0 0 0 0 0 0 0 0
51 0 30017 302481 302481 0 0 0 0 0 0 0 0 1296 1450 0 0 0 0 0 0 0 0
52 0 40001 302481 302481 0 0 0 0 0 0 0 0 2355 2299 0 0 0 0 0 0 0 0
53 0 40002 302481 302481 0 0 0 0 0 0 0 0 1591 2314 0 0 0 0 0 0 0 0
54 0 40003 302481 302481 0 0 0 0 0 0 0 0 28 2570 0 0 0 0 0 0 0 0
55 0 40004 302481 302482 0 0 0 0 0 0 0 0 47 220 0 0 0 0 0 0 0 0
56 0 40005 302481 302482 0 0 0 0 0 0 0 0 1336 2562 0 0 0 0 0 0 0 0
57 0 40006 302481 302481 0 0 0 0 0 0 0 0 123 75 0 0 0 0 0 0 0 0
58 0 40007 302481 302481 0 0 0 0 0 0 0 0 651 49 0 0 0 0 0 0 0 0
59 0 40008 302481 302481 0 0 0 0 0 0 0 0 63 73 0 0 0 0 0 0 0 0
60 0 40009 302481 302481 0 0 0 0 0 0 0 0 427 138 0 0 0 0 0 0 0 0
61 0 40010 302482 302481 0 0 0 0 0 0 0 0 431 1583 0 0 0 0 0 0 0 0
62 0 40011 302481 302482 0 0 0 0 0 0 0 0 125 722 0 0 0 0 0 0 0 0
63 0 40012 302481 302481 0 0 0 0 0 0 0 0 91 42 0 0 0 0 0 0 0 0
64 0 40013 302481 302481 0 0 0 0 0 0 0 0 137 2286 0 0 0 0 0 0 0 0
65 0 40014 302481 302502 0 0 0 0 0 0 0 0 734 657 0 0 0 0 0 0 0 0
66 0 40015 302482 302481 0 0 0 0 0 0 0 0 1331 437 0 0 0 0 0 0 0 0
67 0 40016 302481 302481 0 0 0 0 0 0 0 0 27 1836 0 0 0 0 0 0 0 0
68 0 40017 302481 302481 0 0 0 0 0 0 0 0 1586 1594 0 0 0 0 0 0 0 0
69 0 50001 302502 302502 0 0 0 0 0 0 0 0 149 2537 0 0 0 0 0 0 0 0
70 0 50002 302502 302481 0 0 0 0 0 0 0 0 2563 35 0 0 0 0 0 0 0 0
71 0 50003 302502 302502 0 0 0 0 0 0 0 0 2364 2372 0 0 0 0 0 0 0 0
72 0 50004 302481 302502 0 0 0 0 0 0 0 0 1353 2369 0 0 0 0 0 0 0 0
73 0 50005 302502 302502 0 0 0 0 0 0 0 0 807 1751 0 0 0 0 0 0 0 0
74 0 50006 302482 302502 0 0 0 0 0 0 0 0 2140 1621 0 0 0 0 0 0 0 0
75 0 50007 302502 302501 0 0 0 0 0 0 0 0 2558 2283 0 0 0 0 0 0 0 0
76 0 50008 302481 302502 0 0 0 0 0 0 0 0 114 1555 0 0 0 0 0 0 0 0
77 0 50009 302482 302481 0 0 0 0 0 0 0 0 2378 787 0 0 0 0 0 0 0 0
78 0 50010 302481 302481 0 0 0 0 0 0 0 0 80 1396 0 0 0 0 0 0 0 0
79 0 50011 302481 302482 0 0 0 0 0 0 0 0 71 436 0 0 0 0 0 0 0 0
80 0 50012 302481 302502 0 0 0 0 0 0 0 0 1799 1784 0 0 0 0 0 0 0 0
81 0 50013 302502 302502 0 0 0 0 0 0 0 0 6 6 0 0 0 0 0 0 0 0
82 0 50014 302502 302502 0 0 0 0 0 0 0 0 2 2191 0 0 0 0 0 0 0 0
83 0 50015 302502 302502 0 0 0 0 0 0 0 0 8 1 0 0 0 0 0 0 0 0
84 0 50016 302502 302502 0 0 0 0 0 0 0 0 2247 1785 0 0 0 0 0 0 0 0
85 0 50017 302481 302481 0 0 0 0 0 0 0 0 101 1445 0 0 0 0 0 0 0 0
86 0 50018 302481 302481 0 0 0 0 0 0 0 0 1833 775 0 0 0 0 0 0 0 0
87 0 50019 302502 302481 0 0 0 0 0 0 0 0 248 59 0 0 0 0 0 0 0 0
88 0 50020 302481 302502 0 0 0 0 0 0 0 0 782 2576 0 0 0 0 0 0 0 0
89 0 50021 302482 302502 0 0 0 0 0 0 0 0 133 3513 0 0 0 0 0 0 0 0
90 0 50022 302502 302502 0 0 0 0 0 0 0 0 2568 3772 0 0 0 0 0 0 0 0
91 0 50023 302502 302482 0 0 0 0 0 0 0 0 1480 1312 0 0 0 0 0 0 0 0
92 0 50024 302482 302342 0 0 0 0 0 0 0 0 1925 2543 0 0 0 0 0 0 0 0
93 0 50025 302482 302502 0 0 0 0 0 0 0 0 2264 2342 0 0 0 0 0 0 0 0
94 0 50026 302502 302482 0 0 0 0 0 0 0 0 2382 1538 0 0 0 0 0 0 0 0
95 0 50027 302482 302502 0 0 0 0 0 0 0 0 2574 3779 0 0 0 0 0 0 0 0
96 0 50028 302481 302481 0 0 0 0 0 0 0 0 2379 1362 0 0 0 0 0 0 0 0
97 0 50029 302502 302482 0 0 0 0 0 0 0 0 2352 957 0 0 0 0 0 0 0 0
98 0 50030 -1 -1 -1 -1 -1 -1 -1 -1 -1 -1 0 0 0 0 0 0 0 0 0 0
99 0 60001 302482 302482 0 0 0 0 0 0 0 0 2086 2564 0 0 0 0 0 0 0 0
100 0 60002 302481 302481 0 0 0 0 0 0 0 0 1368 1840 0 0 0 0 0 0 0 0
101 0 60003 302481 302501 0 0 0 0 0 0 0 0 121 66 0 0 0 0 0 0 0 0
102 0 60004 302482 302481 0 0 0 0 0 0 0 0 1536 842 0 0 0 0 0 0 0 0
103 0 60005 302502 302481 0 0 0 0 0 0 0 0 152 2377 0 0 0 0 0 0 0 0
104 0 60006 302481 302481 0 0 0 0 0 0 0 0 90 447 0 0 0 0 0 0 0 0
105 0 60007 302481 302481 0 0 0 0 0 0 0 0 64 68 0 0 0 0 0 0 0 0
106 0 60008 302482 302481 0 0 0 0 0 0 0 0 2333 109 0 0 0 0 0 0 0 0
107 0 60009 302481 302481 0 0 0 0 0 0 0 0 108 776 0 0 0 0 0 0 0 0
108 0 60010 302481 302481 0 0 0 0 0 0 0 0 122 102 0 0 0 0 0 0 0 0
109 0 60011 302502 302482 0 0 0 0 0 0 0 0 2259 23 0 0 0 0 0 0 0 0
110 0 60012 302482 302481 0 0 0 0 0 0 0 0 20 58 0 0 0 0 0 0 0 0
111 0 60013 302481 302481 0 0 0 0 0 0 0 0 124 78 0 0 0 0 0 0 0 0
112 0 60014 302481 302481 0 0 0 0 0 0 0 0 117 139 0 0 0 0 0 0 0 0
113 0 60015 302481 302481 0 0 0 0 0 0 0 0 1298 43 0 0 0 0 0 0 0 0
114 0 60016 302481 302481 0 0 0 0 0 0 0 0 123 1430 0 0 0 0 0 0 0 0
115 0 60017 302481 302481 0 0 0 0 0 0 0 0 53 1745 0 0 0 0 0 0 0 0
116 0 60018 302481 302481 0 0 0 0 0 0 0 0 1572 641 0 0 0 0 0 0 0 0
117 0 60019 302481 302481 0 0 0 0 0 0 0 0 48 105 0 0 0 0 0 0 0 0
118 0 60020 302481 302481 0 0 0 0 0 0 0 0 642 89 0 0 0 0 0 0 0 0
119 0 60021 302482 302481 0 0 0 0 0 0 0 0 403 57 0 0 0 0 0 0 0 0
120 0 60022 302481 302481 0 0 0 0 0 0 0 0 413 1422 0 0 0 0 0 0 0 0
121 0 60023 302482 302481 0 0 0 0 0 0 0 0 1448 1657 0 0 0 0 0 0 0 0
122 0 60024 302481 302502 0 0 0 0 0 0 0 0 2573 804 0 0 0 0 0 0 0 0
123 0 60025 302481 302481 0 0 0 0 0 0 0 0 980 88 0 0 0 0 0 0 0 0
124 0 60026 302482 302481 0 0 0 0 0 0 0 0 415 1286 0 0 0 0 0 0 0 0
125 0 60027 302482 302482 0 0 0 0 0 0 0 0 2550 2343 0 0 0 0 0 0 0 0
126 0 60028 302481 302502 0 0 0 0 0 0 0 0 74 314 0 0 0 0 0 0 0 0
127 0 60029 302481 302482 0 0 0 0 0 0 0 0 70 2129 0 0 0 0 0 0 0 0
128 0 60030 302481 302482 0 0 0 0 0 0 0 0 1044 2091 0 0 0 0 0 0 0 0
129 0 70001 302823 0 0 0 0 0 0 0 0 0 1705 0 0 0 0 0 0 0 0 0
130 0 70002 302824 0 0 0 0 0 0 0 0 0 2595 0 0 0 0 0 0 0 0 0
131 0 70003 303784 0 0 0 0 0 0 0 0 0 3766 0 0 0 0 0 0 0 0 0
132 0 70004 303624 0 0 0 0 0 0 0 0 0 2244 0 0 0 0 0 0 0 0 0
133 0 70005 302823 0 0 0 0 0 0 0 0 0 2282 0 0 0 0 0 0 0 0 0
134 0 70006 302823 0 0 0 0 0 0 0 0 0 2346 0 0 0 0 0 0 0 0 0
135 0 70007 302823 0 0 0 0 0 0 0 0 0 3765 0 0 0 0 0 0 0 0 0
136 0 70008 303624 0 0 0 0 0 0 0 0 0 2380 0 0 0 0 0 0 0 0 0
137 0 70009 303623 0 0 0 0 0 0 0 0 0 3754 0 0 0 0 0 0 0 0 0
138 0 70010 303623 0 0 0 0 0 0 0 0 0 191 0 0 0 0 0 0 0 0 0
139 0 70011 302823 0 0 0 0 0 0 0 0 0 3506 0 0 0 0 0 0 0 0 0
140 0 70012 302823 0 0 0 0 0 0 0 0 0 2310 0 0 0 0 0 0 0 0 0
141 0 70013 303624 0 0 0 0 0 0 0 0 0 2291 0 0 0 0 0 0 0 0 0
142 0 70014 302823 0 0 0 0 0 0 0 0 0 2195 0 0 0 0 0 0 0 0 0
143 0 70015 302823 0 0 0 0 0 0 0 0 0 3767 0 0 0 0 0 0 0 0 0
144 0 70016 302823 0 0 0 0 0 0 0 0 0 2290 0 0 0 0 0 0 0 0 0
145 0 70017 302823 0 0 0 0 0 0 0 0 0 2281 0 0 0 0 0 0 0 0 0
146 0 70018 302824 0 0 0 0 0 0 0 0 0 2590 0 0 0 0 0 0 0 0 0
147 0 70019 303623 0 0 0 0 0 0 0 0 0 2007 0 0 0 0 0 0 0 0 0
148 0 70020 303624 0 0 0 0 0 0 0 0 0 2158 0 0 0 0 0 0 0 0 0
149 0 70021 303623 0 0 0 0 0 0 0 0 0 2365 0 0 0 0 0 0 0 0 0
150 0 70022 303624 0 0 0 0 0 0 0 0 0 2588 0 0 0 0 0 0 0 0 0
151 0 70023 302982 0 0 0 0 0 0 0 0 0 2375 0 0 0 0 0 0 0 0 0
152 0 70024 302823 0 0 0 0 0 0 0 0 0 1935 0 0 0 0 0 0 0 0 0
153 0 70025 303624 0 0 0 0 0 0 0 0 0 2556 0 0 0 0 0 0 0 0 0
154 0 70026 303623 0 0 0 0 0 0 0 0 0 3747 0 0 0 0 0 0 0 0 0
155 0 70027 302823 0 0 0 0 0 0 0 0 0 2587 0 0 0 0 0 0 0 0 0
156 0 70028 302823 0 0 0 0 0 0 0 0 0 187 0 0 0 0 0 0 0 0 0
157 0 70029 302822 0 0 0 0 0 0 0 0 0 1520 0 0 0 0 0 0 0 0 0
158 0 70030 302823 0 0 0 0 0 0 0 0 0 2560 0 0 0 0 0 0 0 0 0
159 0 80001 302502 302502 0 0 0 0 0 0 0 0 2539 148 0 0 0 0 0 0 0 0
160 0 80002 302502 302502 0 0 0 0 0 0 0 0 2362 1509 0 0 0 0 0 0 0 0
161 0 80003 302502 302502 0 0 0 0 0 0 0 0 1652 2553 0 0 0 0 0 0 0 0
162 0 80004 302502 302502 0 0 0 0 0 0 0 0 2360 2565 0 0 0 0 0 0 0 0
163 0 80005 302502 302502 0 0 0 0 0 0 0 0 2552 2551 0 0 0 0 0 0 0 0
164 0 80006 302502 302482 0 0 0 0 0 0 0 0 2381 2373 0 0 0 0 0 0 0 0
165 0 80007 302502 302502 0 0 0 0 0 0 0 0 736 2289 0 0 0 0 0 0 0 0
166 0 80008 302342 302502 0 0 0 0 0 0 0 0 2284 765 0 0 0 0 0 0 0 0
167 0 80009 302502 302502 0 0 0 0 0 0 0 0 397 2306 0 0 0 0 0 0 0 0
168 0 80010 302502 302502 0 0 0 0 0 0 0 0 2363 2356 0 0 0 0 0 0 0 0
169 0 80011 302502 302502 0 0 0 0 0 0 0 0 2199 2361 0 0 0 0 0 0 0 0
170 0 80012 302502 302502 0 0 0 0 0 0 0 0 1482 7 0 0 0 0 0 0 0 0
171 0 80013 302502 302502 0 0 0 0 0 0 0 0 6 6 0 0 0 0 0 0 0 0
172 0 80014 302502 302482 0 0 0 0 0 0 0 0 2 1997 0 0 0 0 0 0 0 0
173 0 80015 302502 302502 0 0 0 0 0 0 0 0 157 741 0 0 0 0 0 0 0 0
174 0 80016 302502 302482 0 0 0 0 0 0 0 0 2093 2192 0 0 0 0 0 0 0 0
175 0 80017 302502 302502 0 0 0 0 0 0 0 0 332 1926 0 0 0 0 0 0 0 0
176 0 80018 302502 302482 0 0 0 0 0 0 0 0 142 1170 0 0 0 0 0 0 0 0
177 0 80019 302482 302342 0 0 0 0 0 0 0 0 131 2300 0 0 0 0 0 0 0 0
178 0 80020 302502 302502 0 0 0 0 0 0 0 0 1567 1568 0 0 0 0 0 0 0 0
179 0 80021 302823 0 0 0 0 0 0 0 0 0 2554 0 0 0 0 0 0 0 0 0
180 0 80022 302823 0 0 0 0 0 0 0 0 0 2591 0 0 0 0 0 0 0 0 0
181 0 80023 302983 0 0 0 0 0 0 0 0 0 3775 0 0 0 0 0 0 0 0 0
182 0 80024 302823 0 0 0 0 0 0 0 0 0 2240 0 0 0 0 0 0 0 0 0
183 0 80025 302502 302502 0 0 0 0 0 0 0 0 2580 141 0 0 0 0 0 0 0 0
184 0 80026 302823 0 0 0 0 0 0 0 0 0 2082 0 0 0 0 0 0 0 0 0
185 0 80027 302342 302482 0 0 0 0 0 0 0 0 164 3768 0 0 0 0 0 0 0 0
186 0 80028 302502 302482 0 0 0 0 0 0 0 0 2005 2248 0 0 0 0 0 0 0 0
187 0 80029 302502 302502 0 0 0 0 0 0 0 0 748 2371 0 0 0 0 0 0 0 0
188 0 80030 302823 0 0 0 0 0 0 0 0 0 2582 0 0 0 0 0 0 0 0 0
189 0 90001 -1 -1 -1 -1 -1 -1 -1 -1 -1 -1 0 0 0 0 0 0 0 0 0 0
190 0 90002 -1 -1 -1 -1 -1 -1 -1 -1 -1 -1 0 0 0 0 0 0 0 0 0 0
191 0 90003 -1 -1 -1 -1 -1 -1 -1 -1 -1 -1 0 0 0 0 0 0 0 0 0 0
192 0 90004 -1 -1 -1 -1 -1 -1 -1 -1 -1 -1 0 0 0 0 0 0 0 0 0 0
193 0 90005 -1 -1 -1 -1 -1 -1 -1 -1 -1 -1 0 0 0 0 0 0 0 0 0 0
194 0 90006 -1 -1 -1 -1 -1 -1 -1 -1 -1 -1 0 0 0 0 0 0 0 0 0 0
195 0 90007 -1 -1 -1 -1 -1 -1 -1 -1 -1 -1 0 0 0 0 0 0 0 0 0 0
196 0 90008 -1 -1 -1 -1 -1 -1 -1 -1 -1 -1 0 0 0 0 0 0 0 0 0 0
197 0 90009 -1 -1 -1 -1 -1 -1 -1 -1 -1 -1 0 0 0 0 0 0 0 0 0 0
198 0 90010 -1 -1 -1 -1 -1 -1 -1 -1 -1 -1 0 0 0 0 0 0 0 0 0 0
199 0 90011 -1 -1 -1 -1 -1 -1 -1 -1 -1 -1 0 0 0 0 0 0 0 0 0 0
200 0 90012 -1 -1 -1 -1 -1 -1 -1 -1 -1 -1 0 0 0 0 0 0 0 0 0 0
201 0 90013 -1 -1 -1 -1 -1 -1 -1 -1 -1 -1 0 0 0 0 0 0 0 0 0 0
202 0 90014 -1 -1 -1 -1 -1 -1 -1 -1 -1 -1 0 0 0 0 0 0 0 0 0 0
203 0 90015 -1 -1 -1 -1 -1 -1 -1 -1 -1 -1 0 0 0 0 0 0 0 0 0 0
204 0 90016 -1 -1 -1 -1 -1 -1 -1 -1 -1 -1 0 0 0 0 0 0 0 0 0 0
205 0 90017 -1 -1 -1 -1 -1 -1 -1 -1 -1 -1 0 0 0 0 0 0 0 0 0 0
206 0 90018 -1 -1 -1 -1 -1 -1 -1 -1 -1 -1 0 0 0 0 0 0 0 0 0 0
207 0 90019 -1 -1 -1 -1 -1 -1 -1 -1 -1 -1 0 0 0 0 0 0 0 0 0 0
208 0 90020 -1 -1 -1 -1 -1 -1 -1 -1 -1 -1 0 0 0 0 0 0 0 0 0 0
209 0 90021 -1 -1 -1 -1 -1 -1 -1 -1 -1 -1 0 0 0 0 0 0 0 0 0 0
210 0 90022 -1 -1 -1 -1 -1 -1 -1 -1 -1 -1 0 0 0 0 0 0 0 0 0 0
211 0 90023 -1 -1 -1 -1 -1 -1 -1 -1 -1 -1 0 0 0 0 0 0 0 0 0 0
212 0 90024 -1 -1 -1 -1 -1 -1 -1 -1 -1 -1 0 0 0 0 0 0 0 0 0 0
213 0 90025 -1 -1 -1 -1 -1 -1 -1 -1 -1 -1 0 0 0 0 0 0 0 0 0 0
214 0 90026 -1 -1 -1 -1 -1 -1 -1 -1 -1 -1 0 0 0 0 0 0 0 0 0 0
215 0 90027 -1 -1 -1 -1 -1 -1 -1 -1 -1 -1 0 0 0 0 0 0 0 0 0 0
216 0 90028 -1 -1 -1 -1 -1 -1 -1 -1 -1 -1 0 0 0 0 0 0 0 0 0 0
217 0 90029 -1 -1 -1 -1 -1 -1 -1 -1 -1 -1 0 0 0 0 0 0 0 0 0 0
218 0 90030 -1 -1 -1 -1 -1 -1 -1 -1 -1 -1 0 0 0 0 0 0 0 0 0 0
219 0 101001 -1 -1 -1 -1 -1 -1 -1 -1 -1 -1 0 0 0 0 0 0 0 0 0 0
220 0 101002 -1 -1 -1 -1 -1 -1 -1 -1 -1 -1 0 0 0 0 0 0 0 0 0 0
221 0 101003 -1 -1 -1 -1 -1 -1 -1 -1 -1 -1 0 0 0 0 0 0 0 0 0 0
222 0 101004 -1 -1 -1 -1 -1 -1 -1 -1 -1 -1 0 0 0 0 0 0 0 0 0 0
223 0 101005 -1 -1 -1 -1 -1 -1 -1 -1 -1 -1 0 0 0 0 0 0 0 0 0 0
224 0 101006 -1 -1 -1 -1 -1 -1 -1 -1 -1 -1 0 0 0 0 0 0 0 0 0 0
225 0 101007 -1 -1 -1 -1 -1 -1 -1 -1 -1 -1 0 0 0 0 0 0 0 0 0 0
226 0 101008 -1 -1 -1 -1 -1 -1 -1 -1 -1 -1 0 0 0 0 0 0 0 0 0 0
227 0 101009 -1 -1 -1 -1 -1 -1 -1 -1 -1 -1 0 0 0 0 0 0 0 0 0 0
228 0 101010 -1 -1 -1 -1 -1 -1 -1 -1 -1 -1 0 0 0 0 0 0 0 0 0 0
229 0 101011 -1 -1 -1 -1 -1 -1 -1 -1 -1 -1 0 0 0 0 0 0 0 0 0 0
230 0 101012 -1 -1 -1 -1 -1 -1 -1 -1 -1 -1 0 0 0 0 0 0 0 0 0 0
231 0 101013 -1 -1 -1 -1 -1 -1 -1 -1 -1 -1 0 0 0 0 0 0 0 0 0 0
232 0 101014 -1 -1 -1 -1 -1 -1 -1 -1 -1 -1 0 0 0 0 0 0 0 0 0 0
233 0 101015 -1 -1 -1 -1 -1 -1 -1 -1 -1 -1 0 0 0 0 0 0 0 0 0 0
234 0 101016 -1 -1 -1 -1 -1 -1 -1 -1 -1 -1 0 0 0 0 0 0 0 0 0 0
235 0 101017 -1 -1 -1 -1 -1 -1 -1 -1 -1 -1 0 0 0 0 0 0 0 0 0 0
236 0 101018 -1 -1 -1 -1 -1 -1 -1 -1 -1 -1 0 0 0 0 0 0 0 0 0 0
237 0 101019 -1 -1 -1 -1 -1 -1 -1 -1 -1 -1 0 0 0 0 0 0 0 0 0 0
238 0 101020 -1 -1 -1 -1 -1 -1 -1 -1 -1 -1 0 0 0 0 0 0 0 0 0 0
239 0 102001 -1 -1 -1 -1 -1 -1 -1 -1 -1 -1 0 0 0 0 0 0 0 0 0 0
240 0 102002 -1 -1 -1 -1 -1 -1 -1 -1 -1 -1 0 0 0 0 0 0 0 0 0 0
241 0 102003 -1 -1 -1 -1 -1 -1 -1 -1 -1 -1 0 0 0 0 0 0 0 0 0 0
242 0 102004 -1 -1 -1 -1 -1 -1 -1 -1 -1 -1 0 0 0 0 0 0 0 0 0 0
243 0 102005 -1 -1 -1 -1 -1 -1 -1 -1 -1 -1 0 0 0 0 0 0 0 0 0 0
244 0 102006 -1 -1 -1 -1 -1 -1 -1 -1 -1 -1 0 0 0 0 0 0 0 0 0 0
245 0 102007 -1 -1 -1 -1 -1 -1 -1 -1 -1 -1 0 0 0 0 0 0 0 0 0 0
246 0 102008 -1 -1 -1 -1 -1 -1 -1 -1 -1 -1 0 0 0 0 0 0 0 0 0 0
247 0 102009 -1 -1 -1 -1 -1 -1 -1 -1 -1 -1 0 0 0 0 0 0 0 0 0 0
248 0 102010 -1 -1 -1 -1 -1 -1 -1 -1 -1 -1 0 0 0 0 0 0 0 0 0 0
249 0 102011 -1 -1 -1 -1 -1 -1 -1 -1 -1 -1 0 0 0 0 0 0 0 0 0 0
250 0 102012 -1 -1 -1 -1 -1 -1 -1 -1 -1 -1 0 0 0 0 0 0 0 0 0 0
251 0 102013 -1 -1 -1 -1 -1 -1 -1 -1 -1 -1 0 0 0 0 0 0 0 0 0 0
252 0 102014 -1 -1 -1 -1 -1 -1 -1 -1 -1 -1 0 0 0 0 0 0 0 0 0 0
253 0 102015 -1 -1 -1 -1 -1 -1 -1 -1 -1 -1 0 0 0 0 0 0 0 0 0 0
254 0 102016 -1 -1 -1 -1 -1 -1 -1 -1 -1 -1 0 0 0 0 0 0 0 0 0 0
255 0 102017 -1 -1 -1 -1 -1 -1 -1 -1 -1 -1 0 0 0 0 0 0 0 0 0 0
256 0 102018 -1 -1 -1 -1 -1 -1 -1 -1 -1 -1 0 0 0 0 0 0 0 0 0 0
257 0 102019 -1 -1 -1 -1 -1 -1 -1 -1 -1 -1 0 0 0 0 0 0 0 0 0 0
258 0 102020 -1 -1 -1 -1 -1 -1 -1 -1 -1 -1 0 0 0 0 0 0 0 0 0 0

[StockData]
IDNUM N PA PB PC PD PE PF PG PH PI PJ TA TB TC TD TE TF TG TH TI TJ Force LdFrmW WaferRot
1 10001 50 1295 0 0 0 0 0 0 0 0 302481 302481 0 0 0 0 0 0 0 0 0 0.000 0
2 10002 681 1421 0 0 0 0 0 0 0 0 302482 302482 0 0 0 0 0 0 0 0 0 0.000 0
3 10003 1413 1323 0 0 0 0 0 0 0 0 302481 302481 0 0 0 0 0 0 0 0 0 0.000 0
4 10004 2302 793 0 0 0 0 0 0 0 0 302501 302481 0 0 0 0 0 0 0 0 0 0.000 0
5 10005 992 45 0 0 0 0 0 0 0 0 302481 302481 0 0 0 0 0 0 0 0 0 0.000 0
6 10006 123 92 0 0 0 0 0 0 0 0 302481 302481 0 0 0 0 0 0 0 0 0 0.000 0
7 10007 14 41 0 0 0 0 0 0 0 0 302482 302481 0 0 0 0 0 0 0 0 0 0.000 0
8 10008 134 77 0 0 0 0 0 0 0 0 302481 302481 0 0 0 0 0 0 0 0 0 0.000 0
9 10009 2285 32 0 0 0 0 0 0 0 0 302502 302481 0 0 0 0 0 0 0 0 0 0.000 0
10 10010 98 24 0 0 0 0 0 0 0 0 302481 302482 0 0 0 0 0 0 0 0 0 0.000 0
11 10011 13 329 0 0 0 0 0 0 0 0 302482 302481 0 0 0 0 0 0 0 0 0 0.000 0
12 10012 791 30 0 0 0 0 0 0 0 0 302481 302481 0 0 0 0 0 0 0 0 0 0.000 0
13 10013 1718 44 0 0 0 0 0 0 0 0 302481 302481 0 0 0 0 0 0 0 0 0 0.000 0
14 10014 2288 39 0 0 0 0 0 0 0 0 302502 302481 0 0 0 0 0 0 0 0 0 0.000 0
15 10015 1537 1518 0 0 0 0 0 0 0 0 302481 302502 0 0 0 0 0 0 0 0 0 0.000 0
16 10016 666 16 0 0 0 0 0 0 0 0 302481 302482 0 0 0 0 0 0 0 0 0 0.000 0
17 10017 40 1404 0 0 0 0 0 0 0 0 302481 302481 0 0 0 0 0 0 0 0 0 0.000 0
18 20001 779 1464 0 0 0 0 0 0 0 0 302481 302481 0 0 0 0 0 0 0 0 0 0.000 0
19 20002 1695 1570 0 0 0 0 0 0 0 0 302481 302502 0 0 0 0 0 0 0 0 0 0.000 0
20 20003 391 60 0 0 0 0 0 0 0 0 302481 302481 0 0 0 0 0 0 0 0 0 0.000 0
21 20004 2472 1443 0 0 0 0 0 0 0 0 302481 302481 0 0 0 0 0 0 0 0 0 0.000 0
22 20005 781 86 0 0 0 0 0 0 0 0 302481 302481 0 0 0 0 0 0 0 0 0 0.000 0
23 20006 123 75 0 0 0 0 0 0 0 0 302481 302481 0 0 0 0 0 0 0 0 0 0.000 0
24 20007 15 78 0 0 0 0 0 0 0 0 302482 302481 0 0 0 0 0 0 0 0 0 0.000 0
25 20008 11 234 0 0 0 0 0 0 0 0 302482 302481 0 0 0 0 0 0 0 0 0 0.000 0
26 20009 419 62 0 0 0 0 0 0 0 0 302481 302481 0 0 0 0 0 0 0 0 0 0.000 0
27 20010 424 1585 0 0 0 0 0 0 0 0 302481 302481 0 0 0 0 0 0 0 0 0 0.000 0
28 20011 1342 103 0 0 0 0 0 0 0 0 302481 302481 0 0 0 0 0 0 0 0 0 0.000 0
29 20012 37 1578 0 0 0 0 0 0 0 0 302481 302481 0 0 0 0 0 0 0 0 0 0.000 0
30 20013 1483 1354 0 0 0 0 0 0 0 0 302481 302481 0 0 0 0 0 0 0 0 0 0.000 0
31 20014 367 838 0 0 0 0 0 0 0 0 302481 302481 0 0 0 0 0 0 0 0 0 0.000 0
32 20015 676 673 0 0 0 0 0 0 0 0 302481 302481 0 0 0 0 0 0 0 0 0 0.000 0
33 20016 2239 31 0 0 0 0 0 0 0 0 302482 302481 0 0 0 0 0 0 0 0 0 0.000 0
34 20017 96 780 0 0 0 0 0 0 0 0 302481 302482 0 0 0 0 0 0 0 0 0 0.000 0
35 30001 117 680 0 0 0 0 0 0 0 0 302481 302481 0 0 0 0 0 0 0 0 0 0.000 0
36 30002 1486 1314 0 0 0 0 0 0 0 0 302481 302481 0 0 0 0 0 0 0 0 0 0.000 0
37 30003 2197 110 0 0 0 0 0 0 0 0 302482 302481 0 0 0 0 0 0 0 0 0 0.000 0
38 30004 2339 145 0 0 0 0 0 0 0 0 302481 302502 0 0 0 0 0 0 0 0 0 0.000 0
39 30005 2338 113 0 0 0 0 0 0 0 0 302482 302481 0 0 0 0 0 0 0 0 0 0.000 0
40 30006 123 92 0 0 0 0 0 0 0 0 302481 302481 0 0 0 0 0 0 0 0 0 0.000 0
41 30007 79 95 0 0 0 0 0 0 0 0 302481 302481 0 0 0 0 0 0 0 0 0 0.000 0
42 30008 116 56 0 0 0 0 0 0 0 0 302481 302481 0 0 0 0 0 0 0 0 0 0.000 0
43 30009 36 136 0 0 0 0 0 0 0 0 302481 302481 0 0 0 0 0 0 0 0 0 0.000 0
44 30010 583 1709 0 0 0 0 0 0 0 0 302481 302481 0 0 0 0 0 0 0 0 0 0.000 0
45 30011 33 777 0 0 0 0 0 0 0 0 302481 302481 0 0 0 0 0 0 0 0 0 0.000 0
46 30012 120 778 0 0 0 0 0 0 0 0 302481 302481 0 0 0 0 0 0 0 0 0 0.000 0
47 30013 432 83 0 0 0 0 0 0 0 0 302481 302481 0 0 0 0 0 0 0 0 0 0.000 0
48 30014 487 789 0 0 0 0 0 0 0 0 302481 302481 0 0 0 0 0 0 0 0 0 0.000 0
49 30015 857 1334 0 0 0 0 0 0 0 0 302481 302482 0 0 0 0 0 0 0 0 0 0.000 0
50 30016 76 6 0 0 0 0 0 0 0 0 302481 302502 0 0 0 0 0 0 0 0 0 0.000 0
51 30017 1296 1450 0 0 0 0 0 0 0 0 302481 302481 0 0 0 0 0 0 0 0 0 0.000 0
52 40001 2355 2299 0 0 0 0 0 0 0 0 302481 302481 0 0 0 0 0 0 0 0 0 0.000 0
53 40002 1591 2314 0 0 0 0 0 0 0 0 302481 302481 0 0 0 0 0 0 0 0 0 0.000 0
54 40003 28 2570 0 0 0 0 0 0 0 0 302481 302481 0 0 0 0 0 0 0 0 0 0.000 0
55 40004 47 220 0 0 0 0 0 0 0 0 302481 302482 0 0 0 0 0 0 0 0 0 0.000 0
56 40005 1336 2562 0 0 0 0 0 0 0 0 302481 302482 0 0 0 0 0 0 0 0 0 0.000 0
57 40006 123 75 0 0 0 0 0 0 0 0 302481 302481 0 0 0 0 0 0 0 0 0 0.000 0
58 40007 651 49 0 0 0 0 0 0 0 0 302481 302481 0 0 0 0 0 0 0 0 0 0.000 0
59 40008 63 73 0 0 0 0 0 0 0 0 302481 302481 0 0 0 0 0 0 0 0 0 0.000 0
60 40009 427 138 0 0 0 0 0 0 0 0 302481 302481 0 0 0 0 0 0 0 0 0 0.000 0
61 40010 431 1583 0 0 0 0 0 0 0 0 302482 302481 0 0 0 0 0 0 0 0 0 0.000 0
62 40011 125 722 0 0 0 0 0 0 0 0 302481 302482 0 0 0 0 0 0 0 0 0 0.000 0
63 40012 91 42 0 0 0 0 0 0 0 0 302481 302481 0 0 0 0 0 0 0 0 0 0.000 0
64 40013 137 2286 0 0 0 0 0 0 0 0 302481 302481 0 0 0 0 0 0 0 0 0 0.000 0
65 40014 734 657 0 0 0 0 0 0 0 0 302481 302502 0 0 0 0 0 0 0 0 0 0.000 0
66 40015 1331 437 0 0 0 0 0 0 0 0 302482 302481 0 0 0 0 0 0 0 0 0 0.000 0
67 40016 27 1836 0 0 0 0 0 0 0 0 302481 302481 0 0 0 0 0 0 0 0 0 0.000 0
68 40017 1586 1594 0 0 0 0 0 0 0 0 302481 302481 0 0 0 0 0 0 0 0 0 0.000 0
69 50001 149 2537 0 0 0 0 0 0 0 0 302502 302502 0 0 0 0 0 0 0 0 0 0.000 0
70 50002 2563 35 0 0 0 0 0 0 0 0 302502 302481 0 0 0 0 0 0 0 0 0 0.000 0
71 50003 2364 2372 0 0 0 0 0 0 0 0 302502 302502 0 0 0 0 0 0 0 0 0 0.000 0
72 50004 1353 2369 0 0 0 0 0 0 0 0 302481 302502 0 0 0 0 0 0 0 0 0 0.000 0
73 50005 807 1751 0 0 0 0 0 0 0 0 302502 302502 0 0 0 0 0 0 0 0 0 0.000 0
74 50006 2140 1621 0 0 0 0 0 0 0 0 302482 302502 0 0 0 0 0 0 0 0 0 0.000 0
75 50007 2558 2283 0 0 0 0 0 0 0 0 302502 302501 0 0 0 0 0 0 0 0 0 0.000 0
76 50008 114 1555 0 0 0 0 0 0 0 0 302481 302502 0 0 0 0 0 0 0 0 0 0.000 0
77 50009 2378 787 0 0 0 0 0 0 0 0 302482 302481 0 0 0 0 0 0 0 0 0 0.000 0
78 50010 80 1396 0 0 0 0 0 0 0 0 302481 302481 0 0 0 0 0 0 0 0 0 0.000 0
79 50011 71 436 0 0 0 0 0 0 0 0 302481 302482 0 0 0 0 0 0 0 0 0 0.000 0
80 50012 1799 1784 0 0 0 0 0 0 0 0 302481 302502 0 0 0 0 0 0 0 0 0 0.000 0
81 50013 6 6 0 0 0 0 0 0 0 0 302502 302502 0 0 0 0 0 0 0 0 0 0.000 0
82 50014 2 2191 0 0 0 0 0 0 0 0 302502 302502 0 0 0 0 0 0 0 0 0 0.000 0
83 50015 8 1 0 0 0 0 0 0 0 0 302502 302502 0 0 0 0 0 0 0 0 0 0.000 0
84 50016 2247 1785 0 0 0 0 0 0 0 0 302502 302502 0 0 0 0 0 0 0 0 0 0.000 0
85 50017 101 1445 0 0 0 0 0 0 0 0 302481 302481 0 0 0 0 0 0 0 0 0 0.000 0
86 50018 1833 775 0 0 0 0 0 0 0 0 302481 302481 0 0 0 0 0 0 0 0 0 0.000 0
87 50019 248 59 0 0 0 0 0 0 0 0 302502 302481 0 0 0 0 0 0 0 0 0 0.000 0
88 50020 782 2576 0 0 0 0 0 0 0 0 302481 302502 0 0 0 0 0 0 0 0 0 0.000 0
89 50021 133 3513 0 0 0 0 0 0 0 0 302482 302502 0 0 0 0 0 0 0 0 0 0.000 0
90 50022 2568 3772 0 0 0 0 0 0 0 0 302502 302502 0 0 0 0 0 0 0 0 0 0.000 0
91 50023 1480 1312 0 0 0 0 0 0 0 0 302502 302482 0 0 0 0 0 0 0 0 0 0.000 0
92 50024 1925 2543 0 0 0 0 0 0 0 0 302482 302342 0 0 0 0 0 0 0 0 0 0.000 0
93 50025 2264 2342 0 0 0 0 0 0 0 0 302482 302502 0 0 0 0 0 0 0 0 0 0.000 0
94 50026 2382 1538 0 0 0 0 0 0 0 0 302502 302482 0 0 0 0 0 0 0 0 0 0.000 0
95 50027 2574 3779 0 0 0 0 0 0 0 0 302482 302502 0 0 0 0 0 0 0 0 0 0.000 0
96 50028 2379 1362 0 0 0 0 0 0 0 0 302481 302481 0 0 0 0 0 0 0 0 0 0.000 0
97 50029 2352 957 0 0 0 0 0 0 0 0 302502 302482 0 0 0 0 0 0 0 0 0 0.000 0
98 60001 2086 2564 0 0 0 0 0 0 0 0 302482 302482 0 0 0 0 0 0 0 0 0 0.000 0
99 60002 1368 1840 0 0 0 0 0 0 0 0 302481 302481 0 0 0 0 0 0 0 0 0 0.000 0
100 60003 121 66 0 0 0 0 0 0 0 0 302481 302501 0 0 0 0 0 0 0 0 0 0.000 0
101 60004 1536 842 0 0 0 0 0 0 0 0 302482 302481 0 0 0 0 0 0 0 0 0 0.000 0
102 60005 152 2377 0 0 0 0 0 0 0 0 302502 302481 0 0 0 0 0 0 0 0 0 0.000 0
103 60006 90 447 0 0 0 0 0 0 0 0 302481 302481 0 0 0 0 0 0 0 0 0 0.000 0
104 60007 64 68 0 0 0 0 0 0 0 0 302481 302481 0 0 0 0 0 0 0 0 0 0.000 0
105 60008 2333 109 0 0 0 0 0 0 0 0 302482 302481 0 0 0 0 0 0 0 0 0 0.000 0
106 60009 108 776 0 0 0 0 0 0 0 0 302481 302481 0 0 0 0 0 0 0 0 0 0.000 0
107 60010 122 102 0 0 0 0 0 0 0 0 302481 302481 0 0 0 0 0 0 0 0 0 0.000 0
108 60011 2259 23 0 0 0 0 0 0 0 0 302502 302482 0 0 0 0 0 0 0 0 0 0.000 0
109 60012 20 58 0 0 0 0 0 0 0 0 302482 302481 0 0 0 0 0 0 0 0 0 0.000 0
110 60013 124 78 0 0 0 0 0 0 0 0 302481 302481 0 0 0 0 0 0 0 0 0 0.000 0
111 60014 117 139 0 0 0 0 0 0 0 0 302481 302481 0 0 0 0 0 0 0 0 0 0.000 0
112 60015 1298 43 0 0 0 0 0 0 0 0 302481 302481 0 0 0 0 0 0 0 0 0 0.000 0
113 60016 123 1430 0 0 0 0 0 0 0 0 302481 302481 0 0 0 0 0 0 0 0 0 0.000 0
114 60017 53 1745 0 0 0 0 0 0 0 0 302481 302481 0 0 0 0 0 0 0 0 0 0.000 0
115 60018 1572 641 0 0 0 0 0 0 0 0 302481 302481 0 0 0 0 0 0 0 0 0 0.000 0
116 60019 48 105 0 0 0 0 0 0 0 0 302481 302481 0 0 0 0 0 0 0 0 0 0.000 0
117 60020 642 89 0 0 0 0 0 0 0 0 302481 302481 0 0 0 0 0 0 0 0 0 0.000 0
118 60021 403 57 0 0 0 0 0 0 0 0 302482 302481 0 0 0 0 0 0 0 0 0 0.000 0
119 60022 413 1422 0 0 0 0 0 0 0 0 302481 302481 0 0 0 0 0 0 0 0 0 0.000 0
120 60023 1448 1657 0 0 0 0 0 0 0 0 302482 302481 0 0 0 0 0 0 0 0 0 0.000 0
121 60024 2573 804 0 0 0 0 0 0 0 0 302481 302502 0 0 0 0 0 0 0 0 0 0.000 0
122 60025 980 88 0 0 0 0 0 0 0 0 302481 302481 0 0 0 0 0 0 0 0 0 0.000 0
123 60026 415 1286 0 0 0 0 0 0 0 0 302482 302481 0 0 0 0 0 0 0 0 0 0.000 0
124 60027 2550 2343 0 0 0 0 0 0 0 0 302482 302482 0 0 0 0 0 0 0 0 0 0.000 0
125 60028 74 314 0 0 0 0 0 0 0 0 302481 302502 0 0 0 0 0 0 0 0 0 0.000 0
126 60029 70 2129 0 0 0 0 0 0 0 0 302481 302482 0 0 0 0 0 0 0 0 0 0.000 0
127 60030 1044 2091 0 0 0 0 0 0 0 0 302481 302482 0 0 0 0 0 0 0 0 0 0.000 0
128 70001 1705 0 0 0 0 0 0 0 0 0 302823 0 0 0 0 0 0 0 0 0 0 0.000 0
129 70002 2595 0 0 0 0 0 0 0 0 0 302824 0 0 0 0 0 0 0 0 0 0 0.000 0
130 70003 3766 0 0 0 0 0 0 0 0 0 303784 0 0 0 0 0 0 0 0 0 0 0.000 0
131 70004 2244 0 0 0 0 0 0 0 0 0 303624 0 0 0 0 0 0 0 0 0 0 0.000 0
132 70005 2282 0 0 0 0 0 0 0 0 0 302823 0 0 0 0 0 0 0 0 0 0 0.000 0
133 70006 2346 0 0 0 0 0 0 0 0 0 302823 0 0 0 0 0 0 0 0 0 0 0.000 0
134 70007 3765 0 0 0 0 0 0 0 0 0 302823 0 0 0 0 0 0 0 0 0 0 0.000 0
135 70008 2380 0 0 0 0 0 0 0 0 0 303624 0 0 0 0 0 0 0 0 0 0 0.000 0
136 70009 3754 0 0 0 0 0 0 0 0 0 303623 0 0 0 0 0 0 0 0 0 0 0.000 0
137 70010 191 0 0 0 0 0 0 0 0 0 303623 0 0 0 0 0 0 0 0 0 0 0.000 0
138 70011 3506 0 0 0 0 0 0 0 0 0 302823 0 0 0 0 0 0 0 0 0 0 0.000 0
139 70012 2310 0 0 0 0 0 0 0 0 0 302823 0 0 0 0 0 0 0 0 0 0 0.000 0
140 70013 2291 0 0 0 0 0 0 0 0 0 303624 0 0 0 0 0 0 0 0 0 0 0.000 0
141 70014 2195 0 0 0 0 0 0 0 0 0 302823 0 0 0 0 0 0 0 0 0 0 0.000 0
142 70015 3767 0 0 0 0 0 0 0 0 0 302823 0 0 0 0 0 0 0 0 0 0 0.000 0
143 70016 2290 0 0 0 0 0 0 0 0 0 302823 0 0 0 0 0 0 0 0 0 0 0.000 0
144 70017 2281 0 0 0 0 0 0 0 0 0 302823 0 0 0 0 0 0 0 0 0 0 0.000 0
145 70018 2590 0 0 0 0 0 0 0 0 0 302824 0 0 0 0 0 0 0 0 0 0 0.000 0
146 70019 2007 0 0 0 0 0 0 0 0 0 303623 0 0 0 0 0 0 0 0 0 0 0.000 0
147 70020 2158 0 0 0 0 0 0 0 0 0 303624 0 0 0 0 0 0 0 0 0 0 0.000 0
148 70021 2365 0 0 0 0 0 0 0 0 0 303623 0 0 0 0 0 0 0 0 0 0 0.000 0
149 70022 2588 0 0 0 0 0 0 0 0 0 303624 0 0 0 0 0 0 0 0 0 0 0.000 0
150 70023 2375 0 0 0 0 0 0 0 0 0 302982 0 0 0 0 0 0 0 0 0 0 0.000 0
151 70024 1935 0 0 0 0 0 0 0 0 0 302823 0 0 0 0 0 0 0 0 0 0 0.000 0
152 70025 2556 0 0 0 0 0 0 0 0 0 303624 0 0 0 0 0 0 0 0 0 0 0.000 0
153 70026 3747 0 0 0 0 0 0 0 0 0 303623 0 0 0 0 0 0 0 0 0 0 0.000 0
154 70027 2587 0 0 0 0 0 0 0 0 0 302823 0 0 0 0 0 0 0 0 0 0 0.000 0
155 70028 187 0 0 0 0 0 0 0 0 0 302823 0 0 0 0 0 0 0 0 0 0 0.000 0
156 70029 1520 0 0 0 0 0 0 0 0 0 302822 0 0 0 0 0 0 0 0 0 0 0.000 0
157 70030 2560 0 0 0 0 0 0 0 0 0 302823 0 0 0 0 0 0 0 0 0 0 0.000 0
158 80001 2539 148 0 0 0 0 0 0 0 0 302502 302502 0 0 0 0 0 0 0 0 0 0.000 0
159 80002 2362 1509 0 0 0 0 0 0 0 0 302502 302502 0 0 0 0 0 0 0 0 0 0.000 0
160 80003 1652 2553 0 0 0 0 0 0 0 0 302502 302502 0 0 0 0 0 0 0 0 0 0.000 0
161 80004 2360 2565 0 0 0 0 0 0 0 0 302502 302502 0 0 0 0 0 0 0 0 0 0.000 0
162 80005 2552 2551 0 0 0 0 0 0 0 0 302502 302502 0 0 0 0 0 0 0 0 0 0.000 0
163 80006 2381 2373 0 0 0 0 0 0 0 0 302502 302482 0 0 0 0 0 0 0 0 0 0.000 0
164 80007 736 2289 0 0 0 0 0 0 0 0 302502 302502 0 0 0 0 0 0 0 0 0 0.000 0
165 80008 2284 765 0 0 0 0 0 0 0 0 302342 302502 0 0 0 0 0 0 0 0 0 0.000 0
166 80009 397 2306 0 0 0 0 0 0 0 0 302502 302502 0 0 0 0 0 0 0 0 0 0.000 0
167 80010 2363 2356 0 0 0 0 0 0 0 0 302502 302502 0 0 0 0 0 0 0 0 0 0.000 0
168 80011 2199 2361 0 0 0 0 0 0 0 0 302502 302502 0 0 0 0 0 0 0 0 0 0.000 0
169 80012 1482 7 0 0 0 0 0 0 0 0 302502 302502 0 0 0 0 0 0 0 0 0 0.000 0
170 80013 6 6 0 0 0 0 0 0 0 0 302502 302502 0 0 0 0 0 0 0 0 0 0.000 0
171 80014 2 1997 0 0 0 0 0 0 0 0 302502 302482 0 0 0 0 0 0 0 0 0 0.000 0
172 80015 157 741 0 0 0 0 0 0 0 0 302502 302502 0 0 0 0 0 0 0 0 0 0.000 0
173 80016 2093 2192 0 0 0 0 0 0 0 0 302502 302482 0 0 0 0 0 0 0 0 0 0.000 0
174 80017 332 1926 0 0 0 0 0 0 0 0 302502 302502 0 0 0 0 0 0 0 0 0 0.000 0
175 80018 142 1170 0 0 0 0 0 0 0 0 302502 302482 0 0 0 0 0 0 0 0 0 0.000 0
176 80019 131 2300 0 0 0 0 0 0 0 0 302482 302342 0 0 0 0 0 0 0 0 0 0.000 0
177 80020 1567 1568 0 0 0 0 0 0 0 0 302502 302502 0 0 0 0 0 0 0 0 0 0.000 0
178 80021 2554 0 0 0 0 0 0 0 0 0 302823 0 0 0 0 0 0 0 0 0 0 0.000 0
179 80022 2591 0 0 0 0 0 0 0 0 0 302823 0 0 0 0 0 0 0 0 0 0 0.000 0
180 80023 3775 0 0 0 0 0 0 0 0 0 302983 0 0 0 0 0 0 0 0 0 0 0.000 0
181 80024 2240 0 0 0 0 0 0 0 0 0 302823 0 0 0 0 0 0 0 0 0 0 0.000 0
182 80025 2580 141 0 0 0 0 0 0 0 0 302502 302502 0 0 0 0 0 0 0 0 0 0.000 0
183 80026 2082 0 0 0 0 0 0 0 0 0 302823 0 0 0 0 0 0 0 0 0 0 0.000 0
184 80027 164 3768 0 0 0 0 0 0 0 0 302342 302482 0 0 0 0 0 0 0 0 0 0.000 0
185 80028 2005 2248 0 0 0 0 0 0 0 0 302502 302482 0 0 0 0 0 0 0 0 0 0.000 0
186 80029 748 2371 0 0 0 0 0 0 0 0 302502 302502 0 0 0 0 0 0 0 0 0 0.000 0
187 80030 2582 0 0 0 0 0 0 0 0 0 302823 0 0 0 0 0 0 0 0 0 0 0.000 0

[VstockData<1>]
IDNUM N PA PB PC PD PE PF PG PH PI PJ TA TB TC TD TE TF TG TH TI TJ Force LdFrmW WaferRot

[USER_ExportOptions]
Lot="MASTER-OPT-FIXFEEDER_OLED"

[PartsInspectSkipKind]
IDNUM PARTS KIND
1 1 0
2 2 0
6 6 0
7 7 0
8 8 0
11 11 0
13 13 0
14 14 0
15 15 0
16 16 0
20 20 0
23 23 0
24 24 0
27 27 0
28 28 0
30 30 0
31 31 0
32 32 0
33 33 0
35 35 0
36 36 0
37 37 0
39 39 0
40 40 0
41 41 0
42 42 0
43 43 0
44 44 0
45 45 0
47 47 0
48 48 0
49 49 0
50 50 0
53 53 0
56 56 0
57 57 0
58 58 0
59 59 0
60 60 0
62 62 0
63 63 0
64 64 0
66 66 0
68 68 0
70 70 0
71 71 0
73 73 0
74 74 0
75 75 0
76 76 0
77 77 0
78 78 0
79 79 0
80 80 0
83 83 0
86 86 0
88 88 0
89 89 0
90 90 0
91 91 0
92 92 0
95 95 0
96 96 0
98 98 0
101 101 0
102 102 0
103 103 0
105 105 0
108 108 0
109 109 0
110 110 0
113 113 0
114 114 0
116 116 0
117 117 0
120 120 0
121 121 0
122 122 0
123 123 0
124 124 0
125 125 0
131 131 0
133 133 0
134 134 0
136 136 0
137 137 0
138 138 0
139 139 0
141 141 0
142 142 0
145 145 0
148 148 0
149 149 0
152 152 0
157 157 0
164 164 0
187 187 0
191 191 0
211 211 0
213 213 0
220 220 0
234 234 0
248 248 0
314 314 0
329 329 0
332 332 0
367 367 0
391 391 0
397 397 0
403 403 0
413 413 0
415 415 0
419 419 0
424 424 0
427 427 0
431 431 0
432 432 0
436 436 0
437 437 0
447 447 0
487 487 0
583 583 0
641 641 0
642 642 0
651 651 0
657 657 0
666 666 0
673 673 0
676 676 0
680 680 0
681 681 0
722 722 0
734 734 0
736 736 0
741 741 0
748 748 0
765 765 0
775 775 0
776 776 0
777 777 0
778 778 0
779 779 0
780 780 0
781 781 0
782 782 0
787 787 0
789 789 0
791 791 0
793 793 0
804 804 0
807 807 0
838 838 0
842 842 0
857 857 0
957 957 0
980 980 0
992 992 0
1044 1044 0
1170 1170 0
1286 1286 0
1295 1295 0
1296 1296 0
1298 1298 0
1312 1312 0
1314 1314 0
1323 1323 0
1331 1331 0
1334 1334 0
1336 1336 0
1342 1342 0
1353 1353 0
1354 1354 0
1362 1362 0
1368 1368 0
1396 1396 0
1404 1404 0
1413 1413 0
1421 1421 0
1422 1422 0
1430 1430 0
1443 1443 0
1445 1445 0
1448 1448 0
1450 1450 0
1464 1464 0
1480 1480 0
1482 1482 0
1483 1483 0
1486 1486 0
1509 1509 0
1518 1518 0
1520 1520 0
1526 1526 0
1536 1536 0
1537 1537 0
1538 1538 0
1555 1555 0
1567 1567 0
1568 1568 0
1570 1570 0
1572 1572 0
1578 1578 0
1583 1583 0
1585 1585 0
1586 1586 0
1591 1591 0
1594 1594 0
1621 1621 0
1652 1652 0
1657 1657 0
1695 1695 0
1709 1709 0
1718 1718 0
1745 1745 0
1751 1751 0
1784 1784 0
1785 1785 0
1799 1799 0
1833 1833 0
1836 1836 0
1840 1840 0
1925 1925 0
1926 1926 0
1935 1935 0
1988 1988 0
1997 1997 0
2001 2001 0
2005 2005 0
2007 2007 0
2082 2082 0
2086 2086 0
2091 2091 0
2093 2093 0
2129 2129 0
2140 2140 0
2158 2158 0
2191 2191 0
2192 2192 0
2195 2195 0
2197 2197 0
2199 2199 0
2239 2239 0
2240 2240 0
2241 2241 0
2244 2244 0
2247 2247 0
2248 2248 0
2259 2259 0
2264 2264 0
2281 2281 0
2282 2282 0
2283 2283 0
2284 2284 0
2285 2285 0
2286 2286 0
2287 2287 0
2288 2288 0
2289 2289 0
2290 2290 0
2291 2291 0
2299 2299 0
2300 2300 0
2302 2302 0
2306 2306 0
2307 2307 0
2310 2310 0
2314 2314 0
2318 2318 0
2333 2333 0
2338 2338 0
2339 2339 0
2342 2342 0
2343 2343 0
2346 2346 0
2352 2352 0
2355 2355 0
2356 2356 0
2358 2358 0
2360 2360 0
2361 2361 0
2362 2362 0
2363 2363 0
2364 2364 0
2365 2365 0
2367 2367 0
2369 2369 0
2371 2371 0
2372 2372 0
2373 2373 0
2375 2375 0
2377 2377 0
2378 2378 0
2379 2379 0
2380 2380 0
2381 2381 0
2382 2382 0
2472 2472 0
2537 2537 0
2539 2539 0
2543 2543 0
2547 2547 0
2549 2549 0
2550 2550 0
2551 2551 0
2552 2552 0
2553 2553 0
2554 2554 0
2556 2556 0
2557 2557 0
2558 2558 0
2560 2560 0
2562 2562 0
2563 2563 0
2564 2564 0
2565 2565 0
2568 2568 0
2570 2570 0
2573 2573 0
2574 2574 0
2576 2576 0
2580 2580 0
2582 2582 0
2587 2587 0
2588 2588 0
2590 2590 0
2591 2591 0
2595 2595 0
3506 3506 0
3513 3513 0
3747 3747 0
3754 3754 0
3766 3766 0
3767 3767 0
3768 3768 0
3772 3772 0
3775 3775 0
3779 3779 0

