[Index]
Format=CERBERUS
Version=2.3500
Machine=NPM
Date=2026/07/13,08:34:48
AuthorType=Machine
Author=NPM
MJSID="RC_EBR24455405_EAX70337404(1.1)_260713"
Comment=""
Diff=NO

[LotNames]
IDNUM LotNum Lot MCFileName Filter AutoChg BaseChg Lane ProductionID SimProduct DGSPCBName DGSPCBRev DGSPCBSide DGSRefPin C DataGenMode MountHead VSTPath Order TargetTact C2
320 1 "RC_EBR24455405_EAX70337404" "RC_EBR24455405_EAX70337404" 0 0 0 1 "" 0 "line7new" "1" "T" "" "" 0 0 "" 0 0.000 ""

[BoardData<1>]
X=292.000
Y=144.000
Z=1.600
OrgOffsetX=0.000
OrgOffsetY=0.000
OrgType=Left,Front
Carrier=NO
SecPosOffset=0.000
ProductNum=1
CarrierH=0.000
BackH=0.000
WarpTolerance=0.000

[MultiPattern<1>]
IDNUM PTN RMODE C CX CY DX DY PX PY BRM Link PCBName PCBRev PCBSide Time
1 1 0 "P1" 0.000 0.000 0.000 0.000 0.000 0.000 0 0 "" "" "" ""

[PatternAttribute<1>]
IDNUM PNUM OX OY OZ B PTN PG ROT PCBPosition C LABELX LABELY ROT2
1 1 0.000 0.000 0.000 0 1 1 0 0 "P1" "" "" 0.000

[PatternGrouping<1>]
IDNUM GRPNUM C RMODE
1 1 "Ist Group" 1

[RecogMarkSet<1>]
IDNUM RMA RMB RMC RMD RME TYPE B PG RMODE MArea

[PositionData<1>]
IDNUM CADID X Y A PARTS BRM TURN DTURN TS MS DS NP DNP PU SIDE DPU HEAD DHEAD IHEAD B PG S RID C M MB F PR PRISEQ P PAD VW StdPos LAND Depend ChkFlag ExChk Grand MArea RMSet SH ScanDir1 ScanDir2 OHL OHR ApcCtrl WG SkipNumber Z MinDis
1 0 2.000 132.500 0.000 0 398 0 0 0 1 0 0 0 0 0 0 0 0 0 0 0 1 0 "ohm" 0 0 0 1000 0 0 0 0 0 0 0 0 0 0 1 0 0.000 0 0 0.000 0.000 0 0 0 0.000 0.000
2 0 284.100 6.400 0.000 0 399 0 0 0 2 0 0 0 0 0 0 0 0 0 0 0 2 0 "ohm" 0 0 0 1000 0 0 0 0 0 0 0 0 0 0 1 0 0.000 0 0 0.000 0.000 0 0 0 0.000 0.000
3 3 76.950 123.750 0.000 20 0 7 0 7 16 0 10 0 20012 1 0 2 0 0 1 1 1 0 "C1417" 0 0 0 1000 0 0 0 0 0 0 0 0 0 0 1 0 1.250 0 0 0.000 0.000 0 0 0 0.000 0.000
4 4 76.950 121.800 0.000 20 0 4 0 6 3 0 10 0 20012 1 0 2 0 0 1 1 2 0 "C1418" 0 0 0 1000 0 0 0 0 0 0 0 0 0 0 1 0 1.250 0 0 0.000 0.000 0 0 0 0.000 0.000
5 5 123.700 73.950 0.000 3288 0 5 0 4 7 0 1 0 20010 2 0 2 0 0 1 1 3 0 "C1509" 0 0 0 1000 0 0 0 0 0 0 0 0 0 0 1 0 4.450 0 0 0.000 0.000 0 0 0 0.000 0.000
6 6 110.100 69.050 180.000 3137 0 1 0 9 9 0 14 0 20011 2 0 2 0 0 1 1 4 0 "C1510" 0 0 0 1000 0 0 0 0 0 0 0 0 0 0 1 0 4.450 0 0 0.000 0.000 0 0 0 0.000 0.000
7 7 123.700 72.000 180.000 3288 0 5 0 5 8 0 2 0 20010 2 0 2 0 0 1 1 5 0 "C1518" 0 0 0 1000 0 0 0 0 0 0 0 0 0 0 1 0 4.450 0 0 0.000 0.000 0 0 0 0.000 0.000
8 8 90.300 74.300 90.000 20 0 9 0 3 7 0 4 0 10021 1 0 1 0 0 1 1 6 0 "C1604" 0 0 0 1000 0 0 0 0 0 0 0 0 0 0 1 0 1.600 0 0 0.000 0.000 0 0 0 0.000 0.000
9 9 103.200 72.700 -90.000 20 0 9 0 4 6 0 3 0 10021 1 0 1 0 0 1 1 7 0 "C1607" 0 0 0 1000 0 0 0 0 0 0 0 0 0 0 1 0 0.000 0 0 0.000 0.000 0 0 0 0.000 0.000
10 10 55.750 124.750 180.000 3137 0 4 0 5 2 0 1 0 20011 2 0 2 0 0 1 1 8 0 "C1703" 0 0 0 1000 0 0 0 0 0 0 0 0 0 0 1 0 4.300 0 0 0.000 0.000 0 0 0 0.000 0.000
11 11 63.700 120.550 180.000 3288 0 2 0 4 7 0 11 0 20010 2 0 2 0 0 1 1 9 0 "C1707" 0 0 0 1000 0 0 0 0 0 0 0 0 0 0 1 0 4.300 0 0 0.000 0.000 0 0 0 0.000 0.000
12 12 63.700 118.350 0.000 3288 0 8 0 8 6 0 4 0 20010 2 0 2 0 0 1 1 10 0 "C1709" 0 0 0 1000 0 0 0 0 0 0 0 0 0 0 1 0 4.300 0 0 0.000 0.000 0 0 0 0.000 0.000
13 13 59.700 118.350 180.000 3288 0 2 0 5 6 0 12 0 20010 2 0 2 0 0 1 1 11 0 "C1712" 0 0 0 1000 0 0 0 0 0 0 0 0 0 0 1 0 4.300 0 0 0.000 0.000 0 0 0 0.000 0.000
14 14 59.700 120.550 180.000 20 0 8 0 7 7 0 6 0 20012 1 0 2 0 0 1 1 12 0 "C1713" 0 0 0 1000 0 0 0 0 0 0 0 0 0 0 1 0 4.300 0 0 0.000 0.000 0 0 0 0.000 0.000
15 15 165.300 49.350 180.000 20 0 3 0 5 3 0 3 0 10009 1 0 1 0 0 1 1 13 0 "C1802" 0 0 0 1000 0 0 0 0 0 0 0 0 0 0 1 0 0.000 0 0 0.000 0.000 0 0 0 0.000 0.000
16 16 183.350 55.350 0.000 3288 0 1 0 9 7 0 12 0 20010 2 0 2 0 0 1 1 14 0 "C1803" 0 0 0 1000 0 0 0 0 0 0 0 0 0 0 1 0 0.950 0 0 0.000 0.000 0 0 0 0.000 0.000
17 17 174.350 44.850 -90.000 20 0 6 0 7 4 0 7 0 10009 1 0 1 0 0 1 1 15 0 "C1806" 0 0 0 1000 0 0 0 0 0 0 0 0 0 0 1 0 1.600 0 0 0.000 0.000 0 0 0 0.000 0.000
18 18 172.350 44.850 -90.000 20 0 6 0 8 6 0 8 0 10009 1 0 1 0 0 1 1 16 0 "C1807" 0 0 0 1000 0 0 0 0 0 0 0 0 0 0 1 0 1.600 0 0 0.000 0.000 0 0 0 0.000 0.000
19 19 91.550 84.950 90.000 3288 0 8 0 7 5 0 3 0 20010 2 0 2 0 0 1 1 17 0 "C2106" 0 0 0 1000 0 0 0 0 0 0 0 0 0 0 1 0 1.250 0 0 0.000 0.000 0 0 0 0.000 0.000
20 20 91.500 81.250 -90.000 3288 0 5 0 6 6 0 4 0 20010 2 0 2 0 0 1 1 18 0 "C2108" 0 0 0 1000 0 0 0 0 0 0 0 0 0 0 1 0 1.600 0 0 0.000 0.000 0 0 0 0.000 0.000
21 21 77.150 82.800 180.000 3137 0 5 0 6 5 0 6 0 20011 2 0 2 0 0 1 1 19 0 "C2110" 0 0 0 1000 0 0 0 0 0 0 0 0 0 0 1 0 4.300 0 0 0.000 0.000 0 0 0 0.000 0.000
22 22 131.100 63.150 180.000 3288 0 1 0 5 13 0 3 0 20010 2 0 2 0 0 1 1 20 0 "C2342" 0 0 0 1000 0 0 0 0 0 0 0 0 0 0 1 0 1.250 0 0 0.000 0.000 0 0 0 0.000 0.000
23 23 131.100 61.200 180.000 3288 0 5 0 2 10 0 10 0 20010 2 0 2 0 0 1 1 21 0 "C2343" 0 0 0 1000 0 0 0 0 0 0 0 0 0 0 1 0 4.850 0 0 0.000 0.000 0 0 0 0.000 0.000
24 24 140.400 46.000 90.000 3137 0 9 0 4 12 0 9 0 20011 2 0 2 0 0 1 1 22 0 "C2345" 0 0 0 1000 0 0 0 0 0 0 0 0 0 0 1 0 4.850 0 0 0.000 0.000 0 0 0 0.000 0.000
25 25 137.900 39.650 -90.000 295 0 5 0 1 12 0 11 0 20022 2 0 2 0 0 1 1 23 0 "C2351" 0 0 0 1000 0 0 0 0 0 0 0 0 0 0 1 0 0.950 0 0 0.000 0.000 0 0 0 0.000 0.000
26 26 129.500 43.300 -90.000 3137 0 5 0 2 11 0 12 0 20011 2 0 2 0 0 1 1 24 0 "C2353" 0 0 0 1000 0 0 0 0 0 0 0 0 0 0 1 0 0.850 0 0 0.000 0.000 0 0 0 0.000 0.000
27 27 34.350 131.600 90.000 3137 0 2 0 4 2 0 13 0 20011 2 0 2 0 0 1 1 25 0 "C2503" 0 0 0 1000 0 0 0 0 0 0 0 0 0 0 1 0 0.580 0 0 0.000 0.000 0 0 0 0.000 0.000
28 28 43.700 124.950 90.000 20 0 2 0 4 5 0 14 0 20012 1 0 2 0 0 1 1 26 0 "C2507" 0 0 0 1000 0 0 0 0 0 0 0 0 0 0 1 0 4.450 0 0 0.000 0.000 0 0 0 0.000 0.000
29 29 45.650 124.950 90.000 20 0 4 0 5 1 0 2 0 20012 1 0 2 0 0 1 1 27 0 "C2509" 0 0 0 1000 0 0 0 0 0 0 0 0 0 0 1 0 4.450 0 0 0.000 0.000 0 0 0 0.000 0.000
30 30 139.850 89.000 90.000 3297 0 2 0 2 12 0 8 0 20016 1 0 2 0 0 1 1 28 0 "C300" 0 0 0 1000 0 0 0 0 0 0 0 0 0 0 1 0 1.000 0 0 0.000 0.000 0 0 0 0.000 0.000
31 31 135.800 72.000 -90.000 3288 0 5 0 3 9 0 9 0 20010 2 0 2 0 0 1 1 29 0 "C301" 0 0 0 1000 0 0 0 0 0 0 0 0 0 0 1 0 1.250 0 0 0.000 0.000 0 0 0 0.000 0.000
32 32 135.700 65.450 90.000 3288 0 1 0 7 11 0 10 0 20010 2 0 2 0 0 1 1 30 0 "C305" 0 0 0 1000 0 0 0 0 0 0 0 0 0 0 1 0 1.250 0 0 0.000 0.000 0 0 0 0.000 0.000
33 33 137.650 65.450 90.000 3288 0 1 0 8 10 0 11 0 20010 2 0 2 0 0 1 1 31 0 "C306" 0 0 0 1000 0 0 0 0 0 0 0 0 0 0 1 0 1.250 0 0 0.000 0.000 0 0 0 0.000 0.000
34 34 167.500 81.800 0.000 3288 0 6 0 8 5 0 4 0 20010 2 0 2 0 0 1 1 32 0 "C307" 0 0 0 1000 0 0 0 0 0 0 0 0 0 0 1 0 1.250 0 0 0.000 0.000 0 0 0 0.000 0.000
35 35 132.600 65.450 90.000 3297 0 4 0 4 11 0 8 0 20016 1 0 2 0 0 1 1 33 0 "C309" 0 0 0 1000 0 0 0 0 0 0 0 0 0 0 1 0 1.250 0 0 0.000 0.000 0 0 0 0.000 0.000
36 36 134.000 65.450 90.000 3297 0 7 0 4 13 0 8 0 20016 1 0 2 0 0 1 1 34 0 "C317" 0 0 0 1000 0 0 0 0 0 0 0 0 0 0 1 0 1.250 0 0 0.000 0.000 0 0 0 0.000 0.000
37 37 138.900 72.000 -90.000 3297 0 4 0 1 13 0 16 0 20016 1 0 2 0 0 1 1 35 0 "C331" 0 0 0 1000 0 0 0 0 0 0 0 0 0 0 1 0 1.250 0 0 0.000 0.000 0 0 0 0.000 0.000
38 38 141.400 57.700 180.000 20 0 6 0 3 7 0 4 0 10009 1 0 1 0 0 1 1 36 0 "C351" 0 0 0 1000 0 0 0 0 0 0 0 0 0 0 1 0 4.850 0 0 0.000 0.000 0 0 0 0.000 0.000
39 39 138.450 91.050 180.000 3297 0 8 0 6 9 0 16 0 20016 1 0 2 0 0 1 1 37 0 "C356" 0 0 0 1000 0 0 0 0 0 0 0 0 0 0 1 0 1.000 0 0 0.000 0.000 0 0 0 0.000 0.000
40 40 170.800 81.800 0.000 3288 0 6 0 7 4 0 3 0 20010 2 0 2 0 0 1 1 38 0 "C358" 0 0 0 1000 0 0 0 0 0 0 0 0 0 0 1 0 1.250 0 0 0.000 0.000 0 0 0 0.000 0.000
41 41 146.800 62.050 -90.000 3297 0 7 0 6 12 0 16 0 20016 1 0 2 0 0 1 1 39 0 "C359" 0 0 0 1000 0 0 0 0 0 0 0 0 0 0 1 0 1.250 0 0 0.000 0.000 0 0 0 0.000 0.000
42 42 277.200 60.000 0.000 3288 0 3 0 3 15 0 11 0 20010 2 0 2 0 0 1 1 40 0 "C4104" 0 0 0 1000 0 0 0 0 0 0 0 0 0 0 1 0 1.000 0 0 0.000 0.000 0 0 0 0.000 0.000
43 43 135.000 68.750 90.000 3288 0 1 0 6 12 0 9 0 20010 2 0 2 0 0 1 1 41 0 "C441" 0 0 0 1000 0 0 0 0 0 0 0 0 0 0 1 0 1.250 0 0 0.000 0.000 0 0 0 0.000 0.000
44 44 246.100 85.900 90.000 20 0 5 0 4 5 0 3 0 10009 1 0 1 0 0 1 1 42 0 "C4700" 0 0 0 1000 0 0 0 0 0 0 0 0 0 0 1 0 1.250 0 0 0.000 0.000 0 0 0 0.000 0.000
45 45 248.050 85.900 90.000 20 0 5 0 2 7 0 8 0 10009 1 0 1 0 0 1 1 43 0 "C4701" 0 0 0 1000 0 0 0 0 0 0 0 0 0 0 1 0 1.250 0 0 0.000 0.000 0 0 0 0.000 0.000
46 46 251.950 85.900 90.000 20 0 5 0 5 6 0 4 0 10009 1 0 1 0 0 1 1 44 0 "C4703" 0 0 0 1000 0 0 0 0 0 0 0 0 0 0 1 0 1.250 0 0 0.000 0.000 0 0 0 0.000 0.000
47 47 250.000 85.900 90.000 20 0 6 0 5 3 0 3 0 10009 1 0 1 0 0 1 1 45 0 "C4704" 0 0 0 1000 0 0 0 0 0 0 0 0 0 0 1 0 1.250 0 0 0.000 0.000 0 0 0 0.000 0.000
48 48 271.050 13.300 90.000 2 0 7 0 1 7 0 3 0 20030 2 0 2 0 0 1 1 46 0 "C5316" 0 0 0 1000 0 0 0 0 0 0 0 0 0 0 1 0 4.300 0 0 0.000 0.000 0 0 0 0.000 0.000
49 49 242.100 9.100 180.000 2 0 7 0 3 8 0 5 0 20030 2 0 2 0 0 1 1 47 0 "C5317" 0 0 0 1000 0 0 0 0 0 0 0 0 0 0 1 0 4.300 0 0 0.000 0.000 0 0 0 0.000 0.000
50 50 253.350 33.300 0.000 20 0 5 0 3 2 0 7 0 10009 1 0 1 0 0 1 1 48 0 "C5322" 0 0 0 1000 0 0 0 0 0 0 0 0 0 0 1 0 0.500 0 0 0.000 0.000 0 0 0 0.000 0.000
51 51 271.200 9.250 -90.000 3137 0 7 0 7 11 0 9 0 20011 2 0 2 0 0 1 1 49 0 "C5332" 0 0 0 1000 0 0 0 0 0 0 0 0 0 0 1 0 1.250 0 0 0.000 0.000 0 0 0 0.000 0.000
52 52 235.850 20.700 90.000 3137 0 9 0 6 7 0 1 0 20011 2 0 2 0 0 1 1 50 0 "C5333" 0 0 0 1000 0 0 0 0 0 0 0 0 0 0 1 0 4.300 0 0 0.000 0.000 0 0 0 0.000 0.000
53 53 186.350 111.550 0.000 3288 0 6 0 6 2 0 2 0 20010 2 0 2 0 0 1 1 51 0 "C6522" 0 0 0 1000 0 0 0 0 0 0 0 0 0 0 1 0 0.500 0 0 0.000 0.000 0 0 0 0.000 0.000
54 54 265.900 93.400 180.000 3137 0 3 0 3 11 0 13 0 20011 2 0 2 0 0 1 1 52 0 "C7009" 0 0 0 1000 0 0 0 0 0 0 0 0 0 0 1 0 4.400 0 0 0.000 0.000 0 0 0 0.000 0.000
55 55 279.600 92.800 90.000 3137 0 9 0 9 1 0 4 0 20011 2 0 2 0 0 1 1 53 0 "C7016" 0 0 0 1000 0 0 0 0 0 0 0 0 0 0 1 0 5.500 0 0 0.000 0.000 0 0 0 0.000 0.000
56 56 277.800 86.150 90.000 3276 0 8 0 1 2 0 5 0 10025 0 0 1 0 0 1 1 54 0 "C7019" 0 0 0 1000 0 0 0 0 0 0 0 0 0 0 1 0 4.400 0 0 0.000 0.000 0 0 0 0.000 0.000
57 57 196.750 69.250 90.000 1568 0 6 0 4 7 0 12 0 20024 1 0 2 0 0 1 1 55 0 "C8008" 0 0 0 1000 0 0 0 0 0 0 0 0 0 0 1 0 1.250 0 0 0.000 0.000 0 0 0 0.000 0.000
58 58 208.750 82.250 90.000 1568 0 6 0 3 6 0 11 0 20024 1 0 2 0 0 1 1 56 0 "C8011" 0 0 0 1000 0 0 0 0 0 0 0 0 0 0 1 0 3.800 0 0 0.000 0.000 0 0 0 0.000 0.000
59 59 210.950 82.250 90.000 3137 0 4 0 6 12 0 9 0 20011 2 0 2 0 0 1 1 57 0 "C8013" 0 0 0 1000 0 0 0 0 0 0 0 0 0 0 1 0 3.800 0 0 0.000 0.000 0 0 0 0.000 0.000
60 60 198.950 46.350 180.000 20 0 3 0 6 2 0 4 0 10009 1 0 1 0 0 1 1 58 0 "C8014" 0 0 0 1000 0 0 0 0 0 0 0 0 0 0 1 0 3.850 0 0 0.000 0.000 0 0 0 0.000 0.000
61 61 198.950 44.400 180.000 20 0 3 0 3 4 0 8 0 10009 1 0 1 0 0 1 1 59 0 "C8015" 0 0 0 1000 0 0 0 0 0 0 0 0 0 0 1 0 3.850 0 0 0.000 0.000 0 0 0 0.000 0.000
62 62 213.100 47.750 0.000 3137 0 9 0 8 10 0 3 0 20011 2 0 2 0 0 1 1 60 0 "C8023" 0 0 0 1000 0 0 0 0 0 0 0 0 0 0 1 0 2.100 0 0 0.000 0.000 0 0 0 0.000 0.000
63 63 208.850 31.050 90.000 3137 0 9 0 7 8 0 2 0 20011 2 0 2 0 0 1 1 61 0 "C8025" 0 0 0 1000 0 0 0 0 0 0 0 0 0 0 1 0 2.300 0 0 0.000 0.000 0 0 0 0.000 0.000
64 64 230.100 37.300 0.000 3137 0 6 0 5 11 0 1 0 20011 2 0 2 0 0 1 1 62 0 "C8041" 0 0 0 1000 0 0 0 0 0 0 0 0 0 0 1 0 5.000 0 0 0.000 0.000 0 0 0 0.000 0.000
65 65 194.950 29.850 45.000 3137 0 6 0 8 8 0 6 0 20011 2 0 2 0 0 1 1 63 0 "C8043" 0 0 0 1000 0 0 0 0 0 0 0 0 0 0 1 0 1.250 0 0 0.000 0.000 0 0 0 0.000 0.000
66 66 198.150 66.150 180.000 1568 0 6 0 1 12 0 9 0 20024 1 0 2 0 0 1 1 64 0 "C8044" 0 0 0 1000 0 0 0 0 0 0 0 0 0 0 1 0 3.800 0 0 0.000 0.000 0 0 0 0.000 0.000
67 67 226.600 73.350 -90.000 2535 0 9 0 8 4 0 2 0 10024 0 0 1 0 0 1 1 65 0 "C8046" 0 0 0 1000 0 0 0 0 0 0 0 0 0 0 1 0 3.800 0 0 0.000 0.000 0 0 0 0.000 0.000
68 68 213.950 79.800 0.000 3137 0 8 0 7 12 0 5 0 20011 2 0 2 0 0 1 1 66 0 "C8057" 0 0 0 1000 0 0 0 0 0 0 0 0 0 0 1 0 3.800 0 0 0.000 0.000 0 0 0 0.000 0.000
69 69 196.750 62.000 180.000 1568 0 9 0 2 9 0 11 0 20024 1 0 2 0 0 1 1 67 0 "C8059" 0 0 0 1000 0 0 0 0 0 0 0 0 0 0 1 0 3.800 0 0 0.000 0.000 0 0 0 0.000 0.000
70 70 195.500 65.700 90.000 1568 0 5 0 1 15 0 14 0 20024 1 0 2 0 0 1 1 68 0 "C8060" 0 0 0 1000 0 0 0 0 0 0 0 0 0 0 1 0 3.800 0 0 0.000 0.000 0 0 0 0.000 0.000
71 71 193.400 31.400 45.000 3137 0 6 0 7 10 0 5 0 20011 2 0 2 0 0 1 1 69 0 "C8063" 0 0 0 1000 0 0 0 0 0 0 0 0 0 0 1 0 1.250 0 0 0.000 0.000 0 0 0 0.000 0.000
72 72 191.850 32.950 45.000 3137 0 1 0 5 5 0 5 0 20011 2 0 2 0 0 1 1 70 0 "C8070" 0 0 0 1000 0 0 0 0 0 0 0 0 0 0 1 0 1.250 0 0 0.000 0.000 0 0 0 0.000 0.000
73 73 196.750 58.100 180.000 3137 0 1 0 8 6 0 13 0 20011 2 0 2 0 0 1 1 71 0 "C8082" 0 0 0 1000 0 0 0 0 0 0 0 0 0 0 1 0 3.800 0 0 0.000 0.000 0 0 0 0.000 0.000
74 74 211.450 68.650 180.000 3137 0 9 0 10 3 0 13 0 20011 2 0 2 0 0 1 1 72 0 "C8090" 0 0 0 1000 0 0 0 0 0 0 0 0 0 0 1 0 0.000 0 0 0.000 0.000 0 0 0 0.000 0.000
75 75 230.100 39.500 0.000 1568 0 6 0 2 9 0 10 0 20024 1 0 2 0 0 1 1 73 0 "C8091" 0 0 0 1000 0 0 0 0 0 0 0 0 0 0 1 0 5.000 0 0 0.000 0.000 0 0 0 0.000 0.000
76 76 148.750 21.200 0.000 20 0 3 0 4 5 0 7 0 10009 1 0 1 0 0 1 1 74 0 "C8134" 0 0 0 1000 0 0 0 0 0 0 0 0 0 0 1 0 1.600 0 0 0.000 0.000 0 0 0 0.000 0.000
77 77 163.250 20.600 -90.000 20 0 9 0 1 5 0 7 0 10021 1 0 1 0 0 1 1 75 0 "C8137" 0 0 0 1000 0 0 0 0 0 0 0 0 0 0 1 0 0.450 0 0 0.000 0.000 0 0 0 0.000 0.000
78 78 31.100 92.850 180.000 20 0 9 0 2 8 0 8 0 10021 1 0 1 0 0 1 1 76 0 "C902" 0 0 0 1000 0 0 0 0 0 0 0 0 0 0 1 0 1.150 0 0 0.000 0.000 0 0 0 0.000 0.000
79 79 281.600 98.800 0.000 20 0 3 0 3 13 0 14 0 20012 1 0 2 0 0 1 1 77 0 "C9703" 0 0 0 1000 0 0 0 0 0 0 0 0 0 0 1 0 3.000 0 0 0.000 0.000 0 0 0 0.000 0.000
80 80 95.700 65.900 180.000 1 0 8 0 1 3 0 9 0 20029 2 0 2 0 0 1 1 78 0 "C9900" 0 0 0 1000 0 0 0 0 0 0 0 0 0 0 1 0 3.000 0 0 0.000 0.000 0 0 0 0.000 0.000
81 81 184.150 120.500 0.000 1 0 9 0 1 11 0 10 0 20029 2 0 2 0 0 1 1 79 0 "C9901" 0 0 0 1000 0 0 0 0 0 0 0 0 0 0 1 0 3.000 0 0 0.000 0.000 0 0 0 0.000 0.000
82 82 195.700 55.800 0.000 1 0 7 0 1 14 0 1 0 20029 2 0 2 0 0 1 1 80 0 "C9902" 0 0 0 1000 0 0 0 0 0 0 0 0 0 0 1 0 3.800 0 0 0.000 0.000 0 0 0 0.000 0.000
83 83 104.200 99.350 0.000 1 0 8 0 2 4 0 10 0 20029 2 0 2 0 0 1 1 81 0 "C9903" 0 0 0 1000 0 0 0 0 0 0 0 0 0 0 1 0 3.000 0 0 0.000 0.000 0 0 0 0.000 0.000
84 84 185.000 89.400 180.000 1 0 8 0 4 10 0 13 0 20029 2 0 2 0 0 1 1 82 0 "C9904" 0 0 0 1000 0 0 0 0 0 0 0 0 0 0 1 0 3.000 0 0 0.000 0.000 0 0 0 0.000 0.000
85 85 103.450 120.250 0.000 3110 0 1 0 1 14 0 4 0 20026 1 0 2 0 0 1 1 83 0 "D3300" 0 0 0 1000 0 0 0 0 0 0 0 0 0 0 1 0 1.000 0 0 0.000 0.000 0 0 0 0.000 0.000
86 86 126.850 117.950 -90.000 3110 0 6 0 2 1 0 14 0 20026 1 0 2 0 0 1 1 84 0 "D3301" 0 0 0 1000 0 0 0 0 0 0 0 0 0 0 1 0 0.000 0 0 0.000 0.000 0 0 0 0.000 0.000
87 87 162.350 119.250 0.000 3110 0 6 0 1 3 0 13 0 20026 1 0 2 0 0 1 1 85 0 "D3302" 0 0 0 1000 0 0 0 0 0 0 0 0 0 0 1 0 1.000 0 0 0.000 0.000 0 0 0 0.000 0.000
88 88 277.600 96.350 90.000 2413 0 8 0 10 14 0 2 0 20006 1 0 2 0 0 1 1 86 0 "D7001" 0 0 0 1000 0 0 0 0 0 0 0 0 0 0 1 0 2.200 0 0 0.000 0.000 0 0 0 0.000 0.000
89 89 272.400 109.800 180.000 3112 0 4 0 4 3 0 1 0 10014 0 0 1 0 0 1 1 87 0 "D7002" 0 0 0 1000 0 0 0 0 0 0 0 0 0 0 1 0 0.550 0 0 0.000 0.000 0 0 0 0.000 0.000
90 90 274.700 91.900 180.000 3112 0 4 0 3 4 0 5 0 10014 0 0 1 0 0 1 1 88 0 "D7003" 0 0 0 1000 0 0 0 0 0 0 0 0 0 0 1 0 5.500 0 0 0.000 0.000 0 0 0 0.000 0.000
91 91 272.300 122.400 90.000 3131 0 2 0 4 2 0 2 0 10016 0 0 1 0 0 1 1 89 0 "D7004" 0 0 0 1000 0 0 0 0 0 0 0 0 0 0 1 0 0.550 0 0 0.000 0.000 0 0 0 0.000 0.000
92 92 208.600 77.050 90.000 3245 0 2 0 2 3 0 5 0 10007 0 0 1 0 0 1 1 90 0 "D8002" 0 0 0 1000 0 0 0 0 0 0 0 0 0 0 1 0 3.800 0 0 0.000 0.000 0 0 0 0.000 0.000
93 93 220.350 66.600 180.000 3245 0 6 0 6 2 0 5 0 10007 0 0 1 0 0 1 1 91 0 "D8003" 0 0 0 1000 0 0 0 0 0 0 0 0 0 0 1 0 6.450 0 0 0.000 0.000 0 0 0 0.000 0.000
94 94 209.450 43.800 -90.000 3245 0 6 0 4 1 0 1 0 10007 0 0 1 0 0 1 1 92 0 "D8004" 0 0 0 1000 0 0 0 0 0 0 0 0 0 0 1 0 3.850 0 0 0.000 0.000 0 0 0 0.000 0.000
95 95 215.600 29.000 0.000 3290 0 8 0 3 3 0 2 0 10030 0 0 1 0 0 1 1 93 0 "D8005" 0 0 0 1000 0 0 0 0 0 0 0 0 0 0 1 0 5.000 0 0 0.000 0.000 0 0 0 0.000 0.000
96 96 182.100 33.000 0.000 3133 0 10 0 1 1 0 1 0 10012 0 0 1 0 0 1 1 94 0 "IC102" 0 0 0 1000 0 0 0 0 0 0 0 0 0 0 1 0 0.000 0 0 0.000 0.000 0 0 0 0.000 0.000
97 97 34.800 77.850 0.000 3224 0 2 0 2 8 0 5 0 20014 2 0 2 0 0 1 1 95 0 "IC1300" 0 0 0 1000 0 0 0 0 0 0 0 0 0 0 1 0 0.000 0 0 0.000 0.000 0 0 0 0.000 0.000
98 98 110.000 73.050 0.000 3278 0 3 0 4 3 0 7 0 20004 2 0 2 0 0 1 1 96 0 "IC1500" 0 0 0 1000 0 0 0 0 0 0 0 0 0 0 1 0 4.450 0 0 0.000 0.000 0 0 0 0.000 0.000
99 99 95.550 74.200 -90.000 2540 0 7 0 2 4 0 1 0 10019 0 0 1 0 0 1 1 97 0 "IC1601" 0 0 0 1000 0 0 0 0 0 0 0 0 0 0 1 0 1.250 0 0 0.000 0.000 0 0 0 0.000 0.000
100 100 55.650 128.950 0.000 3278 0 5 0 9 2 0 15 0 20004 2 0 2 0 0 1 1 98 0 "IC1700" 0 0 0 1000 0 0 0 0 0 0 0 0 0 0 1 0 4.300 0 0 0.000 0.000 0 0 0 0.000 0.000
101 101 180.300 45.750 180.000 2428 0 1 0 2 1 0 1 0 10029 0 0 1 0 0 1 1 99 0 "IC1800" 0 0 0 1000 0 0 0 0 0 0 0 0 0 0 1 0 1.250 0 0 0.000 0.000 0 0 0 0.000 0.000
102 102 76.850 78.900 0.000 2489 0 1 0 2 15 0 2 0 20020 2 0 2 0 0 1 1 100 0 "IC2100" 0 0 0 1000 0 0 0 0 0 0 0 0 0 0 1 0 4.300 0 0 0.000 0.000 0 0 0 0.000 0.000
103 103 135.000 45.800 90.000 3273 0 3 0 7 1 0 1 0 10005 0 0 1 0 0 1 1 101 0 "IC2300" 0 0 0 1000 0 0 0 0 0 0 0 0 0 0 1 0 4.850 0 0 0.000 0.000 0 0 0 0.000 0.000
104 104 38.750 129.500 180.000 3278 0 5 0 8 3 0 7 0 20004 2 0 2 0 0 1 1 102 0 "IC2500" 0 0 0 1000 0 0 0 0 0 0 0 0 0 0 1 0 4.450 0 0 0.000 0.000 0 0 0 0.000 0.000
105 105 250.700 81.400 90.000 3256 0 2 0 3 15 0 9 0 20009 2 0 2 0 0 1 1 103 0 "IC4700" 0 0 0 1000 0 0 0 0 0 0 0 0 0 0 1 0 1.250 0 0 0.000 0.000 0 0 0 0.000 0.000
106 106 252.550 24.500 180.000 3293 0 9 0 7 1 0 1 0 10023 0 0 1 0 0 1 1 104 0 "IC5300" 0 0 0 1000 0 0 0 0 0 0 0 0 0 0 1 0 0.000 0 0 0.000 0.000 0 0 0 0.000 0.000
107 107 272.350 97.500 180.000 2598 0 1 0 1 2 0 5 0 10027 0 0 1 0 0 1 1 105 0 "IC7001" 0 0 0 1000 0 0 0 0 0 0 0 0 0 0 1 0 2.200 0 0 0.000 0.000 0 0 0 0.000 0.000
108 108 270.900 78.600 0.000 3302 0 3 0 8 8 0 5 0 10004 0 0 1 0 0 1 1 106 0 "IC7100" 0 0 0 1000 0 0 0 0 0 0 0 0 0 0 1 0 5.500 0 0 0.000 0.000 0 0 0 0.000 0.000
109 109 154.900 22.050 -90.000 2540 0 7 0 1 3 0 5 0 10019 0 0 1 0 0 1 1 107 0 "IC8101" 0 0 0 1000 0 0 0 0 0 0 0 0 0 0 1 0 1.250 0 0 0.000 0.000 0 0 0 0.000 0.000
110 110 26.850 90.850 0.000 2211 0 8 0 9 1 0 1 0 20005 2 0 2 0 0 1 1 108 0 "IC901" 0 0 0 1000 0 0 0 0 0 0 0 0 0 0 1 0 1.250 0 0 0.000 0.000 0 0 0 0.000 0.000
111 111 285.450 101.600 -90.000 2107 0 9 0 6 3 0 5 0 10022 0 0 1 0 0 1 1 109 0 "IC9701" 0 0 0 1000 0 0 0 0 0 0 0 0 0 0 1 0 1.250 0 0 0.000 0.000 0 0 0 0.000 0.000
112 112 231.700 31.900 -90.000 3292 0 1 0 4 4 0 1 0 20014 1 0 2 0 0 1 1 110 0 "L1102" 0 0 0 1000 0 0 0 0 0 0 0 0 0 0 1 0 1.250 0 0 0.000 0.000 0 0 0 0.000 0.000
113 113 229.700 31.900 -90.000 3292 0 9 0 4 4 0 14 0 20014 1 0 2 0 0 1 1 111 0 "L1103" 0 0 0 1000 0 0 0 0 0 0 0 0 0 0 1 0 5.000 0 0 0.000 0.000 0 0 0 0.000 0.000
114 114 117.300 71.700 0.000 3266 0 5 0 1 8 0 6 0 10010 0 0 1 0 0 1 1 112 0 "L1500" 0 0 0 1000 0 0 0 0 0 0 0 0 0 0 1 0 1.250 0 0 0.000 0.000 0 0 0 0.000 0.000
115 115 61.450 125.900 -90.000 3237 0 3 0 2 7 0 6 0 10011 0 0 1 0 0 1 1 113 0 "L1700" 0 0 0 1000 0 0 0 0 0 0 0 0 0 0 1 0 1.250 0 0 0.000 0.000 0 0 0 0.000 0.000
116 116 55.750 120.050 180.000 3292 0 2 0 1 3 0 3 0 20014 1 0 2 0 0 1 1 114 0 "L1701" 0 0 0 1000 0 0 0 0 0 0 0 0 0 0 1 0 4.300 0 0 0.000 0.000 0 0 0 0.000 0.000
117 117 55.750 118.100 180.000 3292 0 2 0 2 4 0 4 0 20014 1 0 2 0 0 1 1 115 0 "L1702" 0 0 0 1000 0 0 0 0 0 0 0 0 0 0 1 0 1.250 0 0 0.000 0.000 0 0 0 0.000 0.000
118 118 83.350 82.900 0.000 3237 0 3 0 1 6 0 2 0 10011 0 0 1 0 0 1 1 116 0 "L2100" 0 0 0 1000 0 0 0 0 0 0 0 0 0 0 1 0 1.250 0 0 0.000 0.000 0 0 0 0.000 0.000
119 119 71.850 83.900 0.000 3292 0 4 0 4 5 0 4 0 20014 1 0 2 0 0 1 1 117 0 "L2101" 0 0 0 1000 0 0 0 0 0 0 0 0 0 0 1 0 1.250 0 0 0.000 0.000 0 0 0 0.000 0.000
120 120 71.850 85.850 0.000 3292 0 4 0 3 4 0 3 0 20014 1 0 2 0 0 1 1 118 0 "L2102" 0 0 0 1000 0 0 0 0 0 0 0 0 0 0 1 0 1.250 0 0 0.000 0.000 0 0 0 0.000 0.000
121 121 133.100 53.300 90.000 3132 0 6 0 1 5 0 6 0 10015 0 0 1 0 0 1 1 119 0 "L2300" 0 0 0 1000 0 0 0 0 0 0 0 0 0 0 1 0 1.250 0 0 0.000 0.000 0 0 0 0.000 0.000
122 122 143.050 43.550 -90.000 3292 0 4 0 1 14 0 12 0 20014 1 0 2 0 0 1 1 120 0 "L2301" 0 0 0 1000 0 0 0 0 0 0 0 0 0 0 1 0 1.250 0 0 0.000 0.000 0 0 0 0.000 0.000
123 123 128.750 46.750 -90.000 3292 0 4 0 2 15 0 11 0 20014 1 0 2 0 0 1 1 121 0 "L2302" 0 0 0 1000 0 0 0 0 0 0 0 0 0 0 1 0 4.850 0 0 0.000 0.000 0 0 0 0.000 0.000
124 124 38.500 122.750 0.000 3238 0 6 0 2 8 0 2 0 10013 0 0 1 0 0 1 1 122 0 "L2501" 0 0 0 1000 0 0 0 0 0 0 0 0 0 0 1 0 1.250 0 0 0.000 0.000 0 0 0 0.000 0.000
125 125 134.250 88.350 0.000 3291 0 2 0 5 13 0 16 0 20012 2 0 2 0 0 1 1 123 0 "L311" 0 0 0 1000 0 0 0 0 0 0 0 0 0 0 1 0 1.000 0 0 0.000 0.000 0 0 0 0.000 0.000
126 126 142.250 55.600 90.000 3291 0 5 0 6 13 0 8 0 20012 2 0 2 0 0 1 1 124 0 "L313" 0 0 0 1000 0 0 0 0 0 0 0 0 0 0 1 0 1.250 0 0 0.000 0.000 0 0 0 0.000 0.000
127 127 133.900 116.200 0.000 3116 0 3 0 5 2 0 3 0 20002 2 0 2 0 0 1 1 125 0 "L3300" 0 0 0 1000 0 0 0 0 0 0 0 0 0 0 1 0 1.250 0 0 0.000 0.000 0 0 0 0.000 0.000
128 128 133.900 118.150 180.000 3116 0 5 0 7 1 0 3 0 20002 2 0 2 0 0 1 1 126 0 "L3301" 0 0 0 1000 0 0 0 0 0 0 0 0 0 0 1 0 1.250 0 0 0.000 0.000 0 0 0 0.000 0.000
129 129 252.500 35.200 -90.000 3291 0 8 0 7 15 0 7 0 20012 2 0 2 0 0 1 1 127 0 "L5300" 0 0 0 1000 0 0 0 0 0 0 0 0 0 0 1 0 1.250 0 0 0.000 0.000 0 0 0 0.000 0.000
130 130 278.750 20.200 -90.000 3118 0 4 0 8 2 0 6 0 10020 0 0 1 0 0 1 1 128 0 "L5301" 0 0 0 1000 0 0 0 0 0 0 0 0 0 0 1 0 4.300 0 0 0.000 0.000 0 0 0 0.000 0.000
131 131 269.200 20.600 0.000 3118 0 9 0 5 2 0 6 0 10020 0 0 1 0 0 1 1 129 0 "L5302" 0 0 0 1000 0 0 0 0 0 0 0 0 0 0 1 0 4.300 0 0 0.000 0.000 0 0 0 0.000 0.000
132 132 245.000 14.250 -90.000 3118 0 4 0 7 1 0 2 0 10020 0 0 1 0 0 1 1 130 0 "L5303" 0 0 0 1000 0 0 0 0 0 0 0 0 0 0 1 0 4.300 0 0 0.000 0.000 0 0 0 0.000 0.000
133 133 237.800 14.250 -90.000 3118 0 7 0 3 1 0 2 0 10020 0 0 1 0 0 1 1 131 0 "L5304" 0 0 0 1000 0 0 0 0 0 0 0 0 0 0 1 0 4.300 0 0 0.000 0.000 0 0 0 0.000 0.000
134 134 236.550 6.900 -90.000 3292 0 9 0 5 6 0 5 0 20014 1 0 2 0 0 1 1 132 0 "L5305" 0 0 0 1000 0 0 0 0 0 0 0 0 0 0 1 0 4.300 0 0 0.000 0.000 0 0 0 0.000 0.000
135 135 238.500 6.900 -90.000 3292 0 9 0 6 5 0 6 0 20014 1 0 2 0 0 1 1 133 0 "L5306" 0 0 0 1000 0 0 0 0 0 0 0 0 0 0 1 0 4.300 0 0 0.000 0.000 0 0 0 0.000 0.000
136 136 267.900 12.250 180.000 3292 0 7 0 5 9 0 11 0 20014 1 0 2 0 0 1 1 134 0 "L5307" 0 0 0 1000 0 0 0 0 0 0 0 0 0 0 1 0 1.250 0 0 0.000 0.000 0 0 0 0.000 0.000
137 137 267.150 15.300 90.000 3292 0 7 0 4 6 0 4 0 20014 1 0 2 0 0 1 1 135 0 "L5308" 0 0 0 1000 0 0 0 0 0 0 0 0 0 0 1 0 4.300 0 0 0.000 0.000 0 0 0 0.000 0.000
138 138 246.700 8.800 0.000 3292 0 8 0 6 16 0 12 0 20014 1 0 2 0 0 1 1 136 0 "L5309" 0 0 0 1000 0 0 0 0 0 0 0 0 0 0 1 0 4.300 0 0 0.000 0.000 0 0 0 0.000 0.000
139 139 246.700 6.350 0.000 3292 0 7 0 6 10 0 12 0 20014 1 0 2 0 0 1 1 137 0 "L5310" 0 0 0 1000 0 0 0 0 0 0 0 0 0 0 1 0 1.250 0 0 0.000 0.000 0 0 0 0.000 0.000
140 140 178.600 74.350 -90.000 3291 0 2 0 4 14 0 15 0 20012 2 0 2 0 0 1 1 138 0 "L600" 0 0 0 1000 0 0 0 0 0 0 0 0 0 0 1 0 0.500 0 0 0.000 0.000 0 0 0 0.000 0.000
141 141 183.200 76.050 180.000 3291 0 8 0 8 13 0 8 0 20012 2 0 2 0 0 1 1 139 0 "L601" 0 0 0 1000 0 0 0 0 0 0 0 0 0 0 1 0 0.500 0 0 0.000 0.000 0 0 0 0.000 0.000
142 142 182.100 108.900 0.000 3291 0 3 0 3 9 0 15 0 20012 2 0 2 0 0 1 1 140 0 "L6506" 0 0 0 1000 0 0 0 0 0 0 0 0 0 0 1 0 1.250 0 0 0.000 0.000 0 0 0 0.000 0.000
143 143 270.200 87.100 180.000 3239 0 5 0 8 3 0 2 0 10001 0 0 1 0 0 1 1 141 0 "L7000" 0 0 0 1000 0 0 0 0 0 0 0 0 0 0 1 0 5.500 0 0 0.000 0.000 0 0 0 0.000 0.000
144 144 204.050 76.850 90.000 3114 0 2 0 1 4 0 1 0 10003 0 0 1 0 0 1 1 142 0 "L8001" 0 0 0 1000 0 0 0 0 0 0 0 0 0 0 1 0 2.100 0 0 0.000 0.000 0 0 0 0.000 0.000
145 145 204.250 44.750 180.000 3236 0 8 0 2 1 0 1 0 10026 0 0 1 0 0 1 1 143 0 "L8002" 0 0 0 1000 0 0 0 0 0 0 0 0 0 0 1 0 2.300 0 0 0.000 0.000 0 0 0 0.000 0.000
146 146 219.450 73.150 90.000 3114 0 5 0 6 4 0 5 0 10003 0 0 1 0 0 1 1 144 0 "L8004" 0 0 0 1000 0 0 0 0 0 0 0 0 0 0 1 0 6.450 0 0 0.000 0.000 0 0 0 0.000 0.000
147 147 202.050 59.350 180.000 3114 0 5 0 7 1 0 1 0 10003 0 0 1 0 0 1 1 145 0 "L8005" 0 0 0 1000 0 0 0 0 0 0 0 0 0 0 1 0 3.000 0 0 0.000 0.000 0 0 0 0.000 0.000
148 148 223.800 36.400 0.000 3327 0 7 0 4 2 0 6 0 10028 0 0 1 0 0 1 1 146 0 "L8007" 0 0 0 1000 0 0 0 0 0 0 0 0 0 0 1 0 2.300 0 0 0.000 0.000 0 0 0 0.000 0.000
149 149 290.000 82.850 -90.000 2286 0 1 0 1 1 0 8 0 20028 1 0 2 0 0 1 1 147 0 "LD9700" 0 0 0 1000 0 0 0 0 0 0 0 0 0 0 1 0 0.000 0 0 0.000 0.000 0 0 0 0.000 0.000
150 150 154.000 42.600 -90.000 2185 0 2 0 6 7 0 8 0 10018 0 0 1 0 0 1 1 148 0 "M701" 0 0 0 1000 0 0 0 0 0 0 0 0 0 0 1 0 0.000 0 0 0.000 0.000 0 0 0 0.000 0.000
151 151 148.950 111.450 -90.000 2185 0 4 0 5 6 0 4 0 10018 0 0 1 0 0 1 1 149 0 "M702" 0 0 0 1000 0 0 0 0 0 0 0 0 0 0 1 0 0.000 0 0 0.000 0.000 0 0 0 0.000 0.000
152 152 115.750 117.150 -90.000 2185 0 4 0 1 7 0 7 0 10018 0 0 1 0 0 1 1 150 0 "M703" 0 0 0 1000 0 0 0 0 0 0 0 0 0 0 1 0 1.000 0 0 0.000 0.000 0 0 0 0.000 0.000
153 153 184.150 117.600 0.000 2185 0 2 0 3 5 0 3 0 10018 0 0 1 0 0 1 1 151 0 "M704" 0 0 0 1000 0 0 0 0 0 0 0 0 0 0 1 0 1.600 0 0 0.000 0.000 0 0 0 0.000 0.000
154 154 195.000 52.900 180.000 2185 0 4 0 6 5 0 3 0 10018 0 0 1 0 0 1 1 152 0 "M705" 0 0 0 1000 0 0 0 0 0 0 0 0 0 0 1 0 3.800 0 0 0.000 0.000 0 0 0 0.000 0.000
155 155 107.200 96.300 0.000 2185 0 4 0 2 8 0 8 0 10018 0 0 1 0 0 1 1 153 0 "M706" 0 0 0 1000 0 0 0 0 0 0 0 0 0 0 1 0 1.600 0 0 0.000 0.000 0 0 0 0.000 0.000
156 156 95.700 62.900 0.000 2185 0 2 0 5 8 0 4 0 10018 0 0 1 0 0 1 1 154 0 "M707" 0 0 0 1000 0 0 0 0 0 0 0 0 0 0 1 0 1.600 0 0 0.000 0.000 0 0 0 0.000 0.000
157 157 183.000 92.300 0.000 2185 0 2 0 7 6 0 7 0 10018 0 0 1 0 0 1 1 155 0 "M708" 0 0 0 1000 0 0 0 0 0 0 0 0 0 0 1 0 1.600 0 0 0.000 0.000 0 0 0 0.000 0.000
158 158 46.700 75.400 0.000 3111 0 3 0 1 1 0 4 0 20019 1 0 2 0 0 1 1 156 0 "Q1000" 0 0 0 1000 0 0 0 0 0 0 0 0 0 0 1 0 1.000 0 0 0.000 0.000 0 0 0 0.000 0.000
159 159 46.050 79.150 -90.000 3123 0 2 0 2 10 0 6 0 20015 1 0 2 0 0 1 1 157 0 "Q101" 0 0 0 1000 0 0 0 0 0 0 0 0 0 0 1 0 1.000 0 0 0.000 0.000 0 0 0 0.000 0.000
160 160 72.800 120.150 -90.000 3123 0 4 0 2 6 0 13 0 20015 1 0 2 0 0 1 1 158 0 "Q1400" 0 0 0 1000 0 0 0 0 0 0 0 0 0 0 1 0 1.250 0 0 0.000 0.000 0 0 0 0.000 0.000
161 161 69.450 123.550 -90.000 1803 0 5 0 9 4 0 13 0 20003 2 0 2 0 0 1 1 159 0 "Q1401" 0 0 0 1000 0 0 0 0 0 0 0 0 0 0 1 0 4.300 0 0 0.000 0.000 0 0 0 0.000 0.000
162 162 65.250 79.850 180.000 3295 0 8 0 3 2 0 11 0 20030 1 0 2 0 0 1 1 160 0 "Q2100" 0 0 0 1000 0 0 0 0 0 0 0 0 0 0 1 0 0.000 0 0 0.000 0.000 0 0 0 0.000 0.000
163 163 139.000 34.950 0.000 3295 0 7 0 2 15 0 2 0 20030 1 0 2 0 0 1 1 161 0 "Q2300" 0 0 0 1000 0 0 0 0 0 0 0 0 0 0 1 0 1.250 0 0 0.000 0.000 0 0 0 0.000 0.000
164 164 131.850 34.350 -90.000 3295 0 8 0 5 11 0 14 0 20030 1 0 2 0 0 1 1 162 0 "Q2301" 0 0 0 1000 0 0 0 0 0 0 0 0 0 0 1 0 0.450 0 0 0.000 0.000 0 0 0 0.000 0.000
165 165 109.750 121.100 90.000 3123 0 4 0 3 7 0 5 0 20015 1 0 2 0 0 1 1 163 0 "Q3302" 0 0 0 1000 0 0 0 0 0 0 0 0 0 0 1 0 3.000 0 0 0.000 0.000 0 0 0 0.000 0.000
166 166 167.700 119.050 -90.000 3123 0 4 0 4 16 0 6 0 20015 1 0 2 0 0 1 1 164 0 "Q3303" 0 0 0 1000 0 0 0 0 0 0 0 0 0 0 1 0 1.000 0 0 0.000 0.000 0 0 0 0.000 0.000
167 167 141.750 116.050 0.000 3123 0 4 0 1 10 0 14 0 20015 1 0 2 0 0 1 1 165 0 "Q3305" 0 0 0 1000 0 0 0 0 0 0 0 0 0 0 1 0 0.000 0 0 0.000 0.000 0 0 0 0.000 0.000
168 168 279.100 64.500 90.000 3123 0 7 0 4 4 0 6 0 20015 1 0 2 0 0 1 1 166 0 "Q4100" 0 0 0 1000 0 0 0 0 0 0 0 0 0 0 1 0 1.250 0 0 0.000 0.000 0 0 0 0.000 0.000
169 169 275.450 62.950 90.000 1803 0 3 0 4 12 0 5 0 20003 2 0 2 0 0 1 1 167 0 "Q4101" 0 0 0 1000 0 0 0 0 0 0 0 0 0 0 1 0 1.250 0 0 0.000 0.000 0 0 0 0.000 0.000
170 170 241.400 45.200 90.000 3123 0 7 0 6 5 0 14 0 20015 1 0 2 0 0 1 1 168 0 "Q5300" 0 0 0 1000 0 0 0 0 0 0 0 0 0 0 1 0 0.000 0 0 0.000 0.000 0 0 0 0.000 0.000
171 171 199.850 99.400 90.000 3111 0 3 0 2 8 0 12 0 20019 1 0 2 0 0 1 1 169 0 "Q6502" 0 0 0 1000 0 0 0 0 0 0 0 0 0 0 1 0 0.000 0 0 0.000 0.000 0 0 0 0.000 0.000
172 172 200.000 30.350 0.000 1803 0 5 0 8 14 0 5 0 20003 2 0 2 0 0 1 1 170 0 "Q8003" 0 0 0 1000 0 0 0 0 0 0 0 0 0 0 1 0 1.250 0 0 0.000 0.000 0 0 0 0.000 0.000
173 173 186.850 51.900 90.000 2282 0 3 0 4 4 0 2 0 20002 1 0 2 0 0 1 1 171 0 "Q801" 0 0 0 1000 0 0 0 0 0 0 0 0 0 0 1 0 1.600 0 0 0.000 0.000 0 0 0 0.000 0.000
174 174 213.300 36.400 0.000 3296 0 2 0 8 1 0 6 0 10017 0 0 1 0 0 1 1 172 0 "Q8011" 0 0 0 1000 0 0 0 0 0 0 0 0 0 0 1 0 5.000 0 0 0.000 0.000 0 0 0 0.000 0.000
175 175 279.600 78.450 -90.000 3123 0 7 0 5 3 0 13 0 20015 1 0 2 0 0 1 1 173 0 "Q9700" 0 0 0 1000 0 0 0 0 0 0 0 0 0 0 1 0 5.500 0 0 0.000 0.000 0 0 0 0.000 0.000
176 176 60.150 131.250 180.000 2609 0 2 0 2 1 0 2 0 20013 1 0 2 0 0 1 1 174 0 "R1707" 0 0 0 1000 0 0 0 0 0 0 0 0 0 0 1 0 4.300 0 0 0.000 0.000 0 0 0 0.000 0.000
177 177 82.850 78.550 180.000 2609 0 2 0 1 9 0 1 0 20013 1 0 2 0 0 1 1 175 0 "R2100" 0 0 0 1000 0 0 0 0 0 0 0 0 0 0 1 0 4.300 0 0 0.000 0.000 0 0 0 0.000 0.000
178 178 134.200 36.900 -90.000 3267 0 1 0 10 8 0 15 0 20001 2 0 2 0 0 1 1 176 0 "R2390" 0 0 0 1000 0 0 0 0 0 0 0 0 0 0 1 0 1.250 0 0 0.000 0.000 0 0 0 0.000 0.000
179 179 272.900 114.300 -90.000 2408 0 3 0 3 10 0 10 0 20010 1 0 2 0 0 1 1 177 0 "R7008" 0 0 0 1000 0 0 0 0 0 0 0 0 0 0 1 0 2.450 0 0 0.000 0.000 0 0 0 0.000 0.000
180 180 270.250 114.300 -90.000 2408 0 2 0 4 16 0 10 0 20010 1 0 2 0 0 1 1 178 0 "R7009" 0 0 0 1000 0 0 0 0 0 0 0 0 0 0 1 0 2.450 0 0 0.000 0.000 0 0 0 0.000 0.000
181 181 203.500 34.100 180.000 3247 0 3 0 2 6 0 9 0 20017 2 0 2 0 0 1 1 179 0 "R8045" 0 0 0 1000 0 0 0 0 0 0 0 0 0 0 1 0 2.300 0 0 0.000 0.000 0 0 0 0.000 0.000
182 182 229.800 64.400 0.000 2906 0 9 0 3 2 0 12 0 20016 2 0 2 0 0 1 1 180 0 "R8046" 0 0 0 1000 0 0 0 0 0 0 0 0 0 0 1 0 6.450 0 0 0.000 0.000 0 0 0 0.000 0.000
183 183 231.000 61.800 -90.000 2906 0 1 0 4 2 0 6 0 20016 2 0 2 0 0 1 1 181 0 "R8047" 0 0 0 1000 0 0 0 0 0 0 0 0 0 0 1 0 0.500 0 0 0.000 0.000 0 0 0 0.000 0.000
184 184 203.500 36.700 180.000 3247 0 3 0 1 5 0 1 0 20017 2 0 2 0 0 1 1 182 0 "R8097" 0 0 0 1000 0 0 0 0 0 0 0 0 0 0 1 0 2.300 0 0 0.000 0.000 0 0 0 0.000 0.000
185 185 159.900 24.200 -90.000 2166 0 1 0 3 3 0 7 0 20023 1 0 2 0 0 1 1 183 0 "R8144" 0 0 0 1000 0 0 0 0 0 0 0 0 0 0 1 0 1.600 0 0 0.000 0.000 0 0 0 0.000 0.000
186 186 217.000 47.350 -90.000 3275 0 3 0 1 14 0 8 0 20021 1 0 2 0 0 1 1 184 0 "TH8000" 0 0 0 1000 0 0 0 0 0 0 0 0 0 0 1 0 1.250 0 0 0.000 0.000 0 0 0 0.000 0.000
187 187 218.950 47.350 -90.000 3275 0 3 0 2 16 0 16 0 20021 1 0 2 0 0 1 1 185 0 "TH8001" 0 0 0 1000 0 0 0 0 0 0 0 0 0 0 1 0 0.500 0 0 0.000 0.000 0 0 0 0.000 0.000
188 188 125.250 123.650 0.000 3289 0 8 0 6 8 0 15 0 20015 2 0 2 0 0 1 1 186 0 "VA3304" 0 0 0 1000 0 0 0 0 0 0 0 0 0 0 1 0 0.500 0 0 0.000 0.000 0 0 0 0.000 0.000
189 189 123.350 123.650 180.000 3289 0 4 0 1 9 0 15 0 20015 2 0 2 0 0 1 1 187 0 "VA3305" 0 0 0 1000 0 0 0 0 0 0 0 0 0 0 1 0 0.500 0 0 0.000 0.000 0 0 0 0.000 0.000
190 190 101.250 123.650 0.000 3289 0 4 0 4 8 0 7 0 20015 2 0 2 0 0 1 1 188 0 "VA3310" 0 0 0 1000 0 0 0 0 0 0 0 0 0 0 1 0 1.000 0 0 0.000 0.000 0 0 0 0.000 0.000
191 191 99.350 123.650 180.000 3289 0 2 0 2 11 0 7 0 20015 2 0 2 0 0 1 1 189 0 "VA3313" 0 0 0 1000 0 0 0 0 0 0 0 0 0 0 1 0 1.000 0 0 0.000 0.000 0 0 0 0.000 0.000
192 192 156.450 122.300 180.000 3289 0 7 0 4 1 0 7 0 20015 2 0 2 0 0 1 1 190 0 "VA3317" 0 0 0 1000 0 0 0 0 0 0 0 0 0 0 1 0 0.500 0 0 0.000 0.000 0 0 0 0.000 0.000
193 193 156.450 120.900 180.000 3289 0 7 0 6 2 0 15 0 20015 2 0 2 0 0 1 1 191 0 "VA3318" 0 0 0 1000 0 0 0 0 0 0 0 0 0 0 1 0 0.500 0 0 0.000 0.000 0 0 0 0.000 0.000
194 194 169.650 78.450 90.000 3225 0 3 0 5 7 0 6 0 20004 1 0 2 0 0 1 1 192 0 "X200" 0 0 0 1000 0 0 0 0 0 0 0 0 0 0 1 0 1.250 0 0 0.000 0.000 0 0 0 0.000 0.000
195 195 246.200 80.700 -90.000 1808 0 5 0 1 16 0 16 0 20025 1 0 2 0 0 1 1 193 0 "ZD4700" 0 0 0 1000 0 0 0 0 0 0 0 0 0 0 1 0 1.250 0 0 0.000 0.000 0 0 0 0.000 0.000
196 0 0.000 0.000 0.000 0 412 0 0 0 0 0 0 0 0 0 0 0 0 0 1 1 5 0 "" 0 0 0 1000 0 0 0 0 0 0 0 0 0 0 0 0 0.000 0 0 0.000 0.000 0 0 0 0.000 0.000
197 0 0.000 0.000 0.000 0 413 0 0 0 0 0 0 0 0 0 0 0 0 0 0 0 5 0 "" 0 0 0 1000 0 0 0 0 0 0 0 0 0 0 0 0 0.000 0 0 0.000 0.000 0 0 0 0.000 0.000
198 0 0.000 0.000 0.000 0 414 0 0 0 0 0 0 0 0 0 0 0 0 0 0 1 5 0 "" 0 0 0 1000 0 0 0 0 0 0 0 0 0 0 0 0 0.000 0 0 0.000 0.000 0 0 0 0.000 0.000

[PatternData<1>]
IDNUM O X Y A PARTS BRM C M F PR MB PRISEQ MArea SkipNumber Z
1 1 76.950 123.750 0.000 20 0 "C1417" 0 0 1000 0 0 0 0 0.000
2 1 76.950 121.800 0.000 20 0 "C1418" 0 0 1000 0 0 0 0 0.000
3 1 123.700 73.950 0.000 3288 0 "C1509" 0 0 1000 0 0 0 0 0.000
4 1 110.100 69.050 180.000 3137 0 "C1510" 0 0 1000 0 0 0 0 0.000
5 1 123.700 72.000 180.000 3288 0 "C1518" 0 0 1000 0 0 0 0 0.000
6 1 90.300 74.300 90.000 20 0 "C1604" 0 0 1000 0 0 0 0 0.000
7 1 103.200 72.700 -90.000 20 0 "C1607" 0 0 1000 0 0 0 0 0.000
8 1 55.750 124.750 180.000 3137 0 "C1703" 0 0 1000 0 0 0 0 0.000
9 1 63.700 120.550 180.000 3288 0 "C1707" 0 0 1000 0 0 0 0 0.000
10 1 63.700 118.350 0.000 3288 0 "C1709" 0 0 1000 0 0 0 0 0.000
11 1 59.700 118.350 180.000 3288 0 "C1712" 0 0 1000 0 0 0 0 0.000
12 1 59.700 120.550 180.000 20 0 "C1713" 0 0 1000 0 0 0 0 0.000
13 1 165.300 49.350 180.000 20 0 "C1802" 0 0 1000 0 0 0 0 0.000
14 1 183.350 55.350 0.000 3288 0 "C1803" 0 0 1000 0 0 0 0 0.000
15 1 174.350 44.850 -90.000 20 0 "C1806" 0 0 1000 0 0 0 0 0.000
16 1 172.350 44.850 -90.000 20 0 "C1807" 0 0 1000 0 0 0 0 0.000
17 1 91.550 84.950 90.000 3288 0 "C2106" 0 0 1000 0 0 0 0 0.000
18 1 91.500 81.250 -90.000 3288 0 "C2108" 0 0 1000 0 0 0 0 0.000
19 1 77.150 82.800 180.000 3137 0 "C2110" 0 0 1000 0 0 0 0 0.000
20 1 131.100 63.150 180.000 3288 0 "C2342" 0 0 1000 0 0 0 0 0.000
21 1 131.100 61.200 180.000 3288 0 "C2343" 0 0 1000 0 0 0 0 0.000
22 1 140.400 46.000 90.000 3137 0 "C2345" 0 0 1000 0 0 0 0 0.000
23 1 137.900 39.650 -90.000 295 0 "C2351" 0 0 1000 0 0 0 0 0.000
24 1 129.500 43.300 -90.000 3137 0 "C2353" 0 0 1000 0 0 0 0 0.000
25 1 34.350 131.600 90.000 3137 0 "C2503" 0 0 1000 0 0 0 0 0.000
26 1 43.700 124.950 90.000 20 0 "C2507" 0 0 1000 0 0 0 0 0.000
27 1 45.650 124.950 90.000 20 0 "C2509" 0 0 1000 0 0 0 0 0.000
28 1 139.850 89.000 90.000 3297 0 "C300" 0 0 1000 0 0 0 0 0.000
29 1 135.800 72.000 -90.000 3288 0 "C301" 0 0 1000 0 0 0 0 0.000
30 1 135.700 65.450 90.000 3288 0 "C305" 0 0 1000 0 0 0 0 0.000
31 1 137.650 65.450 90.000 3288 0 "C306" 0 0 1000 0 0 0 0 0.000
32 1 167.500 81.800 0.000 3288 0 "C307" 0 0 1000 0 0 0 0 0.000
33 1 132.600 65.450 90.000 3297 0 "C309" 0 0 1000 0 0 0 0 0.000
34 1 134.000 65.450 90.000 3297 0 "C317" 0 0 1000 0 0 0 0 0.000
35 1 138.900 72.000 -90.000 3297 0 "C331" 0 0 1000 0 0 0 0 0.000
36 1 141.400 57.700 180.000 20 0 "C351" 0 0 1000 0 0 0 0 0.000
37 1 138.450 91.050 180.000 3297 0 "C356" 0 0 1000 0 0 0 0 0.000
38 1 170.800 81.800 0.000 3288 0 "C358" 0 0 1000 0 0 0 0 0.000
39 1 146.800 62.050 -90.000 3297 0 "C359" 0 0 1000 0 0 0 0 0.000
40 1 277.200 60.000 0.000 3288 0 "C4104" 0 0 1000 0 0 0 0 0.000
41 1 135.000 68.750 90.000 3288 0 "C441" 0 0 1000 0 0 0 0 0.000
42 1 246.100 85.900 90.000 20 0 "C4700" 0 0 1000 0 0 0 0 0.000
43 1 248.050 85.900 90.000 20 0 "C4701" 0 0 1000 0 0 0 0 0.000
44 1 251.950 85.900 90.000 20 0 "C4703" 0 0 1000 0 0 0 0 0.000
45 1 250.000 85.900 90.000 20 0 "C4704" 0 0 1000 0 0 0 0 0.000
46 1 271.050 13.300 90.000 2 0 "C5316" 0 0 1000 0 0 0 0 0.000
47 1 242.100 9.100 180.000 2 0 "C5317" 0 0 1000 0 0 0 0 0.000
48 1 253.350 33.300 0.000 20 0 "C5322" 0 0 1000 0 0 0 0 0.000
49 1 271.200 9.250 -90.000 3137 0 "C5332" 0 0 1000 0 0 0 0 0.000
50 1 235.850 20.700 90.000 3137 0 "C5333" 0 0 1000 0 0 0 0 0.000
51 1 186.350 111.550 0.000 3288 0 "C6522" 0 0 1000 0 0 0 0 0.000
52 1 265.900 93.400 180.000 3137 0 "C7009" 0 0 1000 0 0 0 0 0.000
53 1 279.600 92.800 90.000 3137 0 "C7016" 0 0 1000 0 0 0 0 0.000
54 1 277.800 86.150 90.000 3276 0 "C7019" 0 0 1000 0 0 0 0 0.000
55 1 196.750 69.250 90.000 1568 0 "C8008" 0 0 1000 0 0 0 0 0.000
56 1 208.750 82.250 90.000 1568 0 "C8011" 0 0 1000 0 0 0 0 0.000
57 1 210.950 82.250 90.000 3137 0 "C8013" 0 0 1000 0 0 0 0 0.000
58 1 198.950 46.350 180.000 20 0 "C8014" 0 0 1000 0 0 0 0 0.000
59 1 198.950 44.400 180.000 20 0 "C8015" 0 0 1000 0 0 0 0 0.000
60 1 213.100 47.750 0.000 3137 0 "C8023" 0 0 1000 0 0 0 0 0.000
61 1 208.850 31.050 90.000 3137 0 "C8025" 0 0 1000 0 0 0 0 0.000
62 1 230.100 37.300 0.000 3137 0 "C8041" 0 0 1000 0 0 0 0 0.000
63 1 194.950 29.850 45.000 3137 0 "C8043" 0 0 1000 0 0 0 0 0.000
64 1 198.150 66.150 180.000 1568 0 "C8044" 0 0 1000 0 0 0 0 0.000
65 1 226.600 73.350 -90.000 2535 0 "C8046" 0 0 1000 0 0 0 0 0.000
66 1 213.950 79.800 0.000 3137 0 "C8057" 0 0 1000 0 0 0 0 0.000
67 1 196.750 62.000 180.000 1568 0 "C8059" 0 0 1000 0 0 0 0 0.000
68 1 195.500 65.700 90.000 1568 0 "C8060" 0 0 1000 0 0 0 0 0.000
69 1 193.400 31.400 45.000 3137 0 "C8063" 0 0 1000 0 0 0 0 0.000
70 1 191.850 32.950 45.000 3137 0 "C8070" 0 0 1000 0 0 0 0 0.000
71 1 196.750 58.100 180.000 3137 0 "C8082" 0 0 1000 0 0 0 0 0.000
72 1 211.450 68.650 180.000 3137 0 "C8090" 0 0 1000 0 0 0 0 0.000
73 1 230.100 39.500 0.000 1568 0 "C8091" 0 0 1000 0 0 0 0 0.000
74 1 148.750 21.200 0.000 20 0 "C8134" 0 0 1000 0 0 0 0 0.000
75 1 163.250 20.600 -90.000 20 0 "C8137" 0 0 1000 0 0 0 0 0.000
76 1 31.100 92.850 180.000 20 0 "C902" 0 0 1000 0 0 0 0 0.000
77 1 281.600 98.800 0.000 20 0 "C9703" 0 0 1000 0 0 0 0 0.000
78 1 95.700 65.900 180.000 1 0 "C9900" 0 0 1000 0 0 0 0 0.000
79 1 184.150 120.500 0.000 1 0 "C9901" 0 0 1000 0 0 0 0 0.000
80 1 195.700 55.800 0.000 1 0 "C9902" 0 0 1000 0 0 0 0 0.000
81 1 104.200 99.350 0.000 1 0 "C9903" 0 0 1000 0 0 0 0 0.000
82 1 185.000 89.400 180.000 1 0 "C9904" 0 0 1000 0 0 0 0 0.000
83 1 103.450 120.250 0.000 3110 0 "D3300" 0 0 1000 0 0 0 0 0.000
84 1 126.850 117.950 -90.000 3110 0 "D3301" 0 0 1000 0 0 0 0 0.000
85 1 162.350 119.250 0.000 3110 0 "D3302" 0 0 1000 0 0 0 0 0.000
86 1 277.600 96.350 90.000 2413 0 "D7001" 0 0 1000 0 0 0 0 0.000
87 1 272.400 109.800 180.000 3112 0 "D7002" 0 0 1000 0 0 0 0 0.000
88 1 274.700 91.900 180.000 3112 0 "D7003" 0 0 1000 0 0 0 0 0.000
89 1 272.300 122.400 90.000 3131 0 "D7004" 0 0 1000 0 0 0 0 0.000
90 1 208.600 77.050 90.000 3245 0 "D8002" 0 0 1000 0 0 0 0 0.000
91 1 220.350 66.600 180.000 3245 0 "D8003" 0 0 1000 0 0 0 0 0.000
92 1 209.450 43.800 -90.000 3245 0 "D8004" 0 0 1000 0 0 0 0 0.000
93 1 215.600 29.000 0.000 3290 0 "D8005" 0 0 1000 0 0 0 0 0.000
94 1 182.100 33.000 0.000 3133 0 "IC102" 0 0 1000 0 0 0 0 0.000
95 1 34.800 77.850 0.000 3224 0 "IC1300" 0 0 1000 0 0 0 0 0.000
96 1 110.000 73.050 0.000 3278 0 "IC1500" 0 0 1000 0 0 0 0 0.000
97 1 95.550 74.200 -90.000 2540 0 "IC1601" 0 0 1000 0 0 0 0 0.000
98 1 55.650 128.950 0.000 3278 0 "IC1700" 0 0 1000 0 0 0 0 0.000
99 1 180.300 45.750 180.000 2428 0 "IC1800" 0 0 1000 0 0 0 0 0.000
100 1 76.850 78.900 0.000 2489 0 "IC2100" 0 0 1000 0 0 0 0 0.000
101 1 135.000 45.800 90.000 3273 0 "IC2300" 0 0 1000 0 0 0 0 0.000
102 1 38.750 129.500 180.000 3278 0 "IC2500" 0 0 1000 0 0 0 0 0.000
103 1 250.700 81.400 90.000 3256 0 "IC4700" 0 0 1000 0 0 0 0 0.000
104 1 252.550 24.500 180.000 3293 0 "IC5300" 0 0 1000 0 0 0 0 0.000
105 1 272.350 97.500 180.000 2598 0 "IC7001" 0 0 1000 0 0 0 0 0.000
106 1 270.900 78.600 0.000 3302 0 "IC7100" 0 0 1000 0 0 0 0 0.000
107 1 154.900 22.050 -90.000 2540 0 "IC8101" 0 0 1000 0 0 0 0 0.000
108 1 26.850 90.850 0.000 2211 0 "IC901" 0 0 1000 0 0 0 0 0.000
109 1 285.450 101.600 -90.000 2107 0 "IC9701" 0 0 1000 0 0 0 0 0.000
110 1 231.700 31.900 -90.000 3292 0 "L1102" 0 0 1000 0 0 0 0 0.000
111 1 229.700 31.900 -90.000 3292 0 "L1103" 0 0 1000 0 0 0 0 0.000
112 1 117.300 71.700 0.000 3266 0 "L1500" 0 0 1000 0 0 0 0 0.000
113 1 61.450 125.900 -90.000 3237 0 "L1700" 0 0 1000 0 0 0 0 0.000
114 1 55.750 120.050 180.000 3292 0 "L1701" 0 0 1000 0 0 0 0 0.000
115 1 55.750 118.100 180.000 3292 0 "L1702" 0 0 1000 0 0 0 0 0.000
116 1 83.350 82.900 0.000 3237 0 "L2100" 0 0 1000 0 0 0 0 0.000
117 1 71.850 83.900 0.000 3292 0 "L2101" 0 0 1000 0 0 0 0 0.000
118 1 71.850 85.850 0.000 3292 0 "L2102" 0 0 1000 0 0 0 0 0.000
119 1 133.100 53.300 90.000 3132 0 "L2300" 0 0 1000 0 0 0 0 0.000
120 1 143.050 43.550 -90.000 3292 0 "L2301" 0 0 1000 0 0 0 0 0.000
121 1 128.750 46.750 -90.000 3292 0 "L2302" 0 0 1000 0 0 0 0 0.000
122 1 38.500 122.750 0.000 3238 0 "L2501" 0 0 1000 0 0 0 0 0.000
123 1 134.250 88.350 0.000 3291 0 "L311" 0 0 1000 0 0 0 0 0.000
124 1 142.250 55.600 90.000 3291 0 "L313" 0 0 1000 0 0 0 0 0.000
125 1 133.900 116.200 0.000 3116 0 "L3300" 0 0 1000 0 0 0 0 0.000
126 1 133.900 118.150 180.000 3116 0 "L3301" 0 0 1000 0 0 0 0 0.000
127 1 252.500 35.200 -90.000 3291 0 "L5300" 0 0 1000 0 0 0 0 0.000
128 1 278.750 20.200 -90.000 3118 0 "L5301" 0 0 1000 0 0 0 0 0.000
129 1 269.200 20.600 0.000 3118 0 "L5302" 0 0 1000 0 0 0 0 0.000
130 1 245.000 14.250 -90.000 3118 0 "L5303" 0 0 1000 0 0 0 0 0.000
131 1 237.800 14.250 -90.000 3118 0 "L5304" 0 0 1000 0 0 0 0 0.000
132 1 236.550 6.900 -90.000 3292 0 "L5305" 0 0 1000 0 0 0 0 0.000
133 1 238.500 6.900 -90.000 3292 0 "L5306" 0 0 1000 0 0 0 0 0.000
134 1 267.900 12.250 180.000 3292 0 "L5307" 0 0 1000 0 0 0 0 0.000
135 1 267.150 15.300 90.000 3292 0 "L5308" 0 0 1000 0 0 0 0 0.000
136 1 246.700 8.800 0.000 3292 0 "L5309" 0 0 1000 0 0 0 0 0.000
137 1 246.700 6.350 0.000 3292 0 "L5310" 0 0 1000 0 0 0 0 0.000
138 1 178.600 74.350 -90.000 3291 0 "L600" 0 0 1000 0 0 0 0 0.000
139 1 183.200 76.050 180.000 3291 0 "L601" 0 0 1000 0 0 0 0 0.000
140 1 182.100 108.900 0.000 3291 0 "L6506" 0 0 1000 0 0 0 0 0.000
141 1 270.200 87.100 180.000 3239 0 "L7000" 0 0 1000 0 0 0 0 0.000
142 1 204.050 76.850 90.000 3114 0 "L8001" 0 0 1000 0 0 0 0 0.000
143 1 204.250 44.750 180.000 3236 0 "L8002" 0 0 1000 0 0 0 0 0.000
144 1 219.450 73.150 90.000 3114 0 "L8004" 0 0 1000 0 0 0 0 0.000
145 1 202.050 59.350 180.000 3114 0 "L8005" 0 0 1000 0 0 0 0 0.000
146 1 223.800 36.400 0.000 3327 0 "L8007" 0 0 1000 0 0 0 0 0.000
147 1 290.000 82.850 -90.000 2286 0 "LD9700" 0 0 1000 0 0 0 0 0.000
148 1 154.000 42.600 -90.000 2185 0 "M701" 0 0 1000 0 0 0 0 0.000
149 1 148.950 111.450 -90.000 2185 0 "M702" 0 0 1000 0 0 0 0 0.000
150 1 115.750 117.150 -90.000 2185 0 "M703" 0 0 1000 0 0 0 0 0.000
151 1 184.150 117.600 0.000 2185 0 "M704" 0 0 1000 0 0 0 0 0.000
152 1 195.000 52.900 180.000 2185 0 "M705" 0 0 1000 0 0 0 0 0.000
153 1 107.200 96.300 0.000 2185 0 "M706" 0 0 1000 0 0 0 0 0.000
154 1 95.700 62.900 0.000 2185 0 "M707" 0 0 1000 0 0 0 0 0.000
155 1 183.000 92.300 0.000 2185 0 "M708" 0 0 1000 0 0 0 0 0.000
156 1 46.700 75.400 0.000 3111 0 "Q1000" 0 0 1000 0 0 0 0 0.000
157 1 46.050 79.150 -90.000 3123 0 "Q101" 0 0 1000 0 0 0 0 0.000
158 1 72.800 120.150 -90.000 3123 0 "Q1400" 0 0 1000 0 0 0 0 0.000
159 1 69.450 123.550 -90.000 1803 0 "Q1401" 0 0 1000 0 0 0 0 0.000
160 1 65.250 79.850 180.000 3295 0 "Q2100" 0 0 1000 0 0 0 0 0.000
161 1 139.000 34.950 0.000 3295 0 "Q2300" 0 0 1000 0 0 0 0 0.000
162 1 131.850 34.350 -90.000 3295 0 "Q2301" 0 0 1000 0 0 0 0 0.000
163 1 109.750 121.100 90.000 3123 0 "Q3302" 0 0 1000 0 0 0 0 0.000
164 1 167.700 119.050 -90.000 3123 0 "Q3303" 0 0 1000 0 0 0 0 0.000
165 1 141.750 116.050 0.000 3123 0 "Q3305" 0 0 1000 0 0 0 0 0.000
166 1 279.100 64.500 90.000 3123 0 "Q4100" 0 0 1000 0 0 0 0 0.000
167 1 275.450 62.950 90.000 1803 0 "Q4101" 0 0 1000 0 0 0 0 0.000
168 1 241.400 45.200 90.000 3123 0 "Q5300" 0 0 1000 0 0 0 0 0.000
169 1 199.850 99.400 90.000 3111 0 "Q6502" 0 0 1000 0 0 0 0 0.000
170 1 200.000 30.350 0.000 1803 0 "Q8003" 0 0 1000 0 0 0 0 0.000
171 1 186.850 51.900 90.000 2282 0 "Q801" 0 0 1000 0 0 0 0 0.000
172 1 213.300 36.400 0.000 3296 0 "Q8011" 0 0 1000 0 0 0 0 0.000
173 1 279.600 78.450 -90.000 3123 0 "Q9700" 0 0 1000 0 0 0 0 0.000
174 1 60.150 131.250 180.000 2609 0 "R1707" 0 0 1000 0 0 0 0 0.000
175 1 82.850 78.550 180.000 2609 0 "R2100" 0 0 1000 0 0 0 0 0.000
176 1 134.200 36.900 -90.000 3267 0 "R2390" 0 0 1000 0 0 0 0 0.000
177 1 272.900 114.300 -90.000 2408 0 "R7008" 0 0 1000 0 0 0 0 0.000
178 1 270.250 114.300 -90.000 2408 0 "R7009" 0 0 1000 0 0 0 0 0.000
179 1 203.500 34.100 180.000 3247 0 "R8045" 0 0 1000 0 0 0 0 0.000
180 1 229.800 64.400 0.000 2906 0 "R8046" 0 0 1000 0 0 0 0 0.000
181 1 231.000 61.800 -90.000 2906 0 "R8047" 0 0 1000 0 0 0 0 0.000
182 1 203.500 36.700 180.000 3247 0 "R8097" 0 0 1000 0 0 0 0 0.000
183 1 159.900 24.200 -90.000 2166 0 "R8144" 0 0 1000 0 0 0 0 0.000
184 1 217.000 47.350 -90.000 3275 0 "TH8000" 0 0 1000 0 0 0 0 0.000
185 1 218.950 47.350 -90.000 3275 0 "TH8001" 0 0 1000 0 0 0 0 0.000
186 1 125.250 123.650 0.000 3289 0 "VA3304" 0 0 1000 0 0 0 0 0.000
187 1 123.350 123.650 180.000 3289 0 "VA3305" 0 0 1000 0 0 0 0 0.000
188 1 101.250 123.650 0.000 3289 0 "VA3310" 0 0 1000 0 0 0 0 0.000
189 1 99.350 123.650 180.000 3289 0 "VA3313" 0 0 1000 0 0 0 0 0.000
190 1 156.450 122.300 180.000 3289 0 "VA3317" 0 0 1000 0 0 0 0 0.000
191 1 156.450 120.900 180.000 3289 0 "VA3318" 0 0 1000 0 0 0 0 0.000
192 1 169.650 78.450 90.000 3225 0 "X200" 0 0 1000 0 0 0 0 0.000
193 1 246.200 80.700 -90.000 1808 0 "ZD4700" 0 0 1000 0 0 0 0 0.000

[FilterData<1>]
IDNUM FID P

[SupportPinLocation<1>]
IDNUM X Y USE

[SupportPinExtension<1>]
IDNUM McNum POS SKIP Stage

[LotOptions<1>]
SolderInspectCond=0
AfterMountInspectCond=0
RankMount=0
RankKind=0
HighDenseMntPriority=0
HighDenseMntChipSize=0.400
HighDenseMntLimit=0.120
OptOptions=""
HighDenseMntClr=0.025
HighDenseMntClr2=10.000
HighDenseMntOptions="1000"

[WarpageGroup<1>]
IDNUM GNUM WP_01 WP_02 WP_03 WP_04 WP_05 WP_06 WP_07 WP_08 WP_09 WP_10 WP_11 WP_12 WP_13 WP_14 WP_15 WP_16 WP_17 WP_18 WP_19 WP_20 WP_21 WP_22 WP_23 WP_24 WP_25 CorrectMode SpotType MeasureTiming C

[RecogSeqInfo<1>]
IDNUM POS McNum RS MArea BRecMode B PG S
1 1 1 1 1 1 0 0 1
2 2 1 2 1 1 0 0 2

[ObstacleData<1>]
IDNUM X Y A L W T C

[PlacementGroup<1>]
IDNUM Group Bundle Sub Pos Side Bundle2 Bundle3 PARTS

[L-R-Matrix<1>]
IDNUM Group Master Rank Use Sub1 Sub2 Sub3 Sub4 Sub5 Sub6 Sub7 Sub8 Sub9 Sub10 Master2 Rank2 Master3 Rank3

[ArrangementGroupCondValue<1>]
Value1=""
Value2=""
Value3=""
Value4=""
Value5=""
Value6=""
Value7=""
Value8=""
Value9=""
Value10=""

[InsertPositionData<1>]
IDNUM HoleDst HoleDstOfs C IndvAnvPos AnvOfsX AnvOfsY AnvOfsR AnvOfsW Slide SlOfsX SlOfsY RvCDr

[InsertPatternData<1>]
IDNUM HoleDst C IndvAnvPos AnvOfsX AnvOfsY AnvOfsR AnvOfsW RvCDr

[SoftSwitch<1>]
IDNUM McNum MasterBadMark BadMarkGroup BadMark RecogOrder BoardRecog BoardRecogMode Mrec IH PCBHeightMeasure HeightCorrectMode CarType AutoSpl PasteRecog PrClean AutoChg BrdLngChk MaskRecog Dispense Discharge AltCtrl DisCnt1 DisCnt2 NAFB NBFB Pass CJBRecog SameBadRecog TrayOrder TraySupply RecogErrBad BarcodeRecog PtnBarcodeRecog PtnGrpBarcodeRecog NGChipEjectFirst PinChg Inspect OverJudgeChk NGBoardReCarryIn NGBoardBarcodeAttach IPBoxPrintOut OHL OHR ProgDistRecog NGReCarryInBarcode MountMode FastFeedSpd BRecogAfterPickup MarkSearch LocalPCBHeightMeasure PtnMntCancel PtnPartEmpty1 PtnPartEmpty2 SafeMode MntPosRcgPCBRcgCorr TrayPreSupply CarrybackChk MrecaPickup SupplyPartsIns PcbRotRecog MntPos2 Stage MrecaPickupOp PtnPCBMark BLTRcgHead BLTMntTurn VibSuppressMode PartsErrRetry PreMIForeign
1 1 0 0 0 0 1 1 0 0.000 0 1 0 0 0 0 0 0 0 1 1 0 1 1 0 0 0 0 0 0 1 0 0 0 0 0 0 0 0 0 0 0 0.000 0.000 0 0 0 0 1 0 0 0 0 0 0 1 0 0 0 0 0 0 0 0 0 0 0 0 0 0

[SoftSwitchPerBeam<1>]
IDNUM Head HPartAdMount PickupSizeUpFor4 PickupSizeUpFor8 PickupSizeMaxFor4 PickupSizeMaxFor8 TactBalanceRatio NoUseTable InspectType PickupSizeUpFor2 PickupSizeMaxFor2 RankMountTbl PickupSizeUpByDiagonal PartHeightSizeUp Productivity DispenseStep PickupSizeUpFor16 LargeHeavyParts
1 1 0 0 0 0 0 100 0 0 0 0 0 0 0 0 0 0 0
2 2 0 0 0 0 0 100 0 0 0 0 0 0 0 0 0 0 0

[ComSwitch<1>]
IDNUM StNum DeliverType BarCode Badmark APC Ptnmark PCBHight LocalPCBHeight
2 1 0 0 0 0 0 0 0
3 1 1 0 0 0 0 0 0

[PCBConveyance<1>]
IDNUM Stage ConveySpeed1 ConveySpeed2 SlowDownDistance PcbHolderMode
1 1 0 0 0 0

[NozzlePosition<1>]
IDNUM HEAD NPA NPB NPC NPD NPE NPF NPG NPH NPI NPJ NPK NPL NPM NPN NPO NPP NPQ NPR NPS NPT NPU NPV NPW NPX TURN
1 1 121 122 123 124 111 112 113 114 0 0 0 0 0 0 0 0 0 0 0 0 0 0 0 0 1
2 2 221 222 223 224 225 226 227 228 211 212 213 214 215 216 217 218 0 0 0 0 0 0 0 0 1

[PickUpNozzlePosition<1>]
IDNUM HEAD NPA NPB TURN

[DANozzlePosition<1>]
IDNUM HEAD NPA NPB NPC

[EjectorPosition<1>]
IDNUM HEAD EPA EPB

[SimplePriority<1>]
IDNUM POS PR

[SeqPriority<1>]
IDNUM CNO SEQ POS MODE

[RelativePriority<1>]
IDNUM CNO Pri_SEQ Sec_SEQ MODE

[VstockData<1>]
IDNUM N PA PB PC PD PE PF PG PH PI PJ TA TB TC TD TE TF TG TH TI TJ Force LdFrmW WaferRot

[VnozzleStock<1>]
IDNUM N P Force

[VpaletteData<1>]
IDNUM N TRAY X Y ROT START DIR

[FixedPlacementCount<1>]
IDNUM FF PCA PCB PCC PCD PCE PCF PCG PCH PCI PCJ

[TransUnitSetting<1>]
IDNUM TABLE SupplyStopMode TransferLimit SupplyTime ElapsedTimeStop TransMaxPeriod TransPositionExt CoatingSpd ScrapingSpd

[TrayTableMode<1>]
IDNUM TBL Mode Side Magazine Priority Flexible

[MachineTurnInfo<1>]
IDNUM Head Turn AvoidTallComp

[ShareRecogHeadControl<1>]
IDNUM Stage Lane MArea MntPos RcgHead

[ShareMntTurnControl<1>]
IDNUM Stage Lane MntPos Head Turn PairHeadTurn

[GroundData<1>]
IDNUM XA XB YA YB CD

[LandData<1>]
IDNUM NextID LChkFlg LandDirection LandPosX LandPosY SizeX SizeY RID

[SolderData<1>]
IDNUM Name B X Y A CogX CogY SolExtL SolExtW Shape Area ResolutionXY ChkFlag Wbridge PosID PLand LinkRX LinkRY Judgment1 Judgment2 Judgment3 Judgment4 Lamp LampEX Lamp2 LampEX2 BridgeFlag AreaMask BBT Attr

[SolderJdgData<1>]
IDNUM Name C HeadType MT ExSize Param LUTSel LUT1 LUT2 LUT3 LUT4 LUT5 LUT6 LUT7 LUT8 PA PB PC PD PE PF PG

[SolderJdgParameter<1>]
IDNUM HeadType JdgAMid JdgALowNG JdgALowWarn JdgAUpNG JdgAUpWarn JdgAFlagNG JdgAFlagWarn JdgAType JdgBMid JdgBLowNG JdgBLowWarn JdgBUpNG JdgBUpWarn JdgBFlagNG JdgBFlagWarn JdgBType JdgCMid JdgCLowNG JdgCLowWarn JdgCUpNG JdgCUpWarn JdgCFlagNG JdgCFlagWarn JdgCType JdgDMid JdgDLowNG JdgDLowWarn JdgDUpNG JdgDUpWarn JdgDFlagNG JdgDFlagWarn JdgDType JdgEMid JdgELowNG JdgELowWarn JdgEUpNG JdgEUpWarn JdgEFlagNG JdgEFlagWarn JdgEType JdgFMid JdgFLowNG JdgFLowWarn JdgFUpNG JdgFUpWarn JdgFFlagNG JdgFFlagWarn JdgFType JdgGMid JdgGLowNG JdgGLowWarn JdgGUpNG JdgGUpWarn JdgGFlagNG JdgGFlagWarn JdgGType JdgHMid JdgHLowNG JdgHLowWarn JdgHUpNG JdgHUpWarn JdgHFlagNG JdgHFlagWarn JdgHType JdgIMid JdgILowNG JdgILowWarn JdgIUpNG JdgIUpWarn JdgIFlagNG JdgIFlagWarn JdgIType JdgJMid JdgJLowNG JdgJLowWarn JdgJUpNG JdgJUpWarn JdgJFlagNG JdgJFlagWarn JdgJType

[SolderJdgLookUpTable<1>]
IDNUM H1 H2 H3 H4 S1 S2 S3 S4 I1 I2 I3 I4

[ShootingCondition<1>]
IDNUM HeadType ResolutionXY ResolutionZ LampA LampB LampC LampD AngC AngD AreaXA AreaYA AreaXB AreaYB IVLnk

[LookUpTableReference<1>]
IDNUM Target Comment H1 H2 H3 H4 S1 S2 S3 S4 I1 I2 I3 I4

[LookUpTableReference2<1>]
IDNUM Target Comment H1 H2 H3 H4 S1 S2 S3 S4 I1 I2 I3 I4

[InspectViewData<1>]
IDNUM Head ICx ICy Turn ScanS LampType Lamp LampEX HeadType ResolutionXY ResolutionZ MArea PR ViewObject

[InspectTargetData<1>]
IDNUM TargetType TargetID InspectArea LastScan

[InspectViewRetryData<1>]
IDNUM Head ICx ICy Turn ScanS LampType Lamp LampEX HeadType ResolutionXY ResolutionZ MArea PR

[InspectTargetRetryData<1>]
IDNUM TargetType TargetID InspectArea LastScan

[ApcFFBoardData<1>]
MountFF=0
InspectFF=0
CorrectMode=0
InspectSkip=1
MountCoordLimit=0.000
PatternType=0
AoiFF=0

[ApcFBBoardData<1>]
PrintFB=0
PosCorrTh=0.001
PosCorrPCBCount=1
PosCorrRate=100.0
ClFB=0
ClSolderLow=80.0
ClSolderHigh=180.0
ClPartsCnt=1
ClPCBCnt=1

[ApcCtrlData<1>]
IDNUM MountFF MountFFDir MountStd MesParts ElDirRate NonElDirRate AngDirRate ElDirLimit NonElDirLimit AngDirLimit OffsetX OffsetY Individual LandMode PosCorrMesParts ClMesParts MountFB MfbMesParts MfbMngParts

[ApcMFBBoardData<1>]
MountFB=0

[NozzleSelect<1>]
IDNUM HEAD NA NB BA BB CTRLA CTRLB

[DischargeData<1>]
IDNUM HEAD NOZZLE BN BSPD BZ BPTN POSX POSY WAY PITCH ANGLE CNT TIME RECNUM RTY HUGE VZ WAIT1 WAIT2 RECDATA BUSPD1 BUSPD2 BDSPD1 BDSPD2 TIMING1 TIMING2 TIMING3 BGAP

[DispensePositionData<1>]
IDNUM X Y A PARTS DCondition TURN DS DNP DPU DHEAD B PG PR MArea Depend DSKIP WG

[ClampPositionSP<1>]
Mode=0
StartTmg=0.000
PbVacuum=0
VstartTmg=0.000
VendTmg=0.000
VoffFlg=0
PbPress=0
MountMode=0
StopperPosiY=0.000
StpPosX=0.000
ClippedLength=0.000
ClampFlg=0

[MaskDataSP<1>]
MaskNo=0
MaskName=""
L=0.000
W=0.000
T=0.000
BasisCode=0
MaskMakeX=0.000
MaskMakeY=0.000
MaskType=0
MaskMakePosi=0.000

[MaskRecogData<1>]
PairFlgT1=0
PairFlgT2=0

[PrintPositionSP<1>]
X=0.000
Y=0.000
Angle=0.000

[SqueegeeOffsetSP<1>]
SqFX=0.000
SqFY=0.000
SqFA=0.000
SqRX=0.000
SqRY=0.000
SqRA=0.000

[PackageTchData<1>]
CadData=YES
AutoTeach=NO
BrdSearch=YES
MaskSearch=YES
FourPntMode=0

[NozzleStock]
IDNUM N P Force
1 111 240 0
2 112 140 0
3 113 120 0
4 114 120 0
5 121 240 0
6 122 140 0
7 123 120 0
8 124 120 0
9 211 235 0
10 212 235 0
11 213 235 0
12 214 235 0
13 215 235 0
14 216 235 0
15 217 230 0
16 218 230 0
17 221 235 0
18 222 235 0
19 223 235 0
20 224 235 0
21 225 235 0
22 226 235 0
23 227 230 0
24 228 230 0

[PickUpNozzleStock]
IDNUM N P

[WaferCassetteStock]
IDNUM TABLE CASSETTE

[StockData]
IDNUM N PA PB PC PD PE PF PG PH PI PJ TA TB TC TD TE TF TG TH TI TJ Force LdFrmW WaferRot
1 10001 3239 0 0 0 0 0 0 0 0 0 303624 0 0 0 0 0 0 0 0 0 0 0.000 0
2 10003 3114 0 0 0 0 0 0 0 0 0 302823 0 0 0 0 0 0 0 0 0 0 0.000 0
3 10004 3302 0 0 0 0 0 0 0 0 0 302823 0 0 0 0 0 0 0 0 0 0 0.000 0
4 10005 3273 0 0 0 0 0 0 0 0 0 302823 0 0 0 0 0 0 0 0 0 0 0.000 0
5 10007 3245 0 0 0 0 0 0 0 0 0 302982 0 0 0 0 0 0 0 0 0 0 0.000 0
6 10009 20 0 0 0 0 0 0 0 0 0 302502 0 0 0 0 0 0 0 0 0 0 0.000 0
7 10010 3266 0 0 0 0 0 0 0 0 0 303624 0 0 0 0 0 0 0 0 0 0 0.000 0
8 10011 3237 0 0 0 0 0 0 0 0 0 303624 0 0 0 0 0 0 0 0 0 0 0.000 0
9 10012 3133 0 0 0 0 0 0 0 0 0 302823 0 0 0 0 0 0 0 0 0 0 0.000 0
10 10013 3238 0 0 0 0 0 0 0 0 0 303624 0 0 0 0 0 0 0 0 0 0 0.000 0
11 10014 3112 0 0 0 0 0 0 0 0 0 302982 0 0 0 0 0 0 0 0 0 0 0.000 0
12 10015 3132 0 0 0 0 0 0 0 0 0 303624 0 0 0 0 0 0 0 0 0 0 0.000 0
13 10016 3131 0 0 0 0 0 0 0 0 0 303623 0 0 0 0 0 0 0 0 0 0 0.000 0
14 10017 3296 0 0 0 0 0 0 0 0 0 303623 0 0 0 0 0 0 0 0 0 0 0.000 0
15 10018 2185 0 0 0 0 0 0 0 0 0 302822 0 0 0 0 0 0 0 0 0 0 0.000 0
16 10019 2540 0 0 0 0 0 0 0 0 0 302823 0 0 0 0 0 0 0 0 0 0 0.000 0
17 10020 3118 0 0 0 0 0 0 0 0 0 303624 0 0 0 0 0 0 0 0 0 0 0.000 0
18 10021 20 0 0 0 0 0 0 0 0 0 302502 0 0 0 0 0 0 0 0 0 0 0.000 0
19 10022 2107 0 0 0 0 0 0 0 0 0 303623 0 0 0 0 0 0 0 0 0 0 0.000 0
20 10023 3293 0 0 0 0 0 0 0 0 0 303624 0 0 0 0 0 0 0 0 0 0 0.000 0
21 10024 2535 0 0 0 0 0 0 0 0 0 303624 0 0 0 0 0 0 0 0 0 0 0.000 0
22 10025 3276 0 0 0 0 0 0 0 0 0 302824 0 0 0 0 0 0 0 0 0 0 0.000 0
23 10026 3236 0 0 0 0 0 0 0 0 0 302823 0 0 0 0 0 0 0 0 0 0 0.000 0
24 10027 2598 0 0 0 0 0 0 0 0 0 302823 0 0 0 0 0 0 0 0 0 0 0.000 0
25 10028 3327 0 0 0 0 0 0 0 0 0 303624 0 0 0 0 0 0 0 0 0 0 0.000 0
26 10029 2428 0 0 0 0 0 0 0 0 0 302823 0 0 0 0 0 0 0 0 0 0 0.000 0
27 10030 3290 0 0 0 0 0 0 0 0 0 303623 0 0 0 0 0 0 0 0 0 0 0.000 0
28 20001 0 3267 0 0 0 0 0 0 0 0 0 302482 0 0 0 0 0 0 0 0 0 0.000 0
29 20002 2282 3116 0 0 0 0 0 0 0 0 302502 302502 0 0 0 0 0 0 0 0 0 0.000 0
30 20003 0 1803 0 0 0 0 0 0 0 0 0 302502 0 0 0 0 0 0 0 0 0 0.000 0
31 20004 3225 3278 0 0 0 0 0 0 0 0 302342 302502 0 0 0 0 0 0 0 0 0 0.000 0
32 20005 0 2211 0 0 0 0 0 0 0 0 0 302502 0 0 0 0 0 0 0 0 0 0.000 0
33 20006 2413 0 0 0 0 0 0 0 0 0 302502 0 0 0 0 0 0 0 0 0 0 0.000 0
34 20009 0 3256 0 0 0 0 0 0 0 0 0 302502 0 0 0 0 0 0 0 0 0 0.000 0
35 20010 2408 3288 0 0 0 0 0 0 0 0 302482 302502 0 0 0 0 0 0 0 0 0 0.000 0
36 20011 0 3137 0 0 0 0 0 0 0 0 0 302502 0 0 0 0 0 0 0 0 0 0.000 0
37 20012 20 3291 0 0 0 0 0 0 0 0 302502 302481 0 0 0 0 0 0 0 0 0 0.000 0
38 20013 2609 0 0 0 0 0 0 0 0 0 302482 0 0 0 0 0 0 0 0 0 0 0.000 0
39 20014 3292 3224 0 0 0 0 0 0 0 0 302482 302502 0 0 0 0 0 0 0 0 0 0.000 0
40 20015 3123 3289 0 0 0 0 0 0 0 0 302502 302481 0 0 0 0 0 0 0 0 0 0.000 0
41 20016 3297 2906 0 0 0 0 0 0 0 0 302482 302482 0 0 0 0 0 0 0 0 0 0.000 0
42 20017 0 3247 0 0 0 0 0 0 0 0 0 302482 0 0 0 0 0 0 0 0 0 0.000 0
43 20019 3111 0 0 0 0 0 0 0 0 0 302502 0 0 0 0 0 0 0 0 0 0 0.000 0
44 20020 0 2489 0 0 0 0 0 0 0 0 0 302502 0 0 0 0 0 0 0 0 0 0.000 0
45 20021 3275 0 0 0 0 0 0 0 0 0 302481 0 0 0 0 0 0 0 0 0 0 0.000 0
46 20022 0 295 0 0 0 0 0 0 0 0 0 302502 0 0 0 0 0 0 0 0 0 0.000 0
47 20023 2166 0 0 0 0 0 0 0 0 0 302482 0 0 0 0 0 0 0 0 0 0 0.000 0
48 20024 1568 0 0 0 0 0 0 0 0 0 302502 0 0 0 0 0 0 0 0 0 0 0.000 0
49 20025 1808 0 0 0 0 0 0 0 0 0 302502 0 0 0 0 0 0 0 0 0 0 0.000 0
50 20026 3110 0 0 0 0 0 0 0 0 0 302502 0 0 0 0 0 0 0 0 0 0 0.000 0
51 20028 2286 0 0 0 0 0 0 0 0 0 302502 0 0 0 0 0 0 0 0 0 0 0.000 0
52 20029 0 1 0 0 0 0 0 0 0 0 0 302502 0 0 0 0 0 0 0 0 0 0.000 0
53 20030 3295 2 0 0 0 0 0 0 0 0 302502 302502 0 0 0 0 0 0 0 0 0 0.000 0

[NonArrangeParts]
IDNUM P Reason

[PaletteData]
IDNUM N TRAY X Y ROT START DIR

[PartsListData]
IDNUM N PARTS

[FixedPairParts]
IDNUM PartsA PartsB PartsC

[PairPartsArrange]
IDNUM Group PU Pair

[PartsDataEx]
IDNUM NAME LNAME REELS SKIP NoAutoDivide Alt AltNum

[PartsData]
IDNUM NAME EX LNAME FA FB FC FD FE FF FG FH FI FJ REELS CHIP Shape MCOND DCOND DCOND2 ICOND SKIP A PACK PACKB SSIZE RETRY ESTOP ThrowAway LandA LandB LandC LandD PreSend NoArrange Proved UsePeriod C CoverSize Teach C2 RETRYCOUNT ESTOPCOUNT RETRYCOUNT2 SICOND HRMCOND HPICOND SL InCOND FeederEX MSD NPI LCR REELTYPECHG FEEDLENCHG SpliceFlag SpliceLength PUSH BCD WaferPUCOND WAFER SpliceDetectRemain JointChkRemain JointUnpassedRemain AdhCoverTape NoAutoDivide PREMICOND TapeEnd ReelDiameter Alt AltNum MFR MPN GenInfo
1 "EAE61081701" 0 "ohm" 302182 302502 337582 338382 0 0 0 0 0 0 1 0 1 1 0 0 0 0 0.000 0 0 0 3 3 0 0 0 0 0 0 0 0 0 "C3216_T1.6" 0 2 "0" 0 3 1 0 0 0 "" 0 0 0 0 0 0 0 0 0 0 0 0 0 0.000 0.000 0.000 0 0 0 0 0 0 0 "" "" 0
2 "0CK474DK56A" 0 "ohm" 302182 302502 337582 338382 0 0 0 0 0 0 1 0 2 2 0 0 0 0 0.000 0 0 0 3 3 0 0 0 0 0 0 0 0 0 "C2012_T1.25" 0 2 "" 0 3 1 0 0 0 "" 0 0 0 0 0 0 0 0 0 0 0 0 0 0.000 0.000 0.000 0 0 0 0 0 0 0 "" "" 0
9 "0RJ1000C678" 0 "ohm" 302161 302481 337561 338361 350961 0 0 0 0 0 1 0 9 9 0 0 0 0 0.000 0 0 0 3 3 0 0 0 0 0 0 0 0 0 "R1005_T0.35" 0 2 "0" 0 3 1 0 0 0 "" 0 0 0 0 0 0 0 0 0 0 0 0 0 0.000 0.000 0.000 0 0 0 0 0 0 0 "" "" 0
12 "0CK104BF56A" 0 "ohm" 302161 302481 337561 338361 350961 0 0 0 0 0 4 0 12 12 0 0 0 0 0.000 0 0 0 3 3 0 0 0 0 0 0 0 0 0 "C1005_T0.5" 0 2 "0" 0 3 1 0 0 0 "" 0 0 0 0 0 0 0 0 0 0 0 0 0 0.000 0.000 0.000 0 0 0 0 0 0 0 "" "" 0
14 "EAM38769505" 0 "ohm" 302162 302482 337562 338362 350962 0 0 0 0 0 1 0 14 14 0 0 0 0 0.000 0 0 0 3 3 0 0 0 0 0 0 0 0 0 "C2012_T0.85" 0 2 "0" 0 3 1 0 0 0 "" 0 0 0 0 0 0 0 0 0 0 0 0 0 0.000 0.000 0.000 0 0 0 0 0 0 0 "" "" 0
15 "0TRKE80046A" 0 "ohm" 302182 302502 337582 338382 0 0 0 0 0 0 1 0 15 15 0 0 0 0 90.000 0 0 0 3 3 0 0 0 0 0 0 0 0 0 "MINI TR 3PIN" 0 2 "0" 0 3 1 0 0 0 "" 0 0 0 0 0 0 0 0 0 0 0 0 0 0.000 0.000 0.000 0 0 0 0 0 0 0 "" "" 0
20 "EAE52158501" 0 "ohm" 302182 302502 337582 338382 0 0 0 0 0 0 4 0 20 20 0 0 0 0 0.000 0 0 0 3 3 0 0 0 0 0 0 0 0 0 "C2012_T1.25" 0 2 "0" 0 3 1 0 0 0 "" 0 0 0 0 0 0 0 0 0 0 0 0 0 0.000 0.000 0.000 0 0 0 0 0 0 0 "" "" 0
46 "0CC270BK61A" 0 "ohm" 302161 302481 337561 338361 350961 0 0 0 0 0 1 0 46 46 0 0 0 0 0.000 0 0 0 3 3 0 0 0 0 0 0 0 0 0 "C1005_T0.5" 0 2 "" 0 3 1 0 0 0 "" 0 0 0 0 0 0 0 0 0 0 0 0 0 0.000 0.000 0.000 0 0 0 0 0 0 0 "" "" 0
59 "0CC3R3BKFBA" 0 "ohm" 302161 302481 337561 338361 350961 0 0 0 0 0 1 0 59 59 0 0 0 0 0.000 0 0 0 3 3 0 0 0 0 0 0 0 0 0 "C1005_T0.5" 0 2 "" 0 3 1 0 0 0 "" 0 0 0 0 0 0 0 0 0 0 0 0 0 0.000 0.000 0.000 0 0 0 0 0 0 0 "" "" 0
70 "0CC820BKFAA" 0 "ohm" 302161 302481 337561 338361 350961 0 0 0 0 0 1 0 70 70 0 0 0 0 0.000 0 0 0 3 3 0 0 0 0 0 0 0 0 0 "C1005_T0.5" 0 2 "" 0 3 1 0 0 0 "" 0 0 0 0 0 0 0 0 0 0 0 0 0 0.000 0.000 0.000 0 0 0 0 0 0 0 "" "" 0
221 "0CK104BH56A" 0 "ohm" 302161 302481 337561 338361 350961 0 0 0 0 0 1 0 221 221 0 0 0 0 0.000 0 0 0 3 3 0 0 0 0 0 0 0 0 0 "C1005_T0.5" 0 2 "" 0 3 1 0 0 0 "" 0 0 0 0 0 0 0 0 0 0 0 0 0 0.000 0.000 0.000 0 0 0 0 0 0 0 "" "" 0
235 "0CK122BK56A" 0 "ohm" 302161 302481 337561 338361 350961 0 0 0 0 0 1 0 235 235 0 0 0 0 0.000 0 0 0 3 3 0 0 0 0 0 0 0 0 0 "C1005_T0.5" 0 2 "" 0 3 1 0 0 0 "" 0 0 0 0 0 0 0 0 0 0 0 0 0 0.000 0.000 0.000 0 0 0 0 0 0 0 "" "" 0
248 "0CK223BF5CA" 0 "ohm" 302161 302481 337561 338361 350961 0 0 0 0 0 1 0 248 248 0 0 0 0 0.000 0 0 0 3 3 0 0 0 0 0 0 0 0 0 "C1005_T0.5" 0 2 "" 0 3 1 0 0 0 "" 0 0 0 0 0 0 0 0 0 0 0 0 0 0.000 0.000 0.000 0 0 0 0 0 0 0 "" "" 0
256 "0CK224DK56A" 0 "ohm" 302182 302502 337582 338382 0 0 0 0 0 0 1 0 256 256 0 0 0 0 0.000 0 0 0 3 3 0 0 0 0 0 0 0 0 0 "C2012_T1.25" 0 2 "" 0 3 1 0 0 0 "" 0 0 0 0 0 0 0 0 0 0 0 0 0 0.000 0.000 0.000 0 0 0 0 0 0 0 "" "" 0
273 "0CK332BK56A" 0 "ohm" 302161 302481 337561 338361 350961 0 0 0 0 0 1 0 273 273 0 0 0 0 0.000 0 0 0 3 3 0 0 0 0 0 0 0 0 0 "C1005_T0.5" 0 2 "" 0 3 1 0 0 0 "" 0 0 0 0 0 0 0 0 0 0 0 0 0 0.000 0.000 0.000 0 0 0 0 0 0 0 "" "" 0
289 "0CK473CK56A" 0 "ohm" 302162 302482 337562 338362 350962 0 0 0 0 0 1 82 289 289 0 0 0 0 0.000 90 0 0 3 3 0 0 0 0 0 0 0 0 0 "C1608_t0.8" 0 2 "" 0 3 1 0 0 0 "" 0 0 0 0 0 0 0 0 0 0 0 0 0 0.000 0.000 0.000 0 0 0 0 0 0 0 "" "" 0
295 "0CK475DD56A" 0 "ohm" 302182 302502 337582 338382 0 0 0 0 0 0 1 0 295 295 0 0 0 0 0.000 0 0 0 3 3 0 0 0 0 0 0 0 0 0 "C2012_T1.25" 0 2 "" 0 3 1 0 0 0 "" 0 0 0 0 0 0 0 0 0 0 0 0 0 0.000 0.000 0.000 0 0 0 0 0 0 0 "" "" 0
306 "0CK680BK4DA" 0 "ohm" 302161 302481 337561 338361 350961 0 0 0 0 0 1 0 306 306 0 0 0 0 0.000 0 0 0 3 3 0 0 0 0 0 0 0 0 0 "C1005_T0.5" 0 2 "" 0 3 1 0 0 0 "" 0 0 0 0 0 0 0 0 0 0 0 0 0 0.000 0.000 0.000 0 0 0 0 0 0 0 "" "" 0
307 "0CK682BKK6A" 0 "ohm" 302161 302481 337561 338361 350961 0 0 0 0 0 1 0 307 307 0 0 0 0 0.000 0 0 0 3 3 0 0 0 0 0 0 0 0 0 "C1005_T0.5" 0 2 "" 0 3 1 0 0 0 "" 0 0 0 0 0 0 0 0 0 0 0 0 0 0.000 0.000 0.000 0 0 0 0 0 0 0 "" "" 0
323 "0CZZB00058A" 0 "ohm" 302161 302481 337561 338361 350961 0 0 0 0 0 1 0 323 323 0 0 0 0 0.000 0 0 0 3 3 0 0 0 0 0 0 0 0 0 "C1005_T0.5" 0 2 "" 0 3 1 0 0 0 "" 0 0 0 0 0 0 0 0 0 0 0 0 0 0.000 0.000 0.000 0 0 0 0 0 0 0 "" "" 0
325 "0CZZB00110A" 0 "ohm" 302182 302502 337582 338382 0 0 0 0 0 0 1 0 325 325 0 0 0 0 0.000 0 0 0 3 3 0 0 0 0 0 0 0 0 0 "C3216_T1.6" 0 2 "" 0 3 1 0 0 0 "" 0 0 0 0 0 0 0 0 0 0 0 0 0 0.000 0.000 0.000 0 0 0 0 0 0 0 "" "" 0
345 "0DD184009AA" 0 "ohm" 302182 302502 337582 338382 0 0 0 0 0 0 1 98 345 345 0 0 0 0 90.000 180 0 0 3 3 0 0 0 0 0 0 0 0 0 "minitr-3pin" 0 2 "" 0 1 1 0 0 0 "" 0 0 0 0 0 0 0 0 0 0 0 0 0 0.000 0.000 0.000 0 0 0 0 0 0 0 "" "" 0
555 "0RH1500D622" 0 "ohm" 302162 302482 337562 338362 350962 0 0 0 0 0 1 124 555 555 0 0 0 0 0.000 90 0 0 3 3 0 0 0 0 0 0 0 0 0 "R2012_T0.5" 0 2 "" 0 3 1 0 0 0 "" 0 0 0 0 0 0 0 0 0 0 0 0 0 0.000 0.000 0.000 0 0 0 0 0 0 0 "" "" 0
558 "0RH1502D622" 0 "ohm" 302162 302482 337562 338362 350962 0 0 0 0 0 1 125 558 558 0 0 0 0 0.000 90 0 0 3 3 0 0 0 0 0 0 0 0 0 "R2012_T0.5" 0 2 "" 0 3 1 0 0 0 "" 0 0 0 0 0 0 0 0 0 0 0 0 0 0.000 0.000 0.000 0 0 0 0 0 0 0 "" "" 0
595 "0RH3301D622" 0 "ohm" 302162 302482 337562 338362 350962 0 0 0 0 0 1 137 595 595 0 0 0 0 0.000 90 0 0 3 3 0 0 0 0 0 0 0 0 0 "R2012_T0.5" 0 2 "" 0 3 1 0 0 0 "" 0 0 0 0 0 0 0 0 0 0 0 0 0 0.000 0.000 0.000 0 0 0 0 0 0 0 "" "" 0
648 "0RJ0000C678" 0 "ohm" 302161 302481 337561 338361 350961 0 0 0 0 0 1 0 648 648 0 0 0 0 0.000 0 0 0 3 3 0 0 0 0 0 0 0 0 0 "R1005_T0.35" 0 2 "" 0 3 1 0 0 0 "" 0 0 0 0 0 0 0 0 0 0 0 0 0 0.000 0.000 0.000 0 0 0 0 0 0 0 "" "" 0
651 "0RJ0000G676" 0 "ohm" 302162 302482 337562 338362 350962 0 0 0 0 0 1 150 651 651 0 0 0 0 0.000 90 0 0 3 3 0 0 0 0 0 0 0 0 0 "R3216_t0.55" 0 2 "" 0 3 1 0 0 0 "" 0 0 0 0 0 0 0 0 0 0 0 0 0 0.000 0.000 0.000 0 0 0 0 0 0 0 "" "" 0
657 "0RJ0102D477" 0 "ohm" 302162 302482 337562 338362 350962 0 0 0 0 0 1 152 657 657 0 0 0 0 0.000 90 0 0 3 3 0 0 0 0 0 0 0 0 0 "R1608_T0.45" 0 2 "" 0 3 1 0 0 0 "" 0 0 0 0 0 0 0 0 0 0 0 0 0 0.000 0.000 0.000 0 0 0 0 0 0 0 "" "" 0
668 "0RJ0202C678" 0 "ohm" 302161 302481 337561 338361 350961 0 0 0 0 0 1 0 668 668 0 0 0 0 0.000 0 0 0 3 3 0 0 0 0 0 0 0 0 0 "R1005_T0.35" 0 2 "" 0 3 1 0 0 0 "" 0 0 0 0 0 0 0 0 0 0 0 0 0 0.000 0.000 0.000 0 0 0 0 0 0 0 "" "" 0
680 "0RJ0331D677" 0 "ohm" 302162 302482 337562 338362 350962 0 0 0 0 0 1 165 680 680 0 0 0 0 0.000 90 0 0 3 3 0 0 0 0 0 0 0 0 0 "R1608_T0.45" 0 2 "" 0 3 1 0 0 0 "" 0 0 0 0 0 0 0 0 0 0 0 0 0 0.000 0.000 0.000 0 0 0 0 0 0 0 "" "" 0
716 "0RJ0752C678" 0 "ohm" 302161 302481 337561 338361 350961 0 0 0 0 0 1 0 716 716 0 0 0 0 0.000 0 0 0 3 3 0 0 0 0 0 0 0 0 0 "R1005_T0.35" 0 2 "" 0 3 1 0 0 0 "" 0 0 0 0 0 0 0 0 0 0 0 0 0 0.000 0.000 0.000 0 0 0 0 0 0 0 "" "" 0
718 "0RJ0752D477" 0 "ohm" 302162 302482 337562 338362 350962 0 0 0 0 0 1 184 718 718 0 0 0 0 0.000 90 0 0 3 3 0 0 0 0 0 0 0 0 0 "R1608_T0.45" 0 2 "" 0 3 1 0 0 0 "" 0 0 0 0 0 0 0 0 0 0 0 0 0 0.000 0.000 0.000 0 0 0 0 0 0 0 "" "" 0
786 "0RJ1500D677" 0 "ohm" 302162 302482 337562 338362 350962 0 0 0 0 0 1 224 786 786 0 0 0 0 0.000 90 0 0 3 3 0 0 0 0 0 0 0 0 0 "R1608_T0.45" 0 2 "" 0 3 1 0 0 0 "" 0 0 0 0 0 0 0 0 0 0 0 0 0 0.000 0.000 0.000 0 0 0 0 0 0 0 "" "" 0
792 "0RJ1502D477" 0 "ohm" 302162 302482 337562 338362 350962 0 0 0 0 0 1 227 792 792 0 0 0 0 0.000 90 0 0 3 3 0 0 0 0 0 0 0 0 0 "R1608_T0.45" 0 2 "" 0 3 1 0 0 0 "" 0 0 0 0 0 0 0 0 0 0 0 0 0 0.000 0.000 0.000 0 0 0 0 0 0 0 "" "" 0
802 "0RJ1800C678" 0 "ohm" 302161 302481 337561 338361 350961 0 0 0 0 0 1 0 802 802 0 0 0 0 0.000 0 0 0 3 3 0 0 0 0 0 0 0 0 0 "R1005_T0.35" 0 2 "" 0 3 1 0 0 0 "" 0 0 0 0 0 0 0 0 0 0 0 0 0 0.000 0.000 0.000 0 0 0 0 0 0 0 "" "" 0
806 "0RJ1802C678" 0 "ohm" 302161 302481 337561 338361 350961 0 0 0 0 0 1 0 806 806 0 0 0 0 0.000 0 0 0 3 3 0 0 0 0 0 0 0 0 0 "R1005_T0.35" 0 2 "" 0 3 1 0 0 0 "" 0 0 0 0 0 0 0 0 0 0 0 0 0 0.000 0.000 0.000 0 0 0 0 0 0 0 "" "" 0
821 "0RJ2002C678" 0 "ohm" 302161 302481 337561 338361 350961 0 0 0 0 0 1 0 821 821 0 0 0 0 0.000 0 0 0 3 3 0 0 0 0 0 0 0 0 0 "R1005_T0.35" 0 2 "" 0 3 1 0 0 0 "" 0 0 0 0 0 0 0 0 0 0 0 0 0 0.000 0.000 0.000 0 0 0 0 0 0 0 "" "" 0
838 "0RJ2203C678" 0 "ohm" 302161 302481 337561 338361 350961 0 0 0 0 0 1 0 838 838 0 0 0 0 0.000 0 0 0 3 3 0 0 0 0 0 0 0 0 0 "R1005_T0.35" 0 2 "" 0 3 1 0 0 0 "" 0 0 0 0 0 0 0 0 0 0 0 0 0 0.000 0.000 0.000 0 0 0 0 0 0 0 "" "" 0
852 "0RJ2492C478" 0 "ohm" 302161 302481 337561 338361 350961 0 0 0 0 0 1 0 852 852 0 0 0 0 0.000 0 0 0 3 3 0 0 0 0 0 0 0 0 0 "R1005_T0.35" 0 2 "" 0 3 1 0 0 0 "" 0 0 0 0 0 0 0 0 0 0 0 0 0 0.000 0.000 0.000 0 0 0 0 0 0 0 "" "" 0
877 "0RJ3002D477" 0 "ohm" 302162 302482 337562 338362 350962 0 0 0 0 0 1 270 877 877 0 0 0 0 0.000 90 0 0 3 3 0 0 0 0 0 0 0 0 0 "R1608_T0.45" 0 2 "" 0 3 1 0 0 0 "" 0 0 0 0 0 0 0 0 0 0 0 0 0 0.000 0.000 0.000 0 0 0 0 0 0 0 "" "" 0
890 "0RJ3302D477" 0 "ohm" 302162 302482 337562 338362 350962 0 0 0 0 0 1 276 890 890 0 0 0 0 0.000 90 0 0 3 3 0 0 0 0 0 0 0 0 0 "R1608_T0.45" 0 2 "" 0 3 1 0 0 0 "" 0 0 0 0 0 0 0 0 0 0 0 0 0 0.000 0.000 0.000 0 0 0 0 0 0 0 "" "" 0
930 "0RJ4701D677" 0 "ohm" 302162 302482 337562 338362 350962 0 0 0 0 0 1 298 930 930 0 0 0 0 0.000 90 0 0 3 3 0 0 0 0 0 0 0 0 0 "R1608_T0.45" 0 2 "" 0 3 1 0 0 0 "" 0 0 0 0 0 0 0 0 0 0 0 0 0 0.000 0.000 0.000 0 0 0 0 0 0 0 "" "" 0
933 "0RJ4702D477" 0 "ohm" 302162 302482 337562 338362 350962 0 0 0 0 0 1 299 933 933 0 0 0 0 0.000 90 0 0 3 3 0 0 0 0 0 0 0 0 0 "R1608_T0.45" 0 2 "" 0 3 1 0 0 0 "" 0 0 0 0 0 0 0 0 0 0 0 0 0 0.000 0.000 0.000 0 0 0 0 0 0 0 "" "" 0
935 "0RJ4703C478" 0 "ohm" 302161 302481 337561 338361 350961 0 0 0 0 0 1 0 935 935 0 0 0 0 0.000 0 0 0 3 3 0 0 0 0 0 0 0 0 0 "R1005_T0.35" 0 2 "" 0 3 1 0 0 0 "" 0 0 0 0 0 0 0 0 0 0 0 0 0 0.000 0.000 0.000 0 0 0 0 0 0 0 "" "" 0
954 "0RJ5600C478" 0 "ohm" 302161 302481 337561 338361 350961 0 0 0 0 0 1 0 954 954 0 0 0 0 0.000 0 0 0 3 3 0 0 0 0 0 0 0 0 0 "R1005_T0.35" 0 2 "" 0 3 1 0 0 0 "" 0 0 0 0 0 0 0 0 0 0 0 0 0 0.000 0.000 0.000 0 0 0 0 0 0 0 "" "" 0
979 "0RJ6801D477" 0 "ohm" 302162 302482 337562 338362 350962 0 0 0 0 0 1 325 979 979 0 0 0 0 0.000 90 0 0 3 3 0 0 0 0 0 0 0 0 0 "R1608_T0.45" 0 2 "" 0 3 1 0 0 0 "" 0 0 0 0 0 0 0 0 0 0 0 0 0 0.000 0.000 0.000 0 0 0 0 0 0 0 "" "" 0
995 "0RJ8200C478" 0 "ohm" 302161 302481 337561 338361 350961 0 0 0 0 0 1 0 995 995 0 0 0 0 0.000 0 0 0 3 3 0 0 0 0 0 0 0 0 0 "R1005_T0.35" 0 1 "" 0 3 1 0 0 0 "" 0 0 0 0 0 0 0 0 0 0 0 0 0 0.000 0.000 0.000 0 0 0 0 0 0 0 "" "" 0
1054 "0TR390609DC" 0 "ohm" 302182 302502 337582 338382 0 0 0 0 0 0 1 0 1054 1054 0 0 0 0 90.000 0 0 0 3 3 0 0 0 0 0 0 0 0 0 "MINI TR 3PIN" 0 2 "" 0 3 1 0 0 0 "" 0 0 0 0 0 0 0 0 0 0 0 0 0 0.000 0.000 0.000 0 0 0 0 0 0 0 "" "" 0
1132 "EAE33831901" 0 "ohm" 302182 302502 337582 338382 0 0 0 0 0 0 1 0 1132 1132 0 0 0 0 0.000 0 0 0 3 3 0 0 0 0 0 0 0 0 0 "C2012_T1.25" 0 2 "" 0 3 1 0 0 0 "" 0 0 0 0 0 0 0 0 0 0 0 0 0 0.000 0.000 0.000 0 0 0 0 0 0 0 "" "" 0
1148 "EAE58112401" 0 "ohm" 302161 302481 337561 338361 350961 0 0 0 0 0 1 0 1148 1148 0 0 0 0 0.000 0 0 0 3 3 0 0 0 0 0 0 0 0 0 "C1005_T0.5" 0 2 "" 0 3 1 0 0 0 "" 0 0 0 0 0 0 0 0 0 0 0 0 0 0.000 0.000 0.000 0 0 0 0 0 0 0 "" "" 0
1153 "EAE60364701" 0 "ohm" 302182 302502 337582 338382 0 0 0 0 0 0 1 0 1153 1153 0 0 0 0 0.000 0 0 0 3 3 0 0 0 0 0 0 0 0 0 "C3225_T2.5" 0 2 "" 0 3 1 0 0 0 "" 0 0 0 0 0 0 0 0 0 0 0 0 0 0.000 0.000 0.000 0 0 0 0 0 0 0 "" "" 0
1155 "EAE60663801" 0 "ohm" 302182 302502 337582 338382 0 0 0 0 0 0 1 0 1155 1155 0 0 0 0 0.000 0 0 0 3 3 0 0 0 0 0 0 0 0 0 "C2012_T1.25" 0 2 "" 0 3 1 0 0 0 "" 0 0 0 0 0 0 0 0 0 0 0 0 0 0.000 0.000 0.000 0 0 0 0 0 0 0 "" "" 0
1166 "EAE62771201" 0 "ohm" 302182 302502 337582 338382 0 0 0 0 0 0 1 0 1166 1166 0 0 0 0 0.000 0 0 0 3 3 0 0 0 0 0 0 0 0 0 "C3216_T1.6" 0 2 "" 0 3 1 0 0 0 "" 0 0 0 0 0 0 0 0 0 0 0 0 0 0.000 0.000 0.000 0 0 0 0 0 0 0 "" "" 0
1193 "EAH61433701" 0 "ohm" 302182 302502 337582 338382 0 0 0 0 0 0 1 0 1193 1193 0 0 0 0 90.000 0 0 0 3 3 0 0 0 0 0 0 0 0 0 "MINI TR 3PIN" 0 2 "" 0 3 1 0 0 0 "" 0 0 0 0 0 0 0 0 0 0 0 0 0 0.000 0.000 0.000 0 0 0 0 0 0 0 "" "" 0
1195 "EAH61515101" 0 "ohm" 302182 302502 337582 338382 0 0 0 0 0 0 1 0 1195 1195 0 0 0 0 90.000 0 0 0 3 3 0 0 0 0 0 0 0 0 0 "MINI TR 3PIN" 0 2 "" 0 3 1 0 0 0 "" 0 0 0 0 0 0 0 0 0 0 0 0 0 0.000 0.000 0.000 0 0 0 0 0 0 0 "" "" 0
1196 "EAH61714301" 0 "ohm" 302182 302502 337582 338382 0 0 0 0 0 0 1 0 1196 1196 0 0 0 0 90.000 0 0 0 3 3 0 0 0 0 0 0 0 0 0 "MINI TR 3PIN" 0 2 "" 0 3 1 0 0 0 "" 0 0 0 0 0 0 0 0 0 0 0 0 0 0.000 0.000 0.000 0 0 0 0 0 0 0 "" "" 0
1317 "EAP60778310" 0 "ohm" 302161 302481 337561 338361 350961 0 0 0 0 0 1 0 1317 1317 0 0 0 0 0.000 0 0 0 3 3 0 0 0 0 0 0 0 0 0 "C1005_T0.5" 0 2 "" 0 3 1 0 0 0 "" 0 0 0 0 0 0 0 0 0 0 0 0 0 0.000 0.000 0.000 0 0 0 0 0 0 0 "" "" 0
1323 "EAW30067102" 0 "ohm" 302982 0 0 0 0 0 0 0 0 0 1 0 1323 1323 0 0 0 0 0.000 0 0 0 3 3 0 0 0 0 0 0 0 0 0 "CRYSTAL_T0.8" 0 2 "" 2 1 1 0 0 0 "" 0 0 0 0 0 0 0 0 0 0 0 0 0 0.000 0.000 0.000 0 0 0 0 0 0 0 "" "" 0
1335 "EAW61645502" 0 "ohm" 302022 302342 337422 338222 0 0 0 0 0 0 1 0 1335 1335 0 0 0 0 0.000 0 0 0 3 3 0 0 0 0 0 0 0 0 0 "CRYSTAL_T0.65" 0 2 "0" 0 1 1 0 0 0 "" 0 0 0 0 0 0 0 0 0 0 0 0 0 0.000 0.000 0.000 0 0 0 0 0 0 0 "" "" 0
1338 "EAW62003401" 0 "ohm" 302022 302342 337422 338222 0 0 0 0 0 0 1 414 1338 1338 0 0 0 0 0.000 -90 0 0 3 3 0 0 0 0 0 0 0 0 0 "CRYSTAL_T0.65" 0 2 "" 0 1 1 0 0 0 "" 0 0 0 0 0 0 0 0 0 0 0 0 0 0.000 0.000 0.000 0 0 0 0 0 0 0 "" "" 0
1436 "0CK102EY48A" 0 "ohm" 302182 302502 337582 338382 0 0 0 0 0 0 1 431 1436 1436 0 0 0 0 0.000 90 0 0 3 3 0 0 0 0 0 0 0 0 0 "C3216_T1.0" 0 2 "" 0 3 1 0 0 0 "" 0 0 0 0 0 0 0 0 0 0 0 0 0 0.000 0.000 0.000 0 0 0 0 0 0 0 "" "" 0
1466 "EAN62945801" 0 "ohm" 302182 302502 337582 338382 0 0 0 0 0 0 1 0 1466 1466 0 0 0 0 90.000 0 0 0 3 3 0 0 0 0 0 0 0 0 0 "MINI TR 3PIN" 0 2 "" 0 1 1 0 0 0 "" 0 0 0 0 0 0 0 0 0 0 0 0 0 0.000 0.000 0.000 0 0 0 0 0 0 0 "" "" 0
1469 "0CK105CFG6A" 0 "ohm" 302162 302482 337562 338362 350962 0 0 0 0 0 1 442 1469 1469 0 0 0 0 0.000 90 0 0 3 3 0 0 0 0 0 0 0 0 0 "C1608_t0.8" 0 2 "" 0 3 1 0 0 0 "" 0 0 0 0 0 0 0 0 0 0 0 0 0 0.000 0.000 0.000 0 0 0 0 0 0 0 "" "" 0
1538 "0RJ0100J488" 0 "ohm" 302982 0 0 0 0 0 0 0 0 0 1 0 1538 1538 0 0 0 0 0.000 0 0 0 3 3 0 0 0 0 0 0 0 0 0 "R6432_T0.6" 0 2 "" 2 1 1 0 0 0 "" 0 0 0 0 0 0 0 0 0 0 0 0 0 0.000 0.000 0.000 0 0 0 0 0 0 0 "" "" 0
1547 "6600R00004C" 0 "ohm" 302823 0 0 0 0 0 0 0 0 0 1 0 1547 1547 0 0 0 0 0.000 0 0 0 3 3 0 0 0 0 0 0 0 0 0 "" 0 2 "" 2 1 1 0 0 0 "" 0 0 0 0 0 0 0 0 0 0 0 0 0 0.000 0.000 0.000 0 0 0 0 0 0 0 "" "" 0
1563 "EAE60171701" 0 "ohm" 303624 0 0 0 0 0 0 0 0 0 1 454 1563 1563 0 0 0 0 0.000 -90 0 0 3 3 0 0 0 0 0 0 0 0 0 "ALU9085_T6.45" 0 2 "" 2 1 1 0 0 0 "" 0 0 0 0 0 0 0 0 0 0 0 0 0 0.000 0.000 0.000 0 0 0 0 0 0 0 "" "" 0
1564 "EAE60171702" 0 "ohm" 303624 0 0 0 0 0 0 0 0 0 1 455 1564 1564 0 0 0 0 0.000 -90 0 0 3 3 0 0 0 0 0 0 0 0 0 "ALU9085_T6.45" 0 2 "" 2 1 1 0 0 0 "" 0 0 0 0 0 0 0 0 0 0 0 0 0 0.000 0.000 0.000 0 0 0 0 0 0 0 "" "" 0
1568 "EAE62772301" 0 "ohm" 302182 302502 337582 338382 0 0 0 0 0 0 2 0 1568 1568 0 0 0 0 0.000 0 0 0 3 3 0 0 0 0 0 0 0 0 0 "C2012_T1.25" 0 2 "" 0 3 1 0 0 0 "" 0 0 0 0 0 0 0 0 0 0 0 0 0 0.000 0.000 0.000 0 0 0 0 0 0 0 "" "" 0
1571 "EAG58732903" 0 "ohm" 304424 0 0 0 0 0 0 0 0 0 3 457 1571 1571 0 0 0 0 0.000 180 0 0 3 3 0 0 0 0 0 0 0 0 0 "Connector-1 Side" 0 2 "" 2 1 1 0 0 0 "" 0 0 0 0 0 0 0 0 0 0 0 0 0 0.000 0.000 0.000 0 0 0 0 0 0 0 "" "" 0
1623 "EAN41348201" 0 "ohm" 303623 0 0 0 0 0 0 0 0 0 1 0 1623 1623 0 0 0 0 0.000 0 0 0 3 3 0 0 0 0 0 0 0 0 0 "SOP16" 0 2 "" 2 1 1 0 0 0 "" 0 0 0 0 0 0 0 0 0 0 0 0 0 0.000 0.000 0.000 0 0 0 0 0 0 0 "" "" 0
1694 "EAN62668301" 0 "ohm" 302823 0 0 0 0 0 0 0 0 0 1 0 1694 1694 0 0 0 0 0.000 0 0 0 3 3 0 0 0 0 0 0 0 0 0 "SOP_14PIN" 0 2 "" 2 1 1 0 0 0 "" 0 0 0 0 0 0 0 0 0 0 0 0 0 0.000 0.000 0.000 0 0 0 0 0 0 0 "" "" 0
1743 "EAP61007301" 0 "ohm" 304425 0 0 0 0 0 0 0 0 0 1 0 1743 1743 0 0 0 0 0.000 0 0 0 3 3 0 0 0 0 0 0 0 0 0 "Coil" 0 2 "" 2 1 1 0 0 0 "" 0 0 0 0 0 0 0 0 0 0 0 0 0 0.000 0.000 0.000 0 0 0 0 0 0 0 "" "" 0
1769 "0DSKE00048A" 0 "ohm" 302982 0 0 0 0 0 0 0 0 0 1 0 1769 1769 0 0 0 0 0.000 0 0 0 3 3 0 0 0 0 0 0 0 0 0 "DIODE-2pin" 0 2 "" 2 1 1 0 0 0 "" 0 0 0 0 0 0 0 0 0 0 0 0 0 0.000 0.000 0.000 0 0 0 0 0 0 0 "" "" 0
1771 "EAN60702401" 0 "ohm" 303623 0 0 0 0 0 0 0 0 0 1 0 1771 1771 0 0 0 0 0.000 0 0 0 3 3 0 0 0 0 0 0 0 0 0 "SOP_24P" 0 2 "" 2 1 1 0 0 0 "" 0 0 0 0 0 0 0 0 0 0 0 0 0 0.000 0.000 0.000 0 0 0 0 0 0 0 "" "" 0
1786 "6600Q000070" 0 "ohm" 303624 0 0 0 0 0 0 0 0 0 1 0 1786 1786 0 0 0 0 0.000 0 0 0 3 3 0 0 0 0 0 1 0 0 0 "SWITCH" 0 2 "" 2 1 1 0 0 0 "" 0 0 0 0 0 0 0 0 0 0 0 0 0 0.000 0.000 0.000 0 0 0 0 0 0 0 "" "" 0
1799 "EAN63491301" 0 "ohm" 302182 302502 337582 338382 0 0 0 0 0 0 1 0 1799 1799 0 0 0 0 90.000 0 0 0 3 3 0 0 0 0 0 0 0 0 0 "minitr-3pin" 0 2 "" 0 1 1 0 0 0 "" 0 0 0 0 0 0 0 0 0 0 0 0 0 0.000 0.000 0.000 0 0 0 0 0 0 0 "" "" 0
1803 "EBK61913702" 0 "ohm" 302182 302502 337582 338382 0 0 0 0 0 0 1 0 1803 1803 0 0 0 0 90.000 0 0 0 3 3 0 0 0 0 0 0 0 0 0 "minitr-3pin" 0 2 "" 0 3 1 0 0 0 "" 0 0 0 0 0 0 0 0 0 0 0 0 0 0.000 0.000 0.000 0 0 0 0 0 0 0 "" "" 0
1808 "0DTKE00018A" 0 "ohm" 302182 302502 337582 338382 0 0 0 0 0 0 1 0 1808 1808 0 0 0 0 0.000 0 0 0 3 3 0 0 0 0 0 0 0 0 0 "sminidiode-2pin" 0 2 "" 0 3 1 0 0 0 "" 0 0 0 0 0 0 0 0 0 0 0 0 0 0.000 0.000 0.000 0 0 0 0 0 0 0 "" "" 0
1964 "EAH62735601" 0 "ohm" 302182 302502 337582 338382 0 0 0 0 0 0 1 0 1964 1964 0 0 0 0 90.000 0 0 0 3 3 0 0 0 0 0 0 0 0 0 "MINI TR 3PIN" 0 2 "" 0 3 1 0 0 0 "" 0 0 0 0 0 0 0 0 0 0 0 0 0 0.000 0.000 0.000 0 0 0 0 0 0 0 "" "" 0
1981 "EBC62582708" 0 "ohm" 302161 302481 337561 338361 350961 0 0 0 0 0 1 497 1981 1981 0 0 0 0 0.000 90 0 0 3 3 0 0 0 0 0 0 0 0 0 "ARRAY1010_T0.35" 0 2 "" 0 3 1 0 0 0 "" 0 0 0 0 0 0 0 0 0 0 0 0 0 0.000 0.000 0.000 0 0 0 0 0 0 0 "" "" 0
1992 "6212AB2015C" 0 "ohm" 304424 0 0 0 0 0 0 0 0 0 1 0 1992 1992 0 0 0 0 0.000 0 0 0 3 3 0 0 0 0 0 0 0 0 0 "Crystal_2P" 0 2 "" 2 1 1 0 0 0 "" 0 0 0 0 0 0 0 0 0 0 0 0 0 0.000 0.000 0.000 0 0 0 0 0 0 0 "" "" 0
2074 "EAN63530002" 0 "ohm" 302182 302502 337582 338382 0 0 0 0 0 0 1 0 2074 2074 0 0 0 0 90.000 0 0 0 3 3 0 0 0 0 0 0 0 0 0 "minitr_6P" 0 2 "" 0 1 1 0 0 0 "" 0 0 0 0 0 0 0 0 0 0 0 0 0 0.000 0.000 0.000 0 0 0 0 0 0 0 "" "" 0
2078 "EBK63231701" 0 "ohm" 302182 302502 337582 338382 0 0 0 0 0 0 1 0 2078 2078 0 0 0 0 90.000 0 0 0 3 3 0 0 0 0 0 0 0 0 0 "minitr-3pin" 0 2 "" 0 3 1 0 0 0 "" 0 0 0 0 0 0 0 0 0 0 0 0 0 0.000 0.000 0.000 0 0 0 0 0 0 0 "" "" 0
2079 "EBK63231801" 0 "ohm" 302182 302502 337582 338382 0 0 0 0 0 0 1 0 2079 2079 0 0 0 0 90.000 0 0 0 3 3 0 0 0 0 0 0 0 0 0 "minitr-3pin" 0 2 "" 0 3 1 0 0 0 "" 0 0 0 0 0 0 0 0 0 0 0 0 0 0.000 0.000 0.000 0 0 0 0 0 0 0 "" "" 0
2091 "0RJ2700C478" 0 "ohm" 302161 302481 337561 338361 350961 0 0 0 0 0 1 0 2091 2091 0 0 0 0 0.000 0 0 0 3 3 0 0 0 0 0 0 0 0 0 "R1005_T0.35" 0 2 "" 0 3 1 0 0 0 "" 0 0 0 0 0 0 0 0 0 0 0 0 0 0.000 0.000 0.000 0 0 0 0 0 0 0 "" "" 0
2107 "EAV62055001" 0 "ohm" 303623 0 0 0 0 0 0 0 0 0 1 0 2107 2107 0 0 0 0 0.000 0 0 0 3 3 0 0 0 0 0 0 0 0 0 "Connector-1 Side" 0 2 "" 0 3 1 0 0 0 "" 0 0 0 0 0 0 0 0 0 0 0 0 0 0.000 0.000 0.000 0 0 0 0 0 0 0 "" "" 0
2116 "EAP62506418" 0 "ohm" 302823 0 0 0 0 0 0 0 0 0 1 0 2116 2116 0 0 0 0 0.000 0 0 0 3 3 0 0 0 0 0 0 0 0 0 "Coil" 0 2 "" 2 1 1 0 0 0 "" 0 0 0 0 0 0 0 0 0 0 0 0 0 0.000 0.000 0.000 0 0 0 0 0 0 0 "" "" 0
2118 "EAW62583501" 0 "ohm" 302022 302342 337422 338222 0 0 0 0 0 0 1 0 2118 2118 0 0 0 0 0.000 0 180 0 3 3 0 0 0 0 0 0 0 0 0 "CRYSTAL_3225_T0.65" 0 2 "" 0 1 1 0 0 0 "" 0 0 0 0 0 0 0 0 0 0 0 0 0 0.000 0.000 0.000 0 0 0 0 0 0 0 "" "" 0
2166 "0RH9101C422" 0 "ohm" 302162 302482 337562 338362 350962 360092 361092 0 0 0 1 575 2166 2166 0 0 0 0 0.000 90 0 0 3 3 0 0 0 0 0 0 0 0 0 "R1608_T0.45" 0 2 "" 0 3 1 0 0 0 "" 0 0 0 0 0 0 0 0 0 0 0 0 0 0.000 0.000 0.000 0 0 0 0 0 0 0 "" "" 0
2184 "EAG65031501" 0 "ohm" 302823 0 0 0 0 0 0 0 0 0 1 0 2184 2184 0 0 0 0 0.000 0 0 0 3 3 0 0 0 0 0 0 0 0 0 "Gasket_3t" 0 2 "" 0 3 1 0 0 0 "" 0 0 0 0 0 0 0 0 0 0 0 0 0 0.000 0.000 0.000 0 0 0 0 0 0 0 "" "" 0
2185 "MDS65793801" 0 "ohm" 302822 0 0 0 0 0 0 0 0 0 1 0 2185 2185 0 0 0 0 0.000 0 0 0 3 3 0 0 0 0 0 0 0 0 0 "Gasket_3t" 0 2 "" 0 2 1 0 0 0 "" 0 0 0 0 0 0 1 0 0 0 0 0 0 0.000 0.000 0.000 0 0 0 0 0 0 0 "" "" 0
2190 "EAN64287201" 0 "ohm" 302823 0 0 0 0 0 0 0 0 0 1 0 2190 2190 0 0 0 0 0.000 0 0 0 3 3 0 0 0 0 0 0 0 0 0 "SOP_8PIN" 0 2 "" 2 1 1 0 0 0 "" 0 0 0 0 0 0 0 0 0 0 0 0 0 0.000 0.000 0.000 0 0 0 0 0 0 0 "" "" 0
2191 "EAN64429401" 0 "ohm" 302823 0 0 0 0 0 0 0 0 0 1 0 2191 2191 0 0 0 0 0.000 0 0 0 3 3 0 0 0 0 0 0 0 0 0 "SOP_8PIN" 0 2 "" 2 1 1 0 0 0 "" 0 0 0 0 0 0 0 0 0 0 0 0 0 0.000 0.000 0.000 0 0 0 0 0 0 0 "" "" 0
2202 "EBC62857610" 0 "ohm" 302161 302481 337561 338361 350961 0 0 0 0 0 1 0 2202 2202 0 0 0 0 0.000 0 0 0 3 3 0 0 0 0 0 0 0 0 0 "R1005_T0.35" 0 2 "" 0 3 1 0 0 0 "" 0 0 0 0 0 0 0 0 0 0 0 0 0 0.000 0.000 0.000 0 0 0 0 0 0 0 "" "" 0
2206 "EAN64387501" 0 "ohm" 302182 302502 337582 338382 0 0 0 0 0 0 1 597 2206 2206 0 0 0 0 90.000 180 0 0 3 3 0 0 0 0 0 0 0 0 0 "minitr_6P" 0 2 "" 0 1 1 0 0 0 "" 0 0 0 0 0 0 0 0 0 0 0 0 0 0.000 0.000 0.000 0 0 0 0 0 0 0 "" "" 0
2207 "EAH63512701" 0 "ohm" 302182 302502 337582 338382 0 0 0 0 0 0 1 598 2207 2207 0 0 0 0 90.000 180 0 0 3 3 0 0 0 0 0 0 0 0 0 "MINI TR 3PIN" 0 2 "" 0 3 1 0 0 0 "" 0 0 0 0 0 0 0 0 0 0 0 0 0 0.000 0.000 0.000 0 0 0 0 0 0 0 "" "" 0
2211 "EAN64432302" 0 "ohm" 302182 302502 337582 338382 0 0 0 0 0 0 1 599 2211 2211 0 0 0 0 90.000 0 0 0 3 3 0 0 0 0 0 0 0 0 0 "minitr_5P" 0 2 "" 0 1 1 0 0 0 "" 0 0 0 0 0 0 0 0 0 0 0 0 0 0.000 0.000 0.000 0 0 0 0 0 0 0 "" "" 0
2212 "EAG63312702" 0 "ohm" 304424 0 0 0 0 0 0 0 0 0 1 0 2212 2212 0 0 0 0 0.000 0 0 0 3 3 0 0 0 0 0 0 0 0 0 "Wafer_4P" 0 2 "" 2 1 1 0 0 0 "" 0 0 0 0 0 0 0 0 0 0 0 0 0 0.000 0.000 0.000 0 0 0 0 0 0 0 "" "" 0
2218 "EAH63512601" 0 "ohm" 302182 302502 337582 338382 0 0 0 0 0 0 1 604 2218 2218 0 0 0 0 0.000 -90 0 0 3 3 0 0 0 0 0 0 0 0 0 "sminidiode-2pin" 0 2 "" 0 3 1 0 0 0 "" 0 0 0 0 0 0 0 0 0 0 0 0 0 0.000 0.000 0.000 0 0 0 0 0 0 0 "" "" 0
2249 "EAN64895201" 0 "ohm" 302823 0 0 0 0 0 0 0 0 0 1 0 2249 2249 0 0 0 0 0.000 0 0 0 3 3 0 0 0 0 0 0 0 0 0 "SOP_8PIN" 0 2 "" 2 1 1 0 0 0 "" 0 0 0 0 0 0 0 0 0 0 0 0 0 0.000 0.000 0.000 0 0 0 0 0 0 0 "" "" 0
2253 "EBC62997001" 0 "ohm" 302162 302482 337562 338362 350962 0 0 0 0 0 1 619 2253 2253 0 0 0 0 0.000 90 0 0 3 3 0 0 0 0 0 0 0 0 0 "R3216_t0.55" 0 2 "" 0 3 1 0 0 0 "" 0 0 0 0 0 0 0 0 0 0 0 0 0 0.000 0.000 0.000 0 0 0 0 0 0 0 "" "" 0
2254 "EAN64989601" 0 "ohm" 302823 0 0 0 0 0 0 0 0 0 1 0 2254 2254 0 0 0 0 0.000 0 0 0 3 3 0 0 0 0 0 0 0 0 0 "QFN_28P" 0 2 "" 2 1 1 0 0 0 "" 0 0 0 0 0 0 0 0 0 0 0 0 0 0.000 0.000 0.000 0 0 0 0 0 0 0 "" "" 0
2264 "EAP63806303" 0 "ohm" 303624 0 0 0 0 0 0 0 0 0 1 0 2264 2264 0 0 0 0 0.000 0 0 0 3 3 0 0 0 0 0 0 0 0 0 "COIL" 0 2 "" 0 3 1 0 0 0 "" 0 0 0 0 0 0 0 0 0 0 0 0 0 0.000 0.000 0.000 0 0 0 0 0 0 0 "" "" 0
2274 "EAP62506406" 0 "ohm" 302823 0 0 0 0 0 0 0 0 0 1 0 2274 2274 0 0 0 0 0.000 0 0 0 3 3 0 0 0 0 0 0 0 0 0 "Coil" 0 2 "" 2 1 1 0 0 0 "" 0 0 0 0 0 0 0 0 0 0 0 0 0 0.000 0.000 0.000 0 0 0 0 0 0 0 "" "" 0
2281 "0RJ1601C477" 0 "ohm" 302162 302482 337562 338362 350962 0 0 0 0 0 1 623 2281 2281 0 0 0 0 0.000 90 0 0 3 3 0 0 0 0 0 0 0 0 0 "R1608_T0.45" 0 1 "" 0 3 1 0 0 0 "" 0 0 0 0 0 0 0 0 0 0 0 0 0 0.000 0.000 0.000 0 0 0 0 0 0 0 "" "" 0
2282 "EBK64051601" 0 "ohm" 302182 302502 337582 338382 0 0 0 0 0 0 1 0 2282 2282 0 0 0 0 90.000 0 0 0 3 3 0 0 0 0 0 0 0 0 0 "minitr-3pin" 0 2 "" 0 3 1 0 0 0 "" 0 0 0 0 0 0 0 0 0 0 0 0 0 0.000 0.000 0.000 0 0 0 0 0 0 0 "" "" 0
2283 "EAW40110703" 0 "ohm" 302022 302342 337422 338222 0 0 0 0 0 0 1 0 2283 2283 0 0 0 0 0.000 0 0 0 3 3 0 0 0 0 0 0 0 0 0 "CRYSTAL_T0.65" 0 2 "0" 0 1 1 0 0 0 "" 0 0 0 0 0 0 0 0 0 0 0 0 0 0.000 0.000 0.000 0 0 0 0 0 0 0 "" "" 0
2284 "EAN64550401" 0 "ohm" 302823 0 0 0 0 0 0 0 0 0 1 0 2284 2284 0 0 0 0 0.000 0 0 0 3 3 0 0 0 0 0 0 0 0 0 "SOP_8PIN" 0 2 "" 2 1 1 0 0 0 "" 0 0 0 0 0 0 0 0 0 0 0 0 0 0.000 0.000 0.000 0 0 0 0 0 0 0 "" "" 0
2286 "EAV61935201" 0 "ohm" 302182 302502 337582 338382 0 0 0 0 0 0 1 0 2286 2286 0 0 0 0 0.000 0 0 0 3 3 0 0 0 0 0 0 0 0 0 "LED-2pin" 0 2 "" 0 3 1 0 0 0 "" 0 0 0 0 0 0 0 0 0 0 0 0 0 0.000 0.000 0.000 0 0 0 0 0 0 0 "" "" 0
2293 "0RH1002D422" 0 "ohm" 302162 302482 337562 338362 350962 0 0 0 0 0 1 624 2293 2293 0 0 0 0 0.000 90 0 0 3 3 0 0 0 0 0 0 0 0 0 "R2012_T0.5" 0 2 "" 0 3 1 0 0 0 "" 0 0 0 0 0 0 0 0 0 0 0 0 0 0.000 0.000 0.000 0 0 0 0 0 0 0 "" "" 0
2298 "EAN64131802" 0 "ohm" 303623 0 0 0 0 0 0 0 0 0 1 0 2298 2298 0 0 0 0 0.000 0 0 0 3 3 0 0 0 0 0 0 0 0 0 "SOP_28P" 0 2 "" 2 1 1 0 0 0 "" 0 0 0 0 0 0 0 0 0 0 0 0 0 0.000 0.000 0.000 0 0 0 0 0 0 0 "" "" 0
2300 "EAE63602101" 0 "ohm" 302182 302502 337582 338382 0 0 0 0 0 0 1 0 2300 2300 0 0 0 0 0.000 0 0 0 3 3 0 0 0 0 0 0 0 0 0 "C2012_T1.25" 0 2 "" 0 3 1 0 0 0 "" 0 0 0 0 0 0 0 0 0 0 0 0 0 0.000 0.000 0.000 0 0 0 0 0 0 0 "" "" 0
2327 "EAN63986101" 0 "ohm" 302823 360183 361183 0 0 0 0 0 0 0 1 629 2327 2327 0 0 0 0 0.000 -90 0 0 3 3 0 0 0 0 0 0 0 0 0 "QFN 24PIN" 0 2 "" 2 1 1 0 0 0 "" 0 0 0 0 0 0 0 0 0 0 0 0 0 0.000 0.000 0.000 0 0 0 0 0 0 0 "" "" 0
2408 "0RH0101G622" 0 "ohm" 302162 302482 337562 338362 350962 0 0 0 0 0 1 633 2408 2408 0 0 0 0 0.000 90 0 0 3 3 0 0 0 0 0 0 0 0 0 "R3216_t0.55" 0 2 "" 0 3 1 0 0 0 "" 0 0 0 0 0 0 0 0 0 0 0 0 0 0.000 0.000 0.000 0 0 0 0 0 0 0 "" "" 0
2412 "EAH64532501" 0 "ohm" 302982 0 0 0 0 0 0 0 0 0 1 635 2412 2412 0 0 0 0 0.000 -90 0 0 3 3 0 0 0 0 0 0 0 0 0 "Diode-2pin" 0 2 "" 2 1 1 0 0 0 "" 0 0 0 0 0 0 0 0 0 0 0 0 0 0.000 0.000 0.000 0 0 0 0 0 0 0 "" "" 0
2413 "EAH64532601" 0 "ohm" 302182 302502 337582 338382 0 0 0 0 0 0 1 0 2413 2413 0 0 0 0 0.000 0 0 0 3 3 0 0 0 0 0 0 0 0 0 "sminidiode-2pin" 0 2 "" 0 3 0 0 0 0 "" 0 0 0 0 0 0 0 0 0 0 0 0 0 0.000 0.000 0.000 0 0 0 0 0 0 0 "" "" 0
2414 "EAH64532701" 0 "ohm" 303623 0 0 0 0 0 0 0 0 0 1 0 2414 2414 0 0 0 0 0.000 0 0 0 3 3 0 0 0 0 0 0 0 0 0 "Diode_2P" 0 2 "" 2 1 1 0 0 0 "" 0 0 0 0 0 0 0 0 0 0 0 0 0 0.000 0.000 0.000 0 0 0 0 0 0 0 "" "" 0
2419 "EAN65566601" 0 "ohm" 302823 0 0 0 0 0 0 0 0 0 1 0 2419 2419 0 0 0 0 0.000 0 0 0 3 3 0 0 0 0 0 0 0 0 0 "QFN_20P" 0 2 "" 2 1 1 0 0 0 "" 0 0 0 0 0 0 0 0 0 0 0 0 0 0.000 0.000 0.000 0 0 0 0 0 0 0 "" "" 0
2421 "EAN65585801" 0 "ohm" 302823 0 0 0 0 0 0 0 0 0 1 0 2421 2421 0 0 0 0 0.000 0 0 0 3 3 0 0 0 0 0 0 0 0 0 "SOP_8PIN" 0 2 "" 2 1 1 0 0 0 "" 0 0 0 0 0 0 0 0 0 0 0 0 0 0.000 0.000 0.000 0 0 0 0 0 0 0 "" "" 0
2428 "EAN65725801" 0 "ohm" 302823 0 0 0 0 0 0 0 0 0 1 637 2428 2428 0 0 0 0 0.000 180 0 0 3 3 0 0 0 0 0 0 0 0 0 "Powertr-SOT223" 0 2 "" 0 3 1 0 0 0 "" 0 0 0 0 0 0 0 0 0 0 0 0 0 0.000 0.000 0.000 0 0 0 0 0 0 0 "" "" 0
2439 "EAP39314704" 0 "ohm" 302162 302482 337562 338362 350962 0 0 0 0 0 1 0 2439 2439 0 0 0 0 0.000 0 0 0 3 3 0 0 0 0 0 0 0 0 0 "C2012_T0.85" 0 2 "" 0 3 1 0 0 0 "" 0 0 0 0 0 0 0 0 0 0 0 0 0 0.000 0.000 0.000 0 0 0 0 0 0 0 "" "" 0
2441 "EAN65806202" 0 "ohm" 302823 0 0 0 0 0 0 0 0 0 1 0 2441 2441 0 0 0 0 0.000 0 0 0 3 3 0 0 0 0 0 0 0 0 0 "DFN-8PIN" 0 2 "" 0 3 1 0 0 0 "" 0 0 0 0 0 0 0 0 0 0 0 0 0 0.000 0.000 0.000 0 0 0 0 0 0 0 "" "" 0
2457 "EAH63373101" 0 "ohm" 302181 302501 337581 338381 0 0 0 0 0 0 1 0 2457 2457 0 0 0 0 0.000 0 0 0 3 3 0 0 0 0 0 0 0 0 0 "sminidiode-2pin" 0 2 "" 0 3 1 0 0 0 "" 0 0 0 0 0 0 0 0 0 0 0 0 0 0.000 0.000 0.000 0 0 0 0 0 0 0 "" "" 0
2471 "EAN64668801" 0 "ohm" 302022 302342 337422 338222 0 0 0 0 0 0 1 0 2471 2471 0 0 0 0 0.000 0 0 0 3 3 0 0 0 0 0 0 0 0 0 "QFN 12PIN" 0 2 "" 2 1 1 0 0 0 "" 0 0 0 0 0 0 0 0 0 0 0 0 0 0.000 0.000 0.000 0 0 0 0 0 0 0 "" "" 0
2475 "EBK64992901" 0 "ohm" 302182 302502 337582 338382 0 0 0 0 0 0 1 0 2475 2475 0 0 0 0 90.000 0 0 0 3 3 0 0 0 0 0 0 0 0 0 "minitr-3pin" 0 2 "" 0 3 1 0 0 0 "" 0 0 0 0 0 0 0 0 0 0 0 0 0 0.000 0.000 0.000 0 0 0 0 0 0 0 "" "" 0
2477 "EAM63070201" 0 "ohm" 302162 302482 337562 338362 350962 0 0 0 0 0 1 650 2477 2477 0 0 0 0 0.000 90 0 0 3 3 0 0 0 0 0 0 0 0 0 "C2125_T0.85" 0 2 "" 0 3 1 0 0 0 "" 0 0 0 0 0 0 0 0 0 0 0 0 0 0.000 0.000 0.000 0 0 0 0 0 0 0 "" "" 0
2481 "EAH64894901" 0 "ohm" 302182 302502 337582 338382 0 0 0 0 0 0 1 651 2481 2481 0 0 0 0 0.000 -90 0 0 3 3 0 0 0 0 0 0 0 0 0 "sminidiode-2pin" 0 2 "" 0 3 1 0 0 0 "" 0 0 0 0 0 0 0 0 0 0 0 0 0 0.000 0.000 0.000 0 0 0 0 0 0 0 "" "" 0
2482 "EAW61645510" 0 "ohm" 302022 302342 337422 338222 0 0 0 0 0 0 1 0 2482 2482 0 0 0 0 0.000 0 0 0 3 3 0 0 0 0 0 0 0 0 0 "CRYSTAL_T0.65" 0 2 "" 0 1 1 0 0 0 "" 0 0 0 0 0 0 0 0 0 0 0 0 0 0.000 0.000 0.000 0 0 0 0 0 0 0 "" "" 0
2485 "EAP65069901" 0 "ohm" 303624 0 0 0 0 0 0 0 0 0 1 0 2485 2485 0 0 0 0 0.000 0 0 0 3 3 0 0 0 0 0 0 0 0 0 "Coil_5t" 0 2 "" 0 3 1 0 0 0 "" 0 0 0 0 0 0 0 0 0 0 0 0 0 0.000 0.000 0.000 0 0 0 0 0 0 0 "" "" 0
2486 "EAP65069902" 0 "ohm" 303624 0 0 0 0 0 0 0 0 0 1 0 2486 2486 0 0 0 0 0.000 0 0 0 3 3 0 0 0 0 0 0 0 0 0 "Coil_5t" 0 2 "" 0 3 1 0 0 0 "" 0 0 0 0 0 0 0 0 0 0 0 0 0 0.000 0.000 0.000 0 0 0 0 0 0 0 "" "" 0
2488 "EAP65048202" 0 "ohm" 302823 0 0 0 0 0 0 0 0 0 1 0 2488 2488 0 0 0 0 0.000 0 0 0 3 3 0 0 0 0 0 0 0 0 0 "COIL_4.35t" 0 2 "" 0 3 1 0 0 0 "" 0 0 0 0 0 0 0 0 0 0 0 0 0 0.000 0.000 0.000 0 0 0 0 0 0 0 "" "" 0
2489 "EAN65566804" 0 "ohm" 302182 302502 337582 338382 0 0 0 0 0 0 1 0 2489 2489 0 0 0 0 90.000 0 0 0 3 3 0 0 0 0 0 0 0 0 0 "minitr_6P" 0 2 "" 0 3 1 0 0 0 "" 0 0 0 0 0 0 0 0 0 0 0 0 0 0.000 0.000 0.000 0 0 0 0 0 0 0 "" "" 0
2535 "EAE66007201" 0 "ohm" 303624 0 0 0 0 0 0 0 0 0 1 655 2535 2535 0 0 0 0 0.000 -90 0 0 3 3 0 0 0 0 0 0 0 0 0 "ALU9085_T6.45" 0 2 "" 2 1 1 0 0 0 "" 0 0 0 0 0 0 0 0 0 0 0 0 0 0.000 0.000 0.000 0 0 0 0 0 0 0 "" "" 0
2537 "EAP65069501" 0 "ohm" 303624 0 0 0 0 0 0 0 0 0 1 0 2537 2537 0 0 0 0 0.000 0 0 0 3 3 0 0 0 0 0 0 0 0 0 "Coil_2.85t" 0 2 "" 0 3 1 0 0 0 "" 0 0 0 0 0 0 0 0 0 0 0 0 0 0.000 0.000 0.000 0 0 0 0 0 0 0 "" "" 0
2538 "EAP65048201" 0 "ohm" 302823 0 0 0 0 0 0 0 0 0 1 0 2538 2538 0 0 0 0 0.000 0 0 0 3 3 0 0 0 0 0 0 0 0 0 "COIL_4.35t" 0 2 "" 0 3 1 0 0 0 "" 0 0 0 0 0 0 0 0 0 0 0 0 0 0.000 0.000 0.000 0 0 0 0 0 0 0 "" "" 0
2540 "EAN66054101" 0 "ohm" 302823 0 0 0 0 0 0 0 0 0 1 0 2540 2540 0 0 0 0 0.000 0 0 0 3 3 0 0 0 0 0 0 0 0 0 "SOP_8PIN" 0 2 "" 2 1 1 0 0 0 "" 0 0 0 0 0 0 0 0 0 0 0 0 0 0.000 0.000 0.000 0 0 0 0 0 0 0 "" "" 0
2542 "EAP60778312" 0 "ohm" 302161 302481 337561 338361 350961 0 0 0 0 0 1 0 2542 2542 0 0 0 0 0.000 0 0 0 3 3 0 0 0 0 0 0 0 0 0 "C1005_T0.5" 0 2 "" 0 3 1 0 0 0 "" 0 0 0 0 0 0 0 0 0 0 0 0 0 0.000 0.000 0.000 0 0 0 0 0 0 0 "" "" 0
2567 "0RH0101C622" 0 "ohm" 302162 302482 337562 338362 350962 360092 361092 0 0 0 1 659 2567 2567 0 0 0 0 0.000 90 0 0 3 3 0 0 0 0 0 0 0 0 0 "R1608_T0.45" 0 1 "" 0 3 1 0 0 0 "" 0 0 0 0 0 0 0 0 0 0 0 0 0 0.000 0.000 0.000 0 0 0 0 0 0 0 "" "" 0
2578 "EAW61645509" 0 "ohm" 302022 302342 337422 338222 0 0 0 0 0 0 1 0 2578 2578 0 0 0 0 0.000 0 0 0 3 3 0 0 0 0 0 0 0 0 0 "CRYSTAL_T0.65" 0 2 "" 0 1 1 0 0 0 "" 0 0 0 0 0 0 0 0 0 0 0 0 0 0.000 0.000 0.000 0 0 0 0 0 0 0 "" "" 0
2589 "EAP65069401" 0 "ohm" 302823 0 0 0 0 0 0 0 0 0 1 0 2589 2589 0 0 0 0 0.000 0 0 0 3 3 0 0 0 0 0 0 0 0 0 "COIL_4.8t" 0 2 "" 0 1 1 0 0 0 "" 0 0 0 0 0 0 0 0 0 0 0 0 0 0.000 0.000 0.000 0 0 0 0 0 0 0 "" "" 0
2598 "EAN66321201" 0 "ohm" 302823 0 0 0 0 0 0 0 0 0 1 0 2598 2598 0 0 0 0 0.000 0 0 0 3 3 0 0 0 0 0 0 0 0 0 "QFN_16P" 0 2 "" 0 3 1 0 0 0 "" 0 0 0 0 0 0 0 0 0 0 0 0 0 0.000 0.000 0.000 0 0 0 0 0 0 0 "" "" 0
2599 "EAN66317601" 0 "ohm" 303624 0 0 0 0 0 0 0 0 0 1 666 2599 2599 0 0 0 0 0.000 -90 0 0 3 3 0 0 0 0 0 0 0 0 0 "QFN 40PIN" 0 2 "" 2 1 1 0 0 0 "" 0 0 0 0 0 0 0 0 0 0 0 0 0 0.000 0.000 0.000 0 0 0 0 0 0 0 "" "" 0
2602 "EBK65177501" 0 "ohm" 302182 302502 337582 338382 0 0 0 0 0 0 1 668 2602 2602 0 0 0 0 0.000 180 0 0 3 3 0 0 0 0 0 0 0 0 0 "MINI TR 3PIN" 0 2 "" 0 3 1 0 0 0 "" 0 0 0 0 0 0 0 0 0 0 0 0 0 0.000 0.000 0.000 0 0 0 0 0 0 0 "" "" 0
2609 "0RJ0391E472" 0 "ohm" 302162 302482 337562 338362 350962 0 0 0 0 0 1 670 2609 2609 0 0 0 0 0.000 90 0 0 3 3 0 0 0 0 0 0 0 0 0 "R2012_T0.5" 0 2 "" 0 3 1 0 0 0 "" 0 0 0 0 0 0 0 0 0 0 0 0 0 0.000 0.000 0.000 0 0 0 0 0 0 0 "" "" 0
2617 "EAN66333101" 0 "ohm" 303623 0 0 0 0 0 0 0 0 0 1 0 2617 2617 0 0 0 0 0.000 0 0 0 3 3 0 0 0 0 0 0 0 0 0 "SOP_16PIN" 0 2 "" 0 3 0 0 0 0 "" 0 0 0 0 0 0 0 0 0 0 0 0 0 0.000 0.000 0.000 0 0 0 0 0 0 0 "" "" 0
2620 "EAH65065001" 0 "ohm" 302182 302502 337582 338382 0 0 0 0 0 0 1 0 2620 2620 0 0 0 0 90.000 0 0 0 3 3 0 0 0 0 0 0 0 0 0 "MINI TR 3PIN" 0 2 "" 0 3 1 0 0 0 "" 0 0 0 0 0 0 0 0 0 0 0 0 0 0.000 0.000 0.000 0 0 0 0 0 0 0 "" "" 0
2621 "EAN66333801" 0 "ohm" 303624 0 0 0 0 0 0 0 0 0 1 0 2621 2621 0 0 0 0 0.000 0 0 0 3 3 0 0 0 0 0 0 0 0 0 "SOP_28P" 0 2 "" 2 1 1 0 0 0 "" 0 0 0 0 0 0 0 0 0 0 0 0 0 0.000 0.000 0.000 0 0 0 0 0 0 0 "" "" 0
2682 "EBC00711607" 0 "ohm" 302162 302482 337562 338362 350962 0 0 0 0 0 1 679 2682 2682 0 0 0 0 0.000 90 0 0 3 3 0 0 0 0 0 0 0 0 0 "R1608_T0.45" 0 2 "" 0 3 1 0 0 0 "" 0 0 0 0 0 0 0 0 0 0 0 0 0 0.000 0.000 0.000 0 0 0 0 0 0 0 "" "" 0
2806 "0RH3301C422" 0 "ohm" 302162 302482 337562 338362 350962 360092 361092 0 0 0 1 694 2806 2806 0 0 0 0 0.000 90 0 0 3 3 0 0 0 0 0 0 0 0 0 "R1608_T0.45" 0 2 "" 0 3 1 0 0 0 "" 0 0 0 0 0 0 0 0 0 0 0 0 0 0.000 0.000 0.000 0 0 0 0 0 0 0 "" "" 0
2822 "0RH0222C622" 0 "ohm" 302162 302482 337562 338362 350962 0 0 0 0 0 1 697 2822 2822 0 0 0 0 0.000 90 0 0 3 3 0 0 0 0 0 0 0 0 0 "R1608_T0.45" 0 2 "" 0 3 1 0 0 0 "" 0 0 0 0 0 0 0 0 0 0 0 0 0 0.000 0.000 0.000 0 0 0 0 0 0 0 "" "" 0
2843 "0RH1000C422" 0 "ohm" 302162 302482 337562 338362 350962 0 0 0 0 0 1 703 2843 2843 0 0 0 0 0.000 90 0 0 3 3 0 0 0 0 0 0 0 0 0 "R1608_T0.45" 0 2 "" 0 3 1 0 0 0 "" 0 0 0 0 0 0 0 0 0 0 0 0 0 0.000 0.000 0.000 0 0 0 0 0 0 0 "" "" 0
2850 "EAH64895001" 0 "ohm" 302182 302502 337582 338382 0 0 0 0 0 0 1 0 2850 2850 0 0 0 0 0.000 0 0 0 3 3 0 0 0 0 0 0 0 0 0 "sminidiode-2pin" 0 2 "" 0 3 1 0 0 0 "" 0 0 0 0 0 0 0 0 0 0 0 0 0 0.000 0.000 0.000 0 0 0 0 0 0 0 "" "" 0
2868 "EAN66106501" 0 "ohm" 302182 302502 337582 338382 0 0 0 0 0 0 1 0 2868 2868 0 0 0 0 90.000 0 0 0 3 3 0 0 0 0 0 0 0 0 0 "SOP_8P" 0 2 "" 0 3 1 0 0 0 "" 0 0 0 0 0 0 0 0 0 0 0 0 0 0.000 0.000 0.000 0 0 0 0 0 0 0 "" "" 0
2874 "EAV62054902" 0 "ohm" 303623 360243 361243 0 0 0 0 0 0 0 1 0 2874 2874 0 0 0 0 0.000 0 0 0 3 3 0 0 0 0 0 0 0 0 0 "Connector-1 Side" 0 2 "" 0 3 1 0 0 0 "" 0 0 0 0 0 0 0 0 0 0 0 0 0 0.000 0.000 0.000 0 0 0 0 0 0 0 "" "" 0
2877 "EAN66393601" 0 "ohm" 303623 0 0 0 0 0 0 0 0 0 1 0 2877 2877 0 0 0 0 0.000 0 0 0 3 3 0 0 0 0 0 0 0 0 0 "QFN_40P" 0 2 "" 2 1 1 0 0 0 "" 0 0 0 0 0 0 0 0 0 0 0 0 0 0.000 0.000 0.000 0 0 0 0 0 0 0 "" "" 0
2898 "EAN66400101" 0 "ohm" 302823 0 0 0 0 0 0 0 0 0 1 0 2898 2898 0 0 0 0 0.000 0 0 0 3 3 0 0 0 0 0 0 0 0 0 "SOP_14PIN" 0 2 "" 2 1 1 0 0 0 "" 0 0 0 0 0 0 0 0 0 0 0 0 0 0.000 0.000 0.000 0 0 0 0 0 0 0 "" "" 0
2899 "EAW64250701" 0 "ohm" 302182 302502 337582 338382 0 0 0 0 0 0 1 0 2899 2899 0 0 0 0 0.000 0 0 0 3 3 0 0 0 0 0 0 0 0 0 "CRYSTAL_T0.46" 0 2 "" 0 1 1 0 0 0 "" 0 0 0 0 0 0 0 0 0 0 0 0 0 0.000 0.000 0.000 0 0 0 0 0 0 0 "" "" 0
2905 "EAN64429402" 0 "ohm" 302823 0 0 0 0 0 0 0 0 0 1 0 2905 2905 0 0 0 0 0.000 0 0 0 3 3 0 0 0 0 0 0 0 0 0 "SOP_8PIN" 0 2 "" 2 1 1 0 0 0 "" 0 0 0 0 0 0 0 0 0 0 0 0 0 0.000 0.000 0.000 0 0 0 0 0 0 0 "" "" 0
2906 "0RH5601D422" 0 "ohm" 302162 302482 337562 338362 350962 0 0 0 0 0 1 719 2906 2906 0 0 0 0 0.000 90 0 0 3 3 0 0 0 0 0 0 0 0 0 "R2012_T0.5" 0 2 "" 0 3 1 0 0 0 "" 0 0 0 0 0 0 0 0 0 0 0 0 0 0.000 0.000 0.000 0 0 0 0 0 0 0 "" "" 0
2915 "EAF64547503" 0 "ohm" 302161 302481 337561 338361 350961 0 0 0 0 0 1 0 2915 2915 0 0 0 0 0.000 0 0 0 3 3 0 0 0 0 0 0 0 0 0 "C1005_T0.5" 0 2 "" 0 3 1 0 0 0 "" 0 0 0 0 0 0 0 0 0 0 0 0 0 0.000 0.000 0.000 0 0 0 0 0 0 0 "" "" 0
2916 "EAN66401801" 0 "ohm" 302823 0 0 0 0 0 0 0 0 0 1 722 2916 2916 0 0 0 0 0.000 -90 0 0 3 3 0 0 0 0 0 0 0 0 0 "QFN 14PIN" 0 2 "" 2 1 1 0 0 0 "" 0 0 0 0 0 0 0 0 0 0 0 0 0 0.000 0.000 0.000 0 0 0 0 0 0 0 "" "" 0
2919 "MDS67604602" 0 "ohm" 303624 0 0 0 0 0 0 0 0 0 1 0 2919 2919 0 0 0 0 0.000 0 0 0 3 3 0 0 0 0 0 0 0 0 0 "Gasket_9t" 0 2 "" 2 1 1 0 0 0 "" 0 0 0 0 0 0 1 0 0 0 0 0 0 0.000 0.000 0.000 0 0 0 0 0 0 0 "" "" 0
2948 "EAE66279001" 0 "ohm" 302182 302502 337582 338382 360152 361152 0 0 0 0 1 730 2948 2948 0 0 0 0 0.000 90 0 0 3 3 0 0 0 0 0 0 0 0 0 "C3216_T1.15" 0 2 "" 0 3 1 0 0 0 "" 0 0 0 0 0 0 0 0 0 0 0 0 0 0.000 0.000 0.000 0 0 0 0 0 0 0 "" "" 0
3021 "EAN66411201" 0 "ohm" 302182 302502 337582 338382 0 0 0 0 0 0 1 0 3021 3021 0 0 0 0 90.000 0 0 0 3 3 0 0 0 0 0 0 0 0 0 "minitr_6P" 0 2 "" 0 1 1 0 0 0 "" 0 0 0 0 0 0 0 0 0 0 0 0 0 0.000 0.000 0.000 0 0 0 0 0 0 0 "" "" 0
3060 "0RJ1200C477" 0 "ohm" 302162 302482 337562 338362 350962 360092 361092 0 0 0 1 758 3060 3060 0 0 0 0 0.000 90 0 0 3 3 0 0 0 0 0 0 0 0 0 "R1608_T0.45" 0 1 "" 0 3 1 0 0 0 "" 0 0 0 0 0 0 0 0 0 0 0 0 0 0.000 0.000 0.000 0 0 0 0 0 0 0 "" "" 0
3067 "0RH5102C422" 0 "ohm" 302162 302482 337562 338362 350962 360092 361092 0 0 0 1 764 3067 3067 0 0 0 0 0.000 90 0 0 3 3 0 0 0 0 0 0 0 0 0 "R1608_T0.45" 0 2 "" 0 3 1 0 0 0 "" 0 0 0 0 0 0 0 0 0 0 0 0 0 0.000 0.000 0.000 0 0 0 0 0 0 0 "" "" 0
3069 "0RJ3601C477" 0 "ohm" 302162 302482 337562 338362 350962 360092 361092 0 0 0 1 766 3069 3069 0 0 0 0 0.000 90 0 0 3 3 0 0 0 0 0 0 0 0 0 "R1608_T0.45" 0 2 "" 0 3 1 0 0 0 "" 0 0 0 0 0 0 0 0 0 0 0 0 0 0.000 0.000 0.000 0 0 0 0 0 0 0 "" "" 0
3083 "0RJ9100C478" 0 "ohm" 302161 302481 337561 338361 350961 360091 361091 0 0 0 1 0 3083 3083 0 0 0 0 0.000 0 0 0 3 3 0 0 0 0 0 0 0 0 0 "R1005_T0.35" 0 2 "" 0 3 1 0 0 0 "" 0 0 0 0 0 0 0 0 0 0 0 0 0 0.000 0.000 0.000 0 0 0 0 0 0 0 "" "" 0
3088 "MDS62110242" 0 "ohm" 304424 360304 361304 0 0 0 0 0 0 0 1 0 3088 3088 0 0 0 0 0.000 0 0 0 3 3 0 0 0 0 0 0 0 0 0 "Gasket_8t" 0 2 "" 2 1 1 0 0 0 "" 0 0 0 0 0 0 1 0 0 0 0 0 0 0.000 0.000 0.000 0 0 0 0 0 0 0 "" "" 0
3101 "EAH61114201" 0 "ohm" 302823 0 0 0 0 0 0 0 0 0 1 0 3101 3101 0 0 0 0 0.000 0 0 0 3 3 0 0 0 0 0 0 0 0 0 "DIODE-2pin" 0 2 "" 2 1 1 0 0 0 "" 0 0 0 0 0 0 1 0 0 0 0 0 0 0.000 0.000 0.000 0 0 0 0 0 0 0 "" "" 0
3108 "EBK65194901" 0 "ohm" 302182 302502 337582 338382 360152 361152 0 0 0 0 1 0 3108 3108 0 0 0 0 0.000 0 0 0 3 3 0 0 0 0 0 0 0 0 0 "MINI TR 3PIN" 0 2 "" 0 3 1 0 0 0 "" 0 0 0 0 0 0 0 0 0 0 0 0 0 0.000 0.000 0.000 0 0 0 0 0 0 0 "" "" 0
3110 "EAH65079001" 0 "ohm" 302182 302502 337582 338382 360152 361152 0 0 0 0 1 0 3110 3110 0 0 0 0 0.000 0 0 0 3 3 0 0 0 0 0 0 0 0 0 "MINI TR 3PIN" 0 2 "" 0 3 1 0 0 0 "" 0 0 0 0 0 0 0 0 0 0 0 0 0 0.000 0.000 0.000 0 0 0 0 0 0 0 "" "" 0
3111 "EBK65195001" 0 "ohm" 302182 302502 337582 338382 360152 361152 0 0 0 0 1 0 3111 3111 0 0 0 0 0.000 0 0 0 3 3 0 0 0 0 0 0 0 0 0 "MINI TR 3PIN" 0 2 "" 0 3 1 0 0 0 "" 0 0 0 0 0 0 0 0 0 0 0 0 0 0.000 0.000 0.000 0 0 0 0 0 0 0 "" "" 0
3112 "EAH65079401" 0 "ohm" 302982 0 0 0 0 0 0 0 0 0 1 0 3112 3112 0 0 0 0 0.000 0 0 0 3 3 0 0 0 0 0 0 0 0 0 "DIODE-2pin" 0 2 "" 0 3 1 0 0 0 "" 0 0 0 0 0 0 0 0 0 0 0 0 0 0.000 0.000 0.000 0 0 0 0 0 0 0 "" "" 0
3113 "EAH65079501" 0 "ohm" 302982 0 0 0 0 0 0 0 0 0 1 0 3113 3113 0 0 0 0 0.000 0 0 0 3 3 0 0 0 0 0 0 0 0 0 "DIODE-2pin" 0 2 "" 0 3 1 0 0 0 "" 0 0 0 0 0 0 0 0 0 0 0 0 0 0.000 0.000 0.000 0 0 0 0 0 0 0 "" "" 0
3114 "EAP65276402" 0 "ohm" 302823 360183 361183 0 0 0 0 0 0 0 1 0 3114 3114 0 0 0 0 0.000 0 0 0 3 3 0 0 0 0 0 0 0 0 0 "Coil" 0 2 "" 0 3 1 0 0 0 "" 0 0 0 0 0 0 0 0 0 0 0 0 0 0.000 0.000 0.000 0 0 0 0 0 0 0 "" "" 0
3115 "EAP65276405" 0 "ohm" 304425 360305 361305 0 0 0 0 0 0 0 1 0 3115 3115 0 0 0 0 0.000 0 0 0 3 3 0 0 0 0 0 0 0 0 0 "Coil" 0 2 "" 0 3 0 0 0 0 "" 0 0 0 0 0 0 0 0 0 0 0 0 0 0.000 0.000 0.000 0 0 0 0 0 0 0 "" "" 0
3116 "EAP65276501" 0 "ohm" 302182 302502 337582 338382 360152 361152 0 0 0 0 1 0 3116 3116 0 0 0 0 0.000 0 0 0 3 3 0 0 0 0 0 0 0 0 0 "C2125_t0.85" 0 2 "" 0 3 1 0 0 0 "" 0 0 0 0 0 0 0 0 0 0 0 0 0 0.000 0.000 0.000 0 0 0 0 0 0 0 "" "" 0
3117 "EAP65276403" 0 "ohm" 303624 0 0 0 0 0 0 0 0 0 1 0 3117 3117 0 0 0 0 0.000 0 0 0 3 3 0 0 0 0 0 0 0 0 0 "Coil" 0 2 "" 0 3 1 0 0 0 "" 0 0 0 0 0 0 0 0 0 0 0 0 0 0.000 0.000 0.000 0 0 0 0 0 0 0 "" "" 0
3118 "EAP65276401" 0 "ohm" 303624 0 0 0 0 0 0 0 0 0 1 0 3118 3118 0 0 0 0 0.000 0 0 0 3 3 0 0 0 0 0 0 0 0 0 "Coil" 0 2 "" 0 3 1 0 0 0 "" 0 0 0 0 0 0 0 0 0 0 0 0 0 0.000 0.000 0.000 0 0 0 0 0 0 0 "" "" 0
3119 "EAH65079201" 0 "ohm" 302182 302502 337582 338382 360152 361152 0 0 0 0 1 0 3119 3119 0 0 0 0 0.000 0 0 0 3 3 0 0 0 0 0 0 0 0 0 "MINI TR 3PIN" 0 2 "" 0 3 1 0 0 0 "" 0 0 0 0 0 0 0 0 0 0 0 0 0 0.000 0.000 0.000 0 0 0 0 0 0 0 "" "" 0
3120 "EAM62850301" 0 "ohm" 302162 302482 337562 338362 350962 0 0 0 0 0 1 0 3120 3120 0 0 0 0 0.000 0 0 0 3 3 0 0 0 0 0 0 0 0 0 "C2012_T0.85" 0 2 "" 0 3 1 0 0 0 "" 0 0 0 0 0 0 0 0 0 0 0 0 0 0.000 0.000 0.000 0 0 0 0 0 0 0 "" "" 0
3123 "EBK65195101" 0 "ohm" 302182 302502 337582 338382 360152 361152 0 0 0 0 1 0 3123 3123 0 0 0 0 0.000 0 0 0 3 3 0 0 0 0 0 0 0 0 0 "MINI TR 3PIN" 0 2 "" 0 3 1 0 0 0 "" 0 0 0 0 0 0 0 0 0 0 0 0 0 0.000 0.000 0.000 0 0 0 0 0 0 0 "" "" 0
3124 "EAM61130603" 0 "ohm" 302161 302481 337561 338361 350961 0 0 0 0 0 1 777 3124 3124 0 0 0 0 0.000 90 0 0 3 3 0 0 0 0 0 0 0 0 0 "C1005_t0.5" 0 2 "" 0 3 1 0 0 0 "" 0 0 0 0 0 0 0 0 0 0 0 0 0 0.000 0.000 0.000 0 0 0 0 0 0 0 "" "" 0
3126 "EAN65994801" 0 "ohm" 302823 0 0 0 0 0 0 0 0 0 1 0 3126 3126 0 0 0 0 0.000 0 0 0 3 3 0 0 0 0 0 0 0 0 0 "SOP_8PIN" 0 2 "" 2 1 1 0 0 0 "" 0 0 0 0 0 0 0 0 0 0 0 0 0 0.000 0.000 0.000 0 0 0 0 0 0 0 "" "" 0
3128 "EAE66306801" 0 "ohm" 302182 302502 337582 338382 360152 361152 0 0 0 0 1 0 3128 3128 0 0 0 0 0.000 0 0 0 3 3 0 0 0 0 0 0 0 0 0 "C2012_T1.25" 0 2 "" 0 3 1 0 0 0 "" 0 0 0 0 0 0 0 0 0 0 0 0 0 0.000 0.000 0.000 0 0 0 0 0 0 0 "" "" 0
3131 "EAH65079101" 0 "ohm" 303623 0 0 0 0 0 0 0 0 0 1 0 3131 3131 0 0 0 0 0.000 0 0 0 3 3 0 0 0 0 0 0 0 0 0 "Diode" 0 2 "" 2 1 1 0 0 0 "" 0 0 0 0 0 0 0 0 0 0 0 0 0 0.000 0.000 0.000 0 0 0 0 0 0 0 "" "" 0
3132 "EAP65276404" 0 "ohm" 303624 0 0 0 0 0 0 0 0 0 1 0 3132 3132 0 0 0 0 0.000 0 0 0 3 3 0 0 0 0 0 0 0 0 0 "Coil" 0 2 "" 0 3 1 0 0 0 "" 0 0 0 0 0 0 0 0 0 0 0 0 0 0.000 0.000 0.000 0 0 0 0 0 0 0 "" "" 0
3133 "EAN66476101" 0 "ohm" 302823 0 0 0 0 0 0 0 0 0 1 0 3133 3133 0 0 0 0 0.000 0 0 0 3 3 0 0 0 0 0 0 0 0 0 "SOP_8PIN" 0 2 "" 2 1 1 0 0 0 "" 0 0 0 0 0 0 0 0 0 0 0 0 0 0.000 0.000 0.000 0 0 0 0 0 0 0 "" "" 0
3137 "EAE66302101" 0 "ohm" 302182 302502 337582 338382 360152 361152 0 0 0 0 1 0 3137 3137 0 0 0 0 0.000 0 0 0 3 3 0 0 0 0 0 0 0 0 0 "C2012_T1.25" 0 2 "" 0 3 1 0 0 0 "" 0 0 0 0 0 0 0 0 0 0 0 0 0 0.000 0.000 0.000 0 0 0 0 0 0 0 "" "" 0
3156 "0RH6800C622" 0 "ohm" 302162 302482 337562 338362 350962 360092 361092 0 0 0 1 783 3156 3156 0 0 0 0 0.000 90 0 0 3 3 0 0 0 0 0 0 0 0 0 "R1608_T0.45" 0 1 "" 0 3 1 0 0 0 "" 0 0 0 0 0 0 0 0 0 0 0 0 0 0.000 0.000 0.000 0 0 0 0 0 0 0 "" "" 0
3210 "EBC61197701" 0 "ohm" 302161 302481 337561 338361 350961 360091 361091 0 0 0 1 0 3210 3210 0 0 0 0 0.000 0 0 0 3 3 0 0 0 0 0 0 0 0 0 "ARRAY2010_T0.35" 0 2 "" 0 3 1 0 0 0 "" 0 0 0 0 0 0 0 0 0 0 0 0 0 0.000 0.000 0.000 0 0 0 0 0 0 0 "" "" 0
3211 "EAN66526401" 0 "ohm" 302182 302502 337582 338382 360152 361152 0 0 0 0 1 0 3211 3211 0 0 0 0 0.000 0 0 0 3 3 0 0 0 0 0 0 0 0 0 "QFN_10PIN" 0 2 "" 2 1 1 0 0 0 "" 0 0 0 0 0 0 0 0 0 0 0 0 0 0.000 0.000 0.000 0 0 0 0 0 0 0 "" "" 0
3224 "EAN66526301" 0 "ohm" 302182 302502 337582 338382 360152 361152 0 0 0 0 1 0 3224 3224 0 0 0 0 0.000 0 0 0 3 3 0 0 0 0 0 0 0 0 0 "MINI TR 3PIN" 0 2 "" 0 3 1 0 0 0 "" 0 0 0 0 0 0 0 0 0 0 0 0 0 0.000 0.000 0.000 0 0 0 0 0 0 0 "" "" 0
3225 "EAW64262701" 0 "ohm" 302022 302342 337422 338222 0 0 0 0 0 0 1 0 3225 3225 0 0 0 0 0.000 0 0 0 3 3 0 0 0 0 0 0 0 0 0 "CRYSTAL_3225_T0.65" 0 2 "" 0 1 1 0 0 0 "" 0 0 0 0 0 0 0 0 0 0 0 0 0 0.000 0.000 0.000 0 0 0 0 0 0 0 "" "" 0
3230 "EAH65081501" 0 "ohm" 302983 360213 361213 0 0 0 0 0 0 0 1 0 3230 3230 0 0 0 0 0.000 0 0 0 3 3 0 0 0 0 0 0 0 0 0 "DIODE-2pin" 0 1 "" 0 3 1 0 0 0 "" 0 0 0 0 0 0 0 0 0 0 0 0 0 0.000 0.000 0.000 0 0 0 0 0 0 0 "" "" 0
3231 "EAH65088901" 0 "ohm" 302182 302502 337582 338382 360152 361152 0 0 0 0 1 800 3231 3231 0 0 0 0 0.000 90 0 0 3 3 0 0 0 0 0 0 0 0 0 "ARRAY2010_T0.5" 0 2 "" 0 3 1 0 0 0 "" 0 0 0 0 0 0 0 0 0 0 0 0 0 0.000 0.000 0.000 0 0 0 0 0 0 0 "" "" 0
3232 "EAH65088801" 0 "ohm" 302182 302502 337582 338382 360152 361152 0 0 0 0 1 801 3232 3232 0 0 0 0 0.000 90 0 0 3 3 0 0 0 0 0 0 0 0 0 "ARRAY2010_T0.5" 0 2 "" 0 3 1 0 0 0 "" 0 0 0 0 0 0 0 0 0 0 0 0 0 0.000 0.000 0.000 0 0 0 0 0 0 0 "" "" 0
3233 "EBC62997015" 0 "ohm" 302162 302482 337562 338362 350962 0 0 0 0 0 1 802 3233 3233 0 0 0 0 0.000 90 0 0 3 3 0 0 0 0 0 0 0 0 0 "R3216_t0.55" 0 2 "" 0 3 1 0 0 0 "" 0 0 0 0 0 0 0 0 0 0 0 0 0 0.000 0.000 0.000 0 0 0 0 0 0 0 "" "" 0
3236 "EAP65276409" 0 "ohm" 302823 0 0 0 0 0 0 0 0 0 1 0 3236 3236 0 0 0 0 0.000 0 0 0 3 3 0 0 0 0 0 0 0 0 0 "Coil_4.35t" 0 2 "" 0 1 1 0 0 0 "" 0 0 0 0 0 0 0 0 0 0 0 0 0 0.000 0.000 0.000 0 0 0 0 0 0 0 "" "" 0
3237 "EAP65276411" 0 "ohm" 303624 360244 361244 0 0 0 0 0 0 0 1 0 3237 3237 0 0 0 0 0.000 0 0 0 3 3 0 0 0 0 0 0 0 0 0 "COIL_4.35t" 0 2 "" 0 3 1 0 0 0 "" 0 0 0 0 0 0 0 0 0 0 0 0 0 0.000 0.000 0.000 0 0 0 0 0 0 0 "" "" 0
3238 "EAP65276412" 0 "ohm" 303624 360244 361244 0 0 0 0 0 0 0 1 0 3238 3238 0 0 0 0 0.000 0 0 0 3 3 0 0 0 0 0 0 0 0 0 "COIL_4.35t" 0 2 "" 0 3 1 0 0 0 "" 0 0 0 0 0 0 0 0 0 0 0 0 0 0.000 0.000 0.000 0 0 0 0 0 0 0 "" "" 0
3239 "EAP65276414" 0 "ohm" 303624 360244 361244 0 0 0 0 0 0 0 1 0 3239 3239 0 0 0 0 0.000 0 0 0 3 3 0 0 0 0 0 0 0 0 0 "COIL_4.8t" 0 2 "" 0 1 1 0 0 0 "" 0 0 0 0 0 0 0 0 0 0 0 0 0 0.000 0.000 0.000 0 0 0 0 0 0 0 "" "" 0
3240 "EAP65284901" 0 "ohm" 303624 0 0 0 0 0 0 0 0 0 1 0 3240 3240 0 0 0 0 0.000 0 0 0 3 3 0 0 0 0 0 0 0 0 0 "Coil" 0 2 "" 0 3 1 0 0 0 "" 0 0 0 0 0 0 0 0 0 0 0 0 0 0.000 0.000 0.000 0 0 0 0 0 0 0 "" "" 0
3241 "EAN66549101" 0 "ohm" 302182 302502 337582 338382 0 0 0 0 0 0 1 0 3241 3241 0 0 0 0 90.000 0 0 0 3 3 0 0 0 0 0 0 0 0 0 "minitr_5P" 0 2 "" 0 1 1 0 0 0 "" 0 0 0 0 0 0 0 0 0 0 0 0 0 0.000 0.000 0.000 0 0 0 0 0 0 0 "" "" 0
3242 "EAN66538001" 0 "ohm" 302182 302502 337582 338382 0 0 0 0 0 0 1 0 3242 3242 0 0 0 0 90.000 0 0 0 3 3 0 0 0 0 0 0 0 0 0 "minitr_6P" 0 2 "" 0 3 1 0 0 0 "" 0 0 0 0 0 0 0 0 0 0 0 0 0 0.000 0.000 0.000 0 0 0 0 0 0 0 "" "" 0
3243 "EAN66534401" 0 "ohm" 302823 0 0 0 0 0 0 0 0 0 1 803 3243 3243 0 0 0 0 0.000 -90 0 0 3 3 0 0 0 0 0 0 0 0 0 "QFN 18PIN" 0 2 "" 2 1 1 0 0 0 "" 0 0 0 0 0 0 0 0 0 0 0 0 0 0.000 0.000 0.000 0 0 0 0 0 0 0 "" "" 0
3245 "EAH65089601" 0 "ohm" 302982 0 0 0 0 0 0 0 0 0 1 805 3245 3245 0 0 0 0 0.000 -90 0 0 3 3 0 0 0 0 0 0 0 0 0 "Diode-2pin" 0 2 "" 2 1 1 0 0 0 "" 0 0 0 0 0 0 1 0 0 0 0 0 0 0.000 0.000 0.000 0 0 0 0 0 0 0 "" "" 0
3246 "EAP65284501" 0 "ohm" 302823 360183 361183 0 0 0 0 0 0 0 1 0 3246 3246 0 0 0 0 0.000 0 0 0 3 3 0 0 0 0 0 0 0 0 0 "Coil" 0 2 "" 0 3 1 0 0 0 "" 0 0 0 0 0 0 0 0 0 0 0 0 0 0.000 0.000 0.000 0 0 0 0 0 0 0 "" "" 0
3247 "EBC65736201" 0 "ohm" 302162 302482 337562 338362 350962 360092 361092 0 0 0 1 806 3247 3247 0 0 0 0 0.000 90 0 0 3 3 0 0 0 0 0 0 0 0 0 "R3216_t0.55" 0 2 "" 0 3 1 0 0 0 "" 0 0 0 0 0 0 0 0 0 0 0 0 0 0.000 0.000 0.000 0 0 0 0 0 0 0 "" "" 0
3248 "EBC65736301" 0 "ohm" 302162 302482 337562 338362 350962 360092 361092 0 0 0 1 807 3248 3248 0 0 0 0 0.000 90 0 0 3 3 0 0 0 0 0 0 0 0 0 "R3216_t0.55" 0 2 "" 0 3 1 0 0 0 "" 0 0 0 0 0 0 0 0 0 0 0 0 0 0.000 0.000 0.000 0 0 0 0 0 0 0 "" "" 0
3249 "EAE66332901" 0 "ohm" 302162 302482 337562 338362 350962 0 0 0 0 0 1 808 3249 3249 0 0 0 0 0.000 90 0 0 3 3 0 0 0 0 0 0 0 0 0 "C1608_t0.8" 0 2 "" 0 3 1 0 0 0 "" 0 0 0 0 0 0 0 0 0 0 0 0 0 0.000 0.000 0.000 0 0 0 0 0 0 0 "" "" 0
3250 "EBK62072502" 0 "ohm" 302182 302502 337582 338382 0 0 0 0 0 0 1 0 3250 3250 0 0 0 0 90.000 0 0 0 3 3 0 0 0 0 0 0 0 0 0 "MINI TR 3PIN" 0 2 "" 0 3 1 0 0 0 "" 0 0 0 0 0 0 0 0 0 0 0 0 0 0.000 0.000 0.000 0 0 0 0 0 0 0 "" "" 0
3256 "EAN66549001" 0 "ohm" 302182 302502 337582 338382 0 0 0 0 0 0 1 0 3256 3256 0 0 0 0 90.000 0 0 0 3 3 0 0 0 0 0 0 0 0 0 "minitr_5P" 0 2 "" 0 1 1 0 0 0 "" 0 0 0 0 0 0 0 0 0 0 0 0 0 0.000 0.000 0.000 0 0 0 0 0 0 0 "" "" 0
3258 "EAP65284701" 0 "ohm" 302823 0 0 0 0 0 0 0 0 0 1 0 3258 3258 0 0 0 0 0.000 0 0 0 3 3 0 0 0 0 0 0 0 0 0 "COIL_4.35t" 0 2 "" 0 3 1 0 0 0 "" 0 0 0 0 0 0 0 0 0 0 0 0 0 0.000 0.000 0.000 0 0 0 0 0 0 0 "" "" 0
3263 "EAE66301001" 0 "ohm" 302182 302502 337582 338382 0 0 0 0 0 0 1 0 3263 3263 0 0 0 0 0.000 0 0 0 3 3 0 0 0 0 0 0 0 0 0 "C2012_T1.25" 0 2 "" 0 3 1 0 0 0 "" 0 0 0 0 0 0 0 0 0 0 0 0 0 0.000 0.000 0.000 0 0 0 0 0 0 0 "" "" 0
3264 "0RJ2401C477" 0 "ohm" 302162 302482 337562 338362 350962 360092 361092 0 0 0 1 810 3264 3264 0 0 0 0 0.000 90 0 0 3 3 0 0 0 0 0 0 0 0 0 "R1608_T0.45" 0 2 "" 0 3 1 0 0 0 "" 0 0 0 0 0 0 0 0 0 0 0 0 0 0.000 0.000 0.000 0 0 0 0 0 0 0 "" "" 0
3266 "EAP65284801" 0 "ohm" 303624 360244 361244 0 0 0 0 0 0 0 1 0 3266 3266 0 0 0 0 0.000 0 0 0 3 3 0 0 0 0 0 0 0 0 0 "Coil" 0 2 "" 0 3 1 0 0 0 "" 0 0 0 0 0 0 0 0 0 0 0 0 0 0.000 0.000 0.000 0 0 0 0 0 0 0 "" "" 0
3267 "0RH2402C422" 0 "ohm" 302162 302482 337562 338362 350962 0 0 0 0 0 1 811 3267 3267 0 0 0 0 0.000 90 0 0 3 3 0 0 0 0 0 0 0 0 0 "R1608_T0.45" 0 2 "" 0 3 1 0 0 0 "" 0 0 0 0 0 0 0 0 0 0 0 0 0 0.000 0.000 0.000 0 0 0 0 0 0 0 "" "" 0
3273 "EAN66482501" 0 "ohm" 302823 0 0 0 0 0 0 0 0 0 1 812 3273 3273 0 0 0 0 0.000 -90 0 0 3 3 0 0 0 0 0 0 0 0 0 "QFN 18PIN" 0 2 "" 2 1 1 0 0 0 "" 0 0 0 0 0 0 0 0 0 0 0 0 0 0.000 0.000 0.000 0 0 0 0 0 0 0 "" "" 0
3275 "6322A00028C" 0 "ohm" 302161 302481 337561 338361 350961 0 0 0 0 0 1 0 3275 3275 0 0 0 0 0.000 0 0 0 3 3 0 0 0 0 0 0 0 0 0 "C1005_T0.5" 0 2 "" 0 3 1 0 0 0 "" 0 0 0 0 0 0 0 0 0 0 0 0 0 0.000 0.000 0.000 0 0 0 0 0 0 0 "" "" 0
3276 "EAE60659102" 0 "ohm" 302824 360184 361184 0 0 0 0 0 0 0 1 0 3276 3276 0 0 0 0 0.000 0 0 0 3 3 0 0 0 0 0 0 0 0 0 "ALU5353_T5.5" 0 2 "" 0 0 1 0 0 0 "" 0 0 0 0 0 0 0 0 0 0 0 0 0 0.000 0.000 0.000 0 0 0 0 0 0 0 "" "" 0
3277 "EAH65098601" 0 "ohm" 303783 0 0 0 0 0 0 0 0 0 1 0 3277 3277 0 0 0 0 0.000 0 0 0 3 3 0 0 0 0 0 0 0 0 0 "Diode-2pin" 0 2 "" 2 1 1 0 0 0 "" 0 0 0 0 0 0 0 0 0 0 0 0 0 0.000 0.000 0.000 0 0 0 0 0 0 0 "" "" 0
3278 "EAN66583501" 0 "ohm" 302182 302502 337582 338382 0 0 0 0 0 0 1 0 3278 3278 0 0 0 0 90.000 0 0 0 3 3 0 0 0 0 0 0 0 0 0 "minitr_6P" 0 2 "" 0 3 1 0 0 0 "" 0 0 0 0 0 0 0 0 0 0 0 0 0 0.000 0.000 0.000 0 0 0 0 0 0 0 "" "" 0
3288 "EAE66354401" 0 "ohm" 302182 302502 337582 338382 0 0 0 0 0 0 1 0 3288 3288 0 0 0 0 0.000 0 0 0 3 3 0 0 0 0 0 0 0 0 0 "C2012_T1.25" 0 2 "" 0 3 1 0 0 0 "" 0 0 0 0 0 0 0 0 0 0 0 0 0 0.000 0.000 0.000 0 0 0 0 0 0 0 "" "" 0
3289 "EAF64547504" 0 "ohm" 302161 302481 337561 338361 350961 0 0 0 0 0 1 0 3289 3289 0 0 0 0 0.000 0 0 0 3 3 0 0 0 0 0 0 0 0 0 "C1005_T0.5" 0 2 "" 0 3 1 0 0 0 "" 0 0 0 0 0 0 0 0 0 0 0 0 0 0.000 0.000 0.000 0 0 0 0 0 0 0 "" "" 0
3290 "EAH65098301" 0 "ohm" 303623 0 0 0 0 0 0 0 0 0 1 0 3290 3290 0 0 0 0 0.000 0 0 0 3 3 0 0 0 0 0 0 0 0 0 "Diode 2P" 0 2 "" 2 1 1 0 0 0 "" 0 0 0 0 0 0 0 0 0 0 0 0 0 0.000 0.000 0.000 0 0 0 0 0 0 0 "" "" 0
3291 "EAM65804601" 0 "ohm" 302161 302481 337561 338361 350961 360091 361091 0 0 0 1 0 3291 3291 0 0 0 0 0.000 0 0 0 3 3 0 0 0 0 0 0 0 0 0 "C1005_T0.5" 0 2 "" 0 3 1 0 0 0 "" 0 0 0 0 0 0 0 0 0 0 0 0 0 0.000 0.000 0.000 0 0 0 0 0 0 0 "" "" 0
3292 "EAM65804603" 0 "ohm" 302162 302482 337562 338362 350962 0 0 0 0 0 1 0 3292 3292 0 0 0 0 0.000 0 0 0 3 3 0 0 0 0 0 0 0 0 0 "C2012_T0.85" 0 2 "" 0 3 1 0 0 0 "" 0 0 0 0 0 0 0 0 0 0 0 0 0 0.000 0.000 0.000 0 0 0 0 0 0 0 "" "" 0
3293 "EAN64368906" 0 "ohm" 303624 0 0 0 0 0 0 0 0 0 1 0 3293 3293 0 0 0 0 0.000 0 0 0 3 3 0 0 0 0 0 0 0 0 0 "QFN 40PIN" 0 2 "" 2 1 1 0 0 0 "" 0 0 0 0 0 0 0 0 0 0 0 0 0 0.000 0.000 0.000 0 0 0 0 0 0 0 "" "" 0
3295 "EBK65212101" 0 "ohm" 302182 302502 337582 338382 0 0 0 0 0 0 1 0 3295 3295 0 0 0 0 90.000 0 0 0 3 3 0 0 0 0 0 0 0 0 0 "MINI TR 3PIN" 0 2 "" 0 3 1 0 0 0 "" 0 0 0 0 0 0 0 0 0 0 0 0 0 0.000 0.000 0.000 0 0 0 0 0 0 0 "" "" 0
3296 "EBK65220701" 0 "ohm" 303623 360243 361243 0 0 0 0 0 0 0 1 0 3296 3296 0 0 0 0 0.000 0 0 0 3 3 0 0 0 0 0 0 0 0 0 "Power Tr_3P" 0 2 "" 2 1 1 0 0 0 "" 0 0 0 0 0 0 0 0 0 0 0 0 0 0.000 0.000 0.000 0 0 0 0 0 0 0 "" "" 0
3297 "EAE66354501" 0 "ohm" 302162 302482 337562 338362 350962 0 0 0 0 0 1 816 3297 3297 0 0 0 0 0.000 90 0 0 3 3 0 0 0 0 0 0 0 0 0 "C1608_t0.8" 0 2 "" 0 3 1 0 0 0 "" 0 0 0 0 0 0 0 0 0 0 0 0 0 0.000 0.000 0.000 0 0 0 0 0 0 0 "" "" 0
3298 "EAE65502003" 0 "ohm" 302823 360183 361183 0 0 0 0 0 0 0 1 0 3298 3298 0 0 0 0 0.000 0 0 0 3 3 0 0 0 0 0 0 0 0 0 "C7343_T1.9" 0 2 "" 0 3 1 0 0 0 "" 0 0 0 0 0 0 0 0 0 0 0 0 0 0.000 0.000 0.000 0 0 0 0 0 0 0 "" "" 0
3299 "EAH65098401" 0 "ohm" 303623 0 0 0 0 0 0 0 0 0 1 0 3299 3299 0 0 0 0 0.000 0 0 0 3 3 0 0 0 0 0 0 0 0 0 "Diode 2P" 0 2 "" 2 1 1 0 0 0 "" 0 0 0 0 0 0 0 0 0 0 0 0 0 0.000 0.000 0.000 0 0 0 0 0 0 0 "" "" 0
3300 "EAP64326714" 0 "ohm" 303624 0 0 0 0 0 0 0 0 0 1 0 3300 3300 0 0 0 0 0.000 0 0 0 3 3 0 0 0 0 0 0 0 0 0 "COIL" 0 2 "" 0 3 1 0 0 0 "" 0 0 0 0 0 0 0 0 0 0 0 0 0 0.000 0.000 0.000 0 0 0 0 0 0 0 "" "" 0
3301 "EBK65214001" 0 "ohm" 302182 302502 337582 338382 360152 361152 0 0 0 0 1 0 3301 3301 0 0 0 0 90.000 0 0 0 3 3 0 0 0 0 0 0 0 0 0 "MINI TR 3PIN" 0 2 "" 0 3 1 0 0 0 "" 0 0 0 0 0 0 0 0 0 0 0 0 0 0.000 0.000 0.000 0 0 0 0 0 0 0 "" "" 0
3302 "EAN66602901" 0 "ohm" 302823 0 0 0 0 0 0 0 0 0 1 0 3302 3302 0 0 0 0 0.000 0 0 0 3 3 0 0 0 0 0 0 0 0 0 "QFN 10PIN" 0 2 "" 0 3 1 0 0 0 "" 0 0 0 0 0 0 0 0 0 0 0 0 0 0.000 0.000 0.000 0 0 0 0 0 0 0 "" "" 0
3303 "EAN66602902" 0 "ohm" 302823 0 0 0 0 0 0 0 0 0 1 0 3303 3303 0 0 0 0 0.000 0 0 0 3 3 0 0 0 0 0 0 0 0 0 "QFN 10PIN" 0 2 "" 0 3 1 0 0 0 "" 0 0 0 0 0 0 0 0 0 0 0 0 0 0.000 0.000 0.000 0 0 0 0 0 0 0 "" "" 0
3304 "EAP65297001" 0 "ohm" 304425 360305 361305 0 0 0 0 0 0 0 1 0 3304 3304 0 0 0 0 0.000 0 0 0 3 3 0 0 0 0 0 0 0 0 0 "Coil" 0 2 "" 0 3 0 0 0 0 "" 0 0 0 0 0 0 0 0 0 0 0 0 0 0.000 0.000 0.000 0 0 0 0 0 0 0 "" "" 0
3310 "EAP65292501" 0 "ohm" 303624 0 0 0 0 0 0 0 0 0 1 0 3310 3310 0 0 0 0 0.000 0 0 0 3 3 0 0 0 0 0 0 0 0 0 "Coil" 0 2 "" 0 3 1 0 0 0 "" 0 0 0 0 0 0 0 0 0 0 0 0 0 0.000 0.000 0.000 0 0 0 0 0 0 0 "" "" 0
3313 "EAN66603501" 0 "ohm" 302982 360212 361212 0 0 0 0 0 0 0 1 0 3313 3313 0 0 0 0 0.000 0 0 0 3 3 0 0 0 0 0 0 0 0 0 "IC4P" 0 2 "" 0 3 1 0 0 0 "" 0 0 0 0 0 0 0 0 0 0 0 0 0 0.000 0.000 0.000 0 0 0 0 0 0 0 "" "" 0
3323 "6322A00028B" 0 "ohm" 302161 302481 337561 338361 350961 0 0 0 0 0 1 0 3323 3323 0 0 0 0 0.000 0 0 0 3 3 0 0 0 0 0 0 0 0 0 "C1005_T0.5" 0 2 "" 0 3 1 0 0 0 "" 0 0 0 0 0 0 0 0 0 0 0 0 0 0.000 0.000 0.000 0 0 0 0 0 0 0 "" "" 0
3326 "EAE66351101" 0 "ohm" 302824 360184 361184 0 0 0 0 0 0 0 1 0 3326 3326 0 0 0 0 0.000 0 0 0 3 3 0 0 0 0 0 0 0 0 0 "ALU5353_T5.5" 0 2 "" 0 0 1 0 0 0 "" 0 0 0 0 0 0 0 0 0 0 0 0 0 0.000 0.000 0.000 0 0 0 0 0 0 0 "" "" 0
3327 "EAP65289001" 0 "ohm" 303624 0 0 0 0 0 0 0 0 0 1 0 3327 3327 0 0 0 0 0.000 0 0 0 3 3 0 0 0 0 0 0 0 0 0 "COIL" 0 2 "" 0 3 1 0 0 0 "" 0 0 0 0 0 0 0 0 0 0 0 0 0 0.000 0.000 0.000 0 0 0 0 0 0 0 "" "" 0
3456 "EAE66351103" 0 "ohm" 303624 360244 361244 0 0 0 0 0 0 0 1 0 3456 3456 0 0 0 0 0.000 0 0 0 3 3 0 0 0 0 0 0 0 0 0 "ALU8383_T6.5" 0 2 "" 0 0 1 0 0 0 "" 0 0 0 0 0 0 0 0 0 0 0 0 0 0.000 0.000 0.000 0 0 0 0 0 0 0 "" "" 0
3681 "EAM00023902" 0 "ohm" 302182 302502 337582 338382 360152 361152 0 0 0 0 1 0 3681 3681 0 0 0 0 0.000 0 0 0 3 3 0 0 0 0 0 0 0 0 0 "FILTER 4PIN" 0 2 "" 0 1 1 0 0 0 "" 0 0 0 0 0 0 0 0 0 0 0 0 0 0.000 0.000 0.000 0 0 0 0 0 0 0 "" "" 0
3682 "EAN00967601" 0 "ohm" 303624 360244 361244 0 0 0 0 0 0 0 1 0 3682 3682 0 0 0 0 0.000 0 0 0 3 3 0 0 0 0 0 0 0 0 0 "SOP_28P" 0 2 "" 2 1 1 0 0 0 "" 0 0 0 0 0 0 0 0 0 0 0 0 0 0.000 0.000 0.000 0 0 0 0 0 0 0 "" "" 0
3683 "EAN66586401" 0 "ohm" 302182 302502 337582 338382 360152 361152 0 0 0 0 1 0 3683 3683 0 0 0 0 0.000 0 0 0 3 3 0 0 0 0 0 0 0 0 0 "ic-6pin" 0 2 "" 0 3 1 0 0 0 "" 0 0 0 0 0 0 0 0 0 0 0 0 0 0.000 0.000 0.000 0 0 0 0 0 0 0 "" "" 0
3684 "EAP65276418" 0 "ohm" 303623 0 0 0 0 0 0 0 0 0 1 0 3684 3684 0 0 0 0 0.000 0 0 0 3 3 0 0 0 0 0 0 0 0 0 "Coil" 0 2 "" 0 3 1 0 0 0 "" 0 0 0 0 0 0 0 0 0 0 0 0 0 0.000 0.000 0.000 0 0 0 0 0 0 0 "" "" 0
3685 "EAP65276429" 0 "ohm" 303623 0 0 0 0 0 0 0 0 0 1 0 3685 3685 0 0 0 0 0.000 0 0 0 3 3 0 0 0 0 0 0 0 0 0 "Coil" 0 2 "" 0 3 1 0 0 0 "" 0 0 0 0 0 0 0 0 0 0 0 0 0 0.000 0.000 0.000 0 0 0 0 0 0 0 "" "" 0
3686 "EAP65289605" 0 "ohm" 302182 302502 337582 338382 360152 361152 0 0 0 0 1 0 3686 3686 0 0 0 0 0.000 0 0 0 3 3 0 0 0 0 0 0 0 0 0 "L2520" 0 2 "" 0 3 1 0 0 0 "" 0 0 0 0 0 0 0 0 0 0 0 0 0 0.000 0.000 0.000 0 0 0 0 0 0 0 "" "" 0
3687 "EBJ30065002" 0 "ohm" 302983 360213 361213 0 0 0 0 0 0 0 1 0 3687 3687 0 0 0 0 0.000 0 0 0 3 3 0 0 0 0 0 0 0 0 0 "FILTER 6PIN" 0 2 "" 0 1 1 0 0 0 "" 0 0 0 0 0 0 0 0 0 0 0 0 0 0.000 0.000 0.000 0 0 0 0 0 0 0 "" "" 0
3688 "EAN66317603" 0 "OHM" 303784 360274 361274 0 0 0 0 0 0 0 1 891 3688 3688 0 0 0 0 0.000 -90 0 0 3 3 0 0 0 0 0 0 0 0 0 "QFN 40PIN" 0 2 "" 2 1 1 0 0 0 "" 0 0 0 0 0 0 0 0 0 0 0 0 0 0.000 0.000 0.000 0 0 0 0 0 0 0 "" "" 0
3689 "EAF64547506" 0 "ohm" 302161 302481 337561 338361 350961 360091 361091 0 0 0 1 0 3689 3689 0 0 0 0 0.000 0 0 0 3 3 0 0 0 0 0 0 0 0 0 "C1005_T0.5" 0 2 "" 0 3 1 0 0 0 "" 0 0 0 0 0 0 0 0 0 0 0 0 0 0.000 0.000 0.000 0 0 0 0 0 0 0 "" "" 0
3690 "EAH30119201" 0 "ohm" 302182 302502 337582 338382 360152 361152 0 0 0 0 1 0 3690 3690 0 0 0 0 0.000 0 0 0 3 3 0 0 0 0 0 0 0 0 0 "sminidiode-2pin" 0 2 "" 0 3 1 0 0 0 "" 0 0 0 0 0 0 0 0 0 0 0 0 0 0.000 0.000 0.000 0 0 0 0 0 0 0 "" "" 0
3691 "EAP60778315" 0 "ohm" 302161 302481 337561 338361 350961 0 0 0 0 0 1 0 3691 3691 0 0 0 0 0.000 0 0 0 3 3 0 0 0 0 0 0 0 0 0 "C1005_T0.5" 0 2 "" 0 3 1 0 0 0 "" 0 0 0 0 0 0 0 0 0 0 0 0 0 0.000 0.000 0.000 0 0 0 0 0 0 0 "" "" 0
3692 "EAM00023901" 0 "OHM" 302182 302502 337582 338382 360152 361152 0 0 0 0 1 0 3692 3692 0 0 0 0 0.000 0 0 0 3 3 0 0 0 0 0 0 0 0 0 "FILTER 4PIN" 0 2 "" 0 1 1 0 0 0 "" 0 0 0 0 0 0 0 0 0 0 0 0 0 0.000 0.000 0.000 0 0 0 0 0 0 0 "" "" 0
3693 "EAN00951601" 0 "ohm" 302182 302502 337582 338382 0 0 0 0 0 0 1 0 3693 3693 0 0 0 0 90.000 0 0 0 3 3 0 0 0 0 0 0 0 0 0 "minitr_6P" 0 2 "" 0 3 1 0 0 0 "" 0 0 0 0 0 0 0 0 0 0 0 0 0 0.000 0.000 0.000 0 0 0 0 0 0 0 "" "" 0
3694 "EAN66600401" 0 "OHM" 302182 302502 337582 338382 360152 361152 0 0 0 0 1 0 3694 3694 0 0 0 0 0.000 0 0 0 3 3 0 0 0 0 0 0 0 0 0 "DFN 6P" 0 2 "" 0 3 1 0 0 0 "" 0 0 0 0 0 0 0 0 0 0 0 0 0 0.000 0.000 0.000 0 0 0 0 0 0 0 "" "" 0
3695 "EAP65267102" 0 "ohm" 302823 360183 361183 0 0 0 0 0 0 0 1 0 3695 3695 0 0 0 0 0.000 0 0 0 3 3 0 0 0 0 0 0 0 0 0 "COIL_4.35t" 0 2 "" 0 1 1 0 0 0 "" 0 0 0 0 0 0 0 0 0 0 0 0 0 0.000 0.000 0.000 0 0 0 0 0 0 0 "" "" 0
3696 "EBJ30065001" 0 "OHM" 302983 360213 361213 0 0 0 0 0 0 0 1 0 3696 3696 0 0 0 0 0.000 0 0 0 3 3 0 0 0 0 0 0 0 0 0 "FILTER 6PIN" 0 2 "" 0 1 1 0 0 0 "" 0 0 0 0 0 0 0 0 0 0 0 0 0 0.000 0.000 0.000 0 0 0 0 0 0 0 "" "" 0
3697 "ELCH0003830" 0 "ohm" 302161 302481 337561 338361 350961 0 0 0 0 0 1 0 3697 3697 0 0 0 0 0.000 0 0 0 3 3 0 0 0 0 0 0 0 0 0 "C1005_T0.5" 0 1 "" 0 3 1 0 0 0 "" 0 0 0 0 0 0 0 0 0 0 0 0 0 0.000 0.000 0.000 0 0 0 0 0 0 0 "" "" 0
3698 "0RH1202C422" 0 "ohm" 302162 302482 337562 338362 350962 360092 361092 0 0 0 1 892 3698 3698 0 0 0 0 0.000 90 0 0 3 3 0 0 0 0 0 0 0 0 0 "R1608_T0.45" 0 2 "" 0 3 1 0 0 0 "" 0 0 0 0 0 0 0 0 0 0 0 0 0 0.000 0.000 0.000 0 0 0 0 0 0 0 "" "" 0
3699 "0RJ1303C477" 0 "ohm" 302162 302482 337562 338362 350962 360092 361092 0 0 0 1 893 3699 3699 0 0 0 0 0.000 90 0 0 3 3 0 0 0 0 0 0 0 0 0 "Resister1.6*0.8*0.45" 0 2 "" 0 3 1 0 0 0 "" 0 0 0 0 0 0 0 0 0 0 0 0 0 0.000 0.000 0.000 0 0 0 0 0 0 0 "" "" 0
3700 "EAP61007302" 0 "ohm" 304425 0 0 0 0 0 0 0 0 0 1 0 3700 3700 0 0 0 0 0.000 0 0 0 3 3 0 0 0 0 0 0 0 0 0 "Coil" 0 2 "" 2 1 1 0 0 0 "" 0 0 0 0 0 0 0 0 0 0 0 0 0 0.000 0.000 0.000 0 0 0 0 0 0 0 "" "" 0
3701 "EBK30099001" 0 "ohm" 303623 360243 361243 0 0 0 0 0 0 0 1 0 3701 3701 0 0 0 0 0.000 0 0 0 3 3 0 0 0 0 0 0 0 0 0 "Power Tr_3P" 0 2 "" 2 1 1 0 0 0 "" 0 0 0 0 0 0 0 0 0 0 0 0 0 0.000 0.000 0.000 0 0 0 0 0 0 0 "" "" 0
3702 "EAN66068104" 0 "OHM" 303624 0 0 0 0 0 0 0 0 0 1 0 3702 3702 0 0 0 0 0.000 0 0 0 3 3 0 0 0 0 0 0 0 0 0 "QFN 40PIN" 0 2 "" 2 1 1 0 0 0 "" 0 0 0 0 0 0 0 0 0 0 0 0 0 0.000 0.000 0.000 0 0 0 0 0 0 0 "" "" 0
3723 "EAG66854503" 0 "ohm" 304426 0 0 0 0 0 0 0 0 0 1 0 3723 3723 0 0 0 0 0.000 0 0 0 3 3 0 0 0 0 0 0 0 0 0 "CONNECT 3P" 0 2 "" 0 3 1 0 0 0 "" 0 0 0 0 0 0 0 0 0 0 0 0 0 0.000 0.000 0.000 0 0 0 0 0 0 0 "" "" 0
3725 "EAP65289602" 0 "ohm" 302182 302502 337582 338382 360152 361152 0 0 0 0 1 0 3725 3725 0 0 0 0 0.000 0 0 0 3 3 0 0 0 0 0 0 0 0 0 "L2520" 0 2 "" 0 3 1 0 0 0 "" 0 0 0 0 0 0 0 0 0 0 0 0 0 0.000 0.000 0.000 0 0 0 0 0 0 0 "" "" 0
3726 "EAN00957201" 0 "ohm" 302823 0 0 0 0 0 0 0 0 0 1 0 3726 3726 0 0 0 0 0.000 0 180 0 3 3 0 0 0 0 0 0 0 0 0 "QFN_24P" 0 2 "" 2 1 1 0 0 0 "" 0 0 0 0 0 0 0 0 0 0 0 0 0 0.000 0.000 0.000 0 0 0 0 0 0 0 "" "" 0
3727 "EBC63017707" 0 "ohm" 302162 302482 337562 338362 350962 360092 361092 0 0 0 1 897 3727 3727 0 0 0 0 0.000 90 0 0 3 3 0 0 0 0 0 0 0 0 0 "R1608_T0.45" 0 2 "" 0 3 1 0 0 0 "" 0 0 0 0 0 0 0 0 0 0 0 0 0 0.000 0.000 0.000 0 0 0 0 0 0 0 "" "" 0
3728 "MDS65793802" 0 "ohm" 302823 0 0 0 0 0 0 0 0 0 1 0 3728 3728 0 0 0 0 0.000 0 0 0 3 3 0 0 0 0 0 0 0 0 0 "Gasket_3t" 0 2 "" 0 2 1 0 0 0 "" 0 0 0 0 0 0 0 0 0 0 0 0 0 0.000 0.000 0.000 0 0 0 0 0 0 0 "" "" 0
3755 "EAW30039001" 0 "ohm" 302022 302342 337422 338222 360122 361122 0 0 0 0 1 907 3755 3755 0 0 0 0 0.000 -90 0 0 3 3 0 0 0 0 0 0 0 0 0 "CRYSTAL_T0.65" 0 2 "" 0 1 1 0 0 0 "" 0 0 0 0 0 0 0 0 0 0 0 0 0 0.000 0.000 0.000 0 0 0 0 0 0 0 "" "" 0
3756 "EAW30067104" 0 "ohm" 302982 0 0 0 0 0 0 0 0 0 1 0 3756 3756 0 0 0 0 0.000 0 0 0 3 3 0 0 0 0 0 0 0 0 0 "CRYSTAL_T0.8" 0 1 "" 2 1 1 0 0 0 "" 0 0 0 0 0 0 0 0 0 0 0 0 0 0.000 0.000 0.000 0 0 0 0 0 0 0 "" "" 0
3757 "EAN00980001" 0 "ohm" 302182 302502 337582 338382 0 0 0 0 0 0 1 0 3757 3757 0 0 0 0 90.000 0 0 0 3 3 0 0 0 0 0 0 0 0 0 "minitr_5P" 0 2 "" 0 1 1 0 0 0 "" 0 0 0 0 0 0 0 0 0 0 0 0 0 0.000 0.000 0.000 0 0 0 0 0 0 0 "" "" 0
3758 "EAG66854504" 0 "ohm" 303624 360244 361244 0 0 0 0 0 0 0 1 0 3758 3758 0 0 0 0 0.000 0 0 0 3 3 0 0 0 0 0 0 0 0 0 "" 0 1 "" 0 0 1 0 0 0 "" 0 0 0 0 0 0 0 0 0 0 0 0 0 0.000 0.000 0.000 0 0 0 0 0 0 0 "" "" 0
3759 "0CKR50BK0DA" 0 "ohm" 302161 302481 337561 338361 350961 0 0 0 0 0 1 0 3759 3759 0 0 0 0 0.000 0 0 0 3 3 0 0 0 0 0 0 0 0 0 "C1005_T0.5" 0 2 "" 0 3 1 0 0 0 "" 0 0 0 0 0 0 0 0 0 0 0 0 0 0.000 0.000 0.000 0 0 0 0 0 0 0 "" "" 0
3760 "EAN00998501" 0 "ohm" 303624 360244 361244 0 0 0 0 0 0 0 1 0 3760 3760 0 0 0 0 0.000 0 0 0 3 3 0 0 0 0 0 0 0 0 0 "SOP_28P" 0 2 "" 2 1 1 0 0 0 "" 0 0 0 0 0 0 0 0 0 0 0 0 0 0.000 0.000 0.000 0 0 0 0 0 0 0 "" "" 0
3761 "EAP65276508" 0 "ohm" 302162 302482 337562 338362 350962 0 0 0 0 0 1 908 3761 3761 0 0 0 0 0.000 90 0 0 3 3 0 0 0 0 0 0 0 0 0 "C1608_t0.8" 0 1 "" 0 3 1 0 0 0 "" 0 0 0 0 0 0 0 0 0 0 0 0 0 0.000 0.000 0.000 0 0 0 0 0 0 0 "" "" 0
3766 "0CH1102K566" 0 "ohm" 302182 302502 337582 338382 360152 361152 0 0 0 0 1 0 3766 3766 0 0 0 0 0.000 0 0 0 3 3 0 0 0 0 0 0 0 0 0 "C2125_T1.25" 0 1 "" 0 3 1 0 0 0 "" 0 0 0 0 0 0 0 0 0 0 0 0 0 0.000 0.000 0.000 0 0 0 0 0 0 0 "" "" 0
[PartsGroup]
IDNUM Parts Group

[PartsGroupNames]
IDNUM Name

[PartsLabel]
IDNUM PARTS L

[AlterSupplyPartGroup]
IDNUM Master Use Sub1 Sub2 Sub3

[SameNameSubstitutePart]
IDNUM OrgPART OrgLIB KEY LIB

[VendorKeywordLink]
IDNUM Vendor KEY

[RecognitionMark]
IDNUM KIND ATT REF LAMPA LAMPB LAMPC LAMPD TYPE SIZEA SIZEB SIZEC SIZED SIZEE SIZEF SIZEG SIZEH DARK TH AREA JUDGE RECSTARTX RECSTARTY RECENDX RECENDY THUP THDOWN RPARA RNUM RAREA LAMPE
398 1 0 125 0 0 0 0 2 0.600 0.600 0.000 0.000 0.000 0.000 0.000 0.000 1 0 0.000 0 -2.500 -2.500 2.500 2.500 0 0 0.000 0.000 0.000 0
399 1 0 125 0 0 0 0 2 0.600 0.600 0.000 0.000 0.000 0.000 0.000 0.000 1 0 0.000 0 -2.500 -2.500 2.500 2.500 0 0 0.000 0.000 0.000 0
412 0 1 126 1 1 1 1 0 0.000 0.000 0.000 0.000 0.000 0.000 0.000 0.000 0 1 0.000 50 -0.100 -0.100 0.100 0.100 0 0 0.000 0.000 0.000 0
413 0 0 126 1 1 1 1 0 0.000 0.000 0.000 0.000 0.000 0.000 0.000 0.000 0 1 0.000 50 -0.100 -0.100 0.100 0.100 0 0 0.000 0.000 0.000 0
414 0 4 126 1 1 1 1 0 0.000 0.000 0.000 0.000 0.000 0.000 0.000 0.000 0 1 0.000 50 -0.100 -0.100 0.100 0.100 0 0 0.000 0.000 0.000 0

[PartsBarcode]
IDNUM READ SIDE ANGLE OffsetX OffsetY SizeX SizeY TYPE COLOR

[PartsDataGenerationInfo]
IDNUM InitialGenerateAuthor InitialGenerateDate InitialGenerateInfo LastEditAuthor LastEditDate

[ShapeBase]
IDNUM PhysicalClass FunctionClass Algo ChipL ChipW ChipH RCGSP PolId Shape PosUp PosMethod ShapeChk ShapeEtc LMPA LMPB LMPC LMPA2 LMPB2 LMPC2 Round MntTeachPos LMPD LMPE LMPD2 LMPE2 LMPF2 NPMLMP
1 1 2 0 3.200 1.600 1.600 0 1 1 0 0 1 0 0 0 0 0 0 0 0 0 0 0 0 0 0 0
2 1 2 0 2.000 1.200 1.250 0 2 2 0 0 2 0 0 0 0 0 0 0 0 0 0 0 0 0 0 0
20 1 2 0 2.000 1.200 1.250 0 20 20 0 0 20 0 0 0 0 0 0 0 0 0 0 0 0 0 0 0
295 1 2 0 2.000 1.200 1.250 0 295 295 0 0 295 0 0 0 0 0 0 0 0 0 0 0 0 0 0 0
1568 1 2 0 2.000 1.200 1.250 0 1568 1568 0 0 1568 0 0 0 0 0 0 0 0 0 0 0 0 0 0 0
1803 2 14 0 2.400 2.800 0.800 0 1803 1803 0 0 0 0 0 0 0 0 0 0 0 0 0 0 0 0 0 0
1808 2 12 0 2.700 1.100 0.900 0 1808 1808 0 0 0 0 0 30 0 0 0 0 0 0 0 0 0 0 0 0
2107 2 24 0 7.000 2.500 3.000 0 2107 2107 0 0 0 0 0 -10 250 0 0 0 0 0 0 0 0 0 0 0
2166 1 1 0 1.600 0.800 0.450 0 2166 2166 0 0 2166 0 0 0 0 0 0 0 0 0 0 0 0 0 0 0
2185 4 29 0 2.000 2.000 3.000 0 2185 2185 0 0 2185 0 0 0 0 0 0 0 0 0 0 0 0 0 0 0
2211 2 14 0 2.800 2.600 1.150 0 2211 2211 0 0 0 0 0 0 0 0 0 0 0 0 0 0 0 0 0 0
2282 2 14 0 2.400 2.800 0.950 0 2282 2282 0 0 0 0 0 0 0 0 0 0 0 0 0 0 0 0 0 0
2286 4 12 0 1.750 0.600 0.630 0 2286 2286 0 0 0 0 0 -40 0 0 0 0 0 0 0 0 0 0 0 0
2408 1 1 0 3.200 1.600 0.550 0 2408 2408 0 0 2408 0 0 0 0 0 0 0 0 0 0 0 0 0 0 0
2413 2 12 0 3.700 1.600 1.000 0 2413 2413 0 0 0 0 0 0 0 0 0 0 0 0 0 0 0 0 0 0
2428 2 15 0 7.000 6.400 1.600 0 2428 2428 0 0 0 0 0 0 0 0 0 0 0 0 0 0 0 0 0 0
2489 2 14 0 2.850 2.700 0.800 0 2489 2489 0 0 0 0 0 0 0 0 0 0 0 0 0 0 0 0 0 0
2535 2 13 0 9.000 8.500 6.450 0 2535 2535 0 0 0 0 0 0 0 0 0 0 0 0 0 0 0 0 0 0
2540 2 19 0 4.600 6.000 1.600 0 2540 2540 0 0 0 0 0 0 0 0 0 0 0 0 0 0 0 0 0 0
2598 2 23 0 3.000 3.000 0.720 2 2598 2598 0 0 0 0 0 0 0 0 0 0 0 0 0 0 0 0 0 0
2609 1 1 0 2.000 1.200 0.500 0 2609 2609 0 0 2609 0 0 0 0 0 0 0 0 0 0 0 0 0 0 0
2906 1 1 0 2.000 1.200 0.500 0 2906 2906 0 0 2906 0 0 0 0 0 0 0 0 0 0 0 0 0 0 0
3110 2 14 0 2.400 3.000 1.000 0 3110 3110 0 0 0 0 0 0 0 0 0 0 0 0 0 0 0 0 0 0
3111 2 14 0 2.400 2.950 1.000 0 3111 3111 0 0 0 0 0 0 0 0 0 0 0 0 0 0 0 0 0 0
3112 2 12 0 5.000 2.650 2.200 0 3112 3112 0 0 0 0 0 0 0 0 0 0 0 0 0 0 0 0 0 0
3114 4 29 0 5.000 5.000 3.800 0 3114 3114 0 0 3114 0 0 -50 150 0 0 0 0 0 0 0 0 0 0 0
3116 1 2 0 2.000 1.200 1.250 0 3116 3116 0 0 0 0 0 0 0 0 0 0 0 0 0 0 0 0 0 0
3118 2 29 0 6.000 6.000 4.300 0 3118 3118 0 0 0 0 0 0 0 0 0 0 1 0 0 0 0 0 0 0
3123 2 14 0 2.350 2.950 1.000 0 3123 3123 0 0 0 0 0 0 0 0 0 0 0 0 0 0 0 0 0 0
3131 2 1 0 7.850 5.800 2.450 0 3131 3131 0 0 0 0 0 0 40 0 0 0 0 0 0 0 0 0 0 0
3132 2 29 0 7.000 6.600 4.850 0 3132 3132 0 0 0 0 0 -30 50 0 0 0 1 0 0 0 0 0 0 0
3133 2 19 0 4.600 6.000 1.600 0 3133 3133 0 0 0 0 0 -30 0 0 0 0 0 0 0 0 0 0 0 0
3137 1 2 0 2.000 1.200 1.250 0 3137 3137 0 0 3137 0 0 0 0 0 0 0 0 0 0 0 0 0 0 0
3224 2 14 0 2.350 2.950 1.000 0 3224 3224 0 0 0 0 0 0 0 0 0 0 0 0 0 0 0 0 0 0
3225 1 4 0 2.000 1.550 0.500 0 3225 3225 0 0 0 0 0 0 0 0 0 0 0 0 0 0 0 0 0 0
3236 4 29 0 5.000 5.000 3.850 0 3236 3236 0 0 3236 0 0 -30 150 0 0 0 0 0 0 0 0 0 0 0
3237 4 29 0 6.000 5.900 4.300 0 3237 3237 0 0 3237 0 0 -40 150 0 0 0 0 0 0 0 0 0 0 0
3238 4 29 0 6.000 5.900 4.450 0 3238 3238 0 0 3238 0 0 -40 150 0 0 0 0 0 0 0 0 0 0 0
3239 4 29 0 6.000 6.000 4.400 2 3239 3239 0 0 3239 0 0 -40 150 0 0 0 0 0 0 0 0 0 0 0
3245 2 12 0 4.800 2.500 2.100 0 3245 3245 0 0 0 0 0 0 30 0 0 0 0 0 0 0 0 0 0 0
3247 1 1 0 3.200 1.600 0.550 0 3247 3247 0 0 3247 0 0 0 0 0 0 0 0 0 0 0 0 0 0 0
3256 2 14 0 2.900 2.800 1.150 0 3256 3256 0 0 0 0 0 0 0 0 0 0 0 0 0 0 0 0 0 0
3266 2 29 0 6.000 6.000 4.450 0 3266 3266 0 0 0 0 0 -30 50 0 0 0 1 0 0 0 0 0 0 0
3267 1 1 0 1.600 0.800 0.450 0 3267 3267 0 0 3267 0 0 0 0 0 0 0 0 0 0 0 0 0 0 0
3273 4 23 0 3.500 3.500 0.850 2 3273 3273 0 0 0 0 0 20 0 0 0 0 0 0 0 0 0 0 0 0
3275 4 2 0 1.000 0.480 0.500 0 3275 3275 0 0 0 0 0 0 0 0 0 0 0 0 0 0 0 0 0 0
3276 2 13 0 5.800 5.300 5.500 0 3276 3276 0 0 0 0 0 0 0 0 0 0 0 0 0 0 0 0 0 0
3278 2 14 0 1.600 1.600 0.580 0 3278 3278 0 0 0 0 0 0 0 0 0 0 0 0 0 0 0 0 0 0
3288 1 2 0 2.000 1.200 1.250 0 3288 3288 0 0 3288 0 0 0 0 0 0 0 0 0 0 0 0 0 0 0
3289 1 2 0 1.000 0.500 0.500 0 3289 3289 0 0 0 0 0 0 0 0 0 0 0 0 0 0 0 0 0 0
3290 2 1 0 7.850 5.800 2.300 0 3290 3290 0 0 0 0 0 0 40 0 0 0 0 0 0 0 0 0 0 0
3291 1 2 0 1.000 0.500 0.500 0 3291 3291 0 0 0 0 0 0 0 0 0 0 0 0 0 0 0 0 0 0
3292 1 2 0 2.000 1.200 0.800 0 3292 3292 0 0 3292 0 0 0 0 0 0 0 0 0 0 0 0 0 0 0
3293 2 23 0 6.000 6.000 0.850 0 3293 3293 0 0 0 0 0 -50 100 0 0 0 0 0 0 0 0 0 0 0
3295 2 14 0 2.400 2.600 0.950 0 3295 3295 0 0 0 0 0 0 0 0 0 0 0 0 0 0 0 0 0 0
3296 2 18 0 10.000 6.600 2.300 0 3296 3296 0 0 0 0 0 0 0 0 0 0 0 0 0 0 0 0 0 0
3297 1 2 0 1.600 0.800 1.000 0 3297 3297 0 0 3297 0 0 0 0 0 0 0 0 0 0 0 0 0 0 0
3302 2 23 0 3.000 3.000 0.770 2 3302 3302 0 0 0 0 0 0 0 0 0 0 0 0 0 0 0 0 0 0
3327 4 29 0 5.900 5.900 5.000 0 3327 3327 0 0 3327 0 0 -50 150 0 0 0 0 0 0 0 0 0 0 0

[ShapeBaseShape]
IDNUM Mold LGrp ILGrp Square Circle Line Corner Rectangle UBall UBallB BGrp BlkMch
1 1 1 0 0 0 0 0 0 0 0 0 0
2 2 3 0 0 0 0 0 0 0 0 0 0
20 20 15 0 0 0 0 0 0 0 0 0 0
295 295 445 0 0 0 0 0 0 0 0 0 0
1568 1568 1553 0 0 0 0 0 0 0 0 0 0
1803 1803 1911 0 0 0 0 0 0 0 0 0 0
1808 1808 1919 0 0 0 0 0 0 0 0 0 0
2107 2107 2397 0 0 0 0 0 0 0 0 0 0
2166 2166 0 0 0 0 0 0 0 0 0 0 0
2185 2185 2438 0 0 0 0 0 0 0 0 0 0
2211 2211 2492 0 0 0 0 0 0 0 0 0 0
2282 2282 2604 0 0 0 0 0 0 0 0 0 0
2286 2286 0 0 0 0 0 0 0 0 0 0 0
2408 2408 0 0 0 0 0 0 0 0 0 0 0
2413 2413 2838 0 0 0 0 0 0 0 0 0 0
2428 2428 2876 0 0 0 0 0 0 0 0 0 0
2489 2489 2962 0 0 0 0 0 0 0 0 0 0
2535 2535 3040 0 0 0 0 0 0 0 0 0 0
2540 2540 3050 0 0 0 0 0 0 0 0 0 0
2598 2598 3144 0 0 0 0 0 0 0 0 0 0
2609 2609 0 0 0 0 0 0 0 0 0 0 0
2906 2906 0 0 0 0 0 0 0 0 0 0 0
3110 3110 3891 0 0 0 0 0 0 0 0 0 0
3111 3111 3893 0 0 0 0 0 0 0 0 0 0
3112 3112 3895 0 0 0 0 0 0 0 0 0 0
3114 3114 3899 0 0 0 116 0 0 0 0 0 0
3116 3116 0 0 0 0 0 0 0 0 0 0 0
3118 3118 3905 0 0 0 0 0 0 0 0 0 0
3123 3123 3913 0 0 0 0 0 0 0 0 0 0
3131 3131 3925 0 0 0 0 0 0 0 0 0 0
3132 3132 3927 0 0 0 0 0 0 0 0 0 0
3133 3133 3929 0 0 0 0 0 0 0 0 0 0
3137 3137 3941 0 0 0 0 0 0 0 0 0 0
3224 3224 4044 0 0 0 0 0 0 0 0 0 0
3225 3225 0 0 0 0 0 0 0 0 0 0 0
3236 3236 4060 0 0 0 120 0 0 0 0 0 0
3237 3237 4062 0 0 0 0 0 0 0 0 0 0
3238 3238 4064 0 0 0 0 0 0 0 0 0 0
3239 3239 4066 0 0 0 0 0 0 0 0 0 0
3245 3245 4080 0 0 0 0 0 0 0 0 0 0
3247 3247 0 0 0 0 0 0 0 0 0 0 0
3256 3256 4096 0 0 0 0 0 0 0 0 0 0
3266 3266 4114 0 0 0 0 0 0 0 0 0 0
3267 3267 0 0 0 0 0 0 0 0 0 0 0
3273 3273 4128 0 0 0 0 0 0 0 0 0 0
3275 3275 0 0 0 0 0 0 0 0 0 0 0
3276 3276 4134 0 0 0 0 0 0 0 0 0 0
3278 3278 4138 0 0 0 0 0 0 0 0 0 0
3288 3288 4160 0 0 0 0 0 0 0 0 0 0
3289 3289 0 0 0 0 0 0 0 0 0 0 0
3290 3290 4162 0 0 0 0 0 0 0 0 0 0
3291 3291 0 0 0 0 0 0 0 0 0 0 0
3292 3292 4164 0 0 0 0 0 0 0 0 0 0
3293 3293 4166 0 0 0 0 0 0 0 0 0 0
3295 3295 4172 0 0 0 0 0 0 0 0 0 0
3296 3296 4174 0 0 0 0 0 0 0 0 0 0
3297 3297 4176 0 0 0 0 0 0 0 0 0 0
3302 3302 4186 0 0 0 0 0 0 0 0 0 0
3327 3327 4233 0 0 0 128 0 0 0 0 0 0

[ShapeBasePosUp]
IDNUM TkupRange Accu BoxPos BoxAccPos AccSlant

[ShapeBasePosMethod]
IDNUM NoAngle NoCenter AngleCalcMethod CenterDef MountOffset

[ShapeBaseChk]
IDNUM SizeAllow SizeChk AngleCalcChk CenterRangeChk TakeUpChk OverChk AdjacentChk SupplyDirChk SideStandChk StandChk RollChk BrightChk FloatChk FloatAllowMaster FluxChk SolderChk POPRecChk DblPickUpChk LeadFlipFlopChk BrightDiffChk BridgeChk BendAllowMaster
1 1 0 0 0 0 0 0 0 0 0 0 0 0 0 0 0 0 0 0 0 0 0
2 2 0 0 0 0 0 0 0 0 0 0 0 0 0 0 0 0 0 0 0 0 0
20 20 0 0 0 0 0 0 0 0 0 0 0 0 0 0 0 0 0 0 0 0 0
295 295 0 0 0 0 0 0 0 0 0 0 0 0 0 0 0 0 0 0 0 0 0
1568 1568 0 0 0 0 0 0 0 0 0 0 0 0 0 0 0 0 0 0 0 0 0
2166 2166 0 0 0 0 0 0 0 0 0 0 635 0 0 0 0 0 0 0 0 0 0
2185 2185 0 0 0 0 0 0 0 0 0 0 0 0 0 0 0 0 0 0 0 0 0
2408 2408 0 0 0 0 0 0 0 0 0 0 677 0 0 0 0 0 0 0 0 0 0
2609 2609 0 0 0 0 0 0 0 0 0 0 811 0 0 0 0 0 0 0 0 0 0
2906 2906 0 0 0 0 0 0 0 0 0 0 889 0 0 0 0 0 0 0 0 0 0
3114 3114 0 0 0 0 0 0 0 0 0 0 0 0 0 0 0 0 0 0 0 0 0
3137 3137 0 0 0 0 0 0 0 0 0 0 0 0 0 0 0 0 0 0 0 0 0
3236 3236 0 0 0 0 0 0 0 0 0 0 0 0 0 0 0 0 0 0 0 0 0
3237 3237 0 0 0 0 0 0 0 0 0 0 0 0 0 0 0 0 0 0 0 0 0
3238 3238 0 0 0 0 0 0 0 0 0 0 0 0 0 0 0 0 0 0 0 0 0
3239 3239 0 0 0 0 0 0 0 0 0 0 0 0 0 0 0 0 0 0 0 0 0
3247 3247 0 0 0 0 0 0 0 0 0 0 980 0 0 0 0 0 0 0 0 0 0
3267 3267 0 0 0 0 0 0 0 0 0 0 985 0 0 0 0 0 0 0 0 0 0
3288 3288 0 0 0 0 0 0 0 0 0 0 0 0 0 0 0 0 0 0 0 0 0
3292 3292 0 0 0 0 0 0 0 0 0 0 0 0 0 0 0 0 0 0 0 0 0
3297 3297 0 0 0 0 0 0 0 0 0 0 0 0 0 0 0 0 0 0 0 0 0
3327 3327 0 0 0 0 0 0 0 0 0 0 0 0 0 0 0 0 0 0 0 0 0

[ShapeBaseEtc]
IDNUM BoxSide Inverse EasySupportFlag EdgePrm TriPrm SamplingPrm AccuPrm C2DPrm C3DPrm C3DSensor C3DSensorPSD OldFashion InsLeadDetail CMRef RndShp Outline AutoAngle SupportPin

[ShapePol]
IDNUM Pol PolMark PCx PCy PDx PDy
1 1 1 0.000 0.000 0.000 0.000
2 1 1 0.000 0.000 0.000 0.000
20 1 1 0.000 0.000 0.000 0.000
295 1 1 0.000 0.000 0.000 0.000
1568 1 1 0.000 0.000 0.000 0.000
1803 2 1 0.000 0.000 0.000 0.000
1808 3 1 0.000 0.000 0.000 0.000
2107 2 1 0.000 0.000 0.000 0.000
2166 1 1 0.000 0.000 0.000 0.000
2185 3 1 0.000 0.000 0.000 0.000
2211 0 1 0.000 0.000 0.000 0.000
2282 2 1 0.000 0.000 0.000 0.000
2286 3 1 0.000 0.000 0.000 0.000
2408 1 1 0.000 0.000 0.000 0.000
2413 3 1 0.000 0.000 0.000 0.000
2428 2 1 0.000 0.000 0.000 0.000
2489 2 1 0.000 0.000 0.000 0.000
2535 3 1 0.000 0.000 0.000 0.000
2540 3 3 0.000 0.000 0.000 0.000
2598 0 4 0.000 0.000 0.000 0.000
2609 1 1 0.000 0.000 0.000 0.000
2906 1 1 0.000 0.000 0.000 0.000
3110 2 1 0.000 0.000 0.000 0.000
3111 2 1 0.000 0.000 0.000 0.000
3112 3 1 0.000 0.000 0.000 0.000
3114 3 1 0.000 0.000 0.000 0.000
3116 1 1 0.000 0.000 0.000 0.000
3118 3 1 0.000 0.000 0.000 0.000
3123 2 1 0.000 0.000 0.000 0.000
3131 3 1 0.000 0.000 0.000 0.000
3132 3 1 0.000 0.000 0.000 0.000
3133 3 3 0.000 0.000 0.000 0.000
3137 1 1 0.000 0.000 0.000 0.000
3224 2 1 0.000 0.000 0.000 0.000
3225 3 3 0.000 0.000 0.000 0.000
3236 3 1 0.000 0.000 0.000 0.000
3237 3 1 0.000 0.000 0.000 0.000
3238 3 1 0.000 0.000 0.000 0.000
3239 3 1 0.000 0.000 0.000 0.000
3245 3 1 0.000 0.000 0.000 0.000
3247 1 1 0.000 0.000 0.000 0.000
3256 0 1 0.000 0.000 0.000 0.000
3266 3 1 0.000 0.000 0.000 0.000
3267 1 1 0.000 0.000 0.000 0.000
3273 3 3 0.000 0.000 0.000 0.000
3275 1 1 0.000 0.000 0.000 0.000
3276 3 1 0.000 0.000 0.000 0.000
3278 2 3 0.000 0.000 0.000 0.000
3288 1 1 0.000 0.000 0.000 0.000
3289 1 1 0.000 0.000 0.000 0.000
3290 3 1 0.000 0.000 0.000 0.000
3291 1 1 0.000 0.000 0.000 0.000
3292 1 1 0.000 0.000 0.000 0.000
3293 3 3 0.000 0.000 0.000 0.000
3295 2 1 0.000 0.000 0.000 0.000
3296 3 1 0.000 0.000 0.000 0.000
3297 1 1 0.000 0.000 0.000 0.000
3302 3 3 0.000 0.000 0.000 0.000
3327 3 1 0.000 0.000 0.000 0.000

[ShapeMold]
IDNUM Col Shape Dx Dy Cx Cy IrrRange NEXT
1 0 0 3.200 1.600 0.000 0.000 0 0
2 0 0 2.000 1.200 0.000 0.000 0 0
20 0 0 2.000 1.200 0.000 0.000 0 0
295 0 0 2.000 1.200 0.000 0.000 0 0
1568 0 0 2.000 1.200 0.000 0.000 0 0
1803 0 0 1.600 2.800 0.000 0.000 0 0
1808 0 0 1.900 1.100 0.000 0.000 0 0
2107 0 0 7.000 2.500 0.000 0.500 0 0
2166 7 0 1.600 0.800 0.000 0.000 0 0
2185 0 0 2.000 2.000 0.000 0.000 0 0
2211 0 0 1.400 2.600 0.000 0.000 0 0
2282 0 0 1.200 2.800 0.000 0.000 0 0
2286 0 0 1.750 0.600 0.000 0.000 0 0
2408 0 0 3.200 1.600 0.000 0.000 0 0
2413 0 0 2.300 1.600 0.000 0.000 0 0
2428 0 0 3.500 6.400 0.050 0.000 0 0
2489 0 0 1.450 2.700 0.000 0.000 0 0
2535 0 0 9.000 8.500 0.000 0.000 0 0
2540 0 0 4.600 3.800 0.000 0.000 0 0
2598 0 0 3.000 3.000 0.000 0.000 0 0
2609 7 0 2.000 1.200 0.000 0.000 0 0
2906 0 0 2.000 1.200 0.000 0.000 0 0
3110 0 0 1.500 2.280 0.000 0.000 0 0
3111 0 0 1.500 2.280 0.000 0.000 0 0
3112 0 0 5.000 2.650 0.000 0.000 0 0
3114 0 0 5.000 5.000 0.000 0.000 0 0
3116 0 0 2.000 1.200 0.000 0.000 0 0
3118 0 0 6.000 6.000 0.000 0.000 0 0
3123 0 0 1.500 2.280 0.000 0.000 0 0
3131 0 0 7.850 5.800 0.000 0.000 0 0
3132 0 0 7.000 6.600 0.000 0.000 0 0
3133 0 0 4.600 3.800 0.000 0.000 0 0
3137 0 0 2.000 1.200 0.000 0.000 0 0
3224 0 0 1.500 2.280 0.000 0.000 0 0
3225 0 0 2.000 1.550 0.000 0.000 0 0
3236 0 0 5.000 5.000 0.000 0.000 0 0
3237 0 0 6.000 5.900 0.000 0.000 0 0
3238 0 0 6.000 5.900 0.000 0.000 0 0
3239 0 0 6.000 6.000 0.000 0.000 0 0
3245 0 0 2.800 2.500 0.000 0.000 0 0
3247 0 0 3.200 1.600 0.000 0.000 0 0
3256 0 0 1.500 2.800 0.000 0.000 0 0
3266 0 0 6.000 6.000 0.000 0.000 0 0
3267 7 0 1.600 0.800 0.000 0.000 0 0
3273 0 0 3.500 3.500 0.000 0.000 0 0
3275 0 0 0.950 0.480 0.000 0.000 0 0
3276 0 0 5.300 5.300 0.000 0.000 0 0
3278 0 0 1.200 1.500 0.000 0.000 0 0
3288 0 0 2.000 1.200 0.000 0.000 0 0
3289 0 0 1.000 0.500 0.000 0.000 0 0
3290 0 0 7.850 5.800 0.000 0.000 0 0
3291 0 0 1.000 0.500 0.000 0.000 0 0
3292 0 0 2.000 1.200 0.000 0.000 0 0
3293 0 0 6.000 6.000 0.000 0.000 0 0
3295 0 0 1.200 2.600 0.000 0.000 0 0
3296 0 0 5.900 6.600 0.750 0.000 0 0
3297 0 0 1.600 0.800 0.000 0.000 0 0
3302 0 0 3.000 3.000 0.000 0.000 0 0
3327 0 0 5.900 5.900 0.000 0.000 0 0

[ShapeLeadGroup]
IDNUM LType LSect N P W L T Cx Cy NEXT MISS MISSA PointShape BEND END PointLen DetectPos DetectWidth HPos WAllow BendAllow FloatAllow LackChk DirChk Irr PosChk CorrectFlg
1 1 1 1 0.000 1.600 0.600 0.000 1.600 0.000 2 0 0 0 0 0 0 0 0 0 0 0 0 0 0 0 0 0
2 1 1 1 0.000 1.600 0.600 180.000 -1.600 0.000 0 0 0 0 0 0 0 0 0 0 0 0 0 0 0 0 0 0
3 1 1 1 0.000 1.200 0.500 0.000 1.000 0.000 4 0 0 0 0 0 0 0 0 0 0 0 0 0 0 0 0 0
4 1 1 1 0.000 1.200 0.500 180.000 -1.000 0.000 0 0 0 0 0 0 0 0 0 0 0 0 0 0 0 0 0 0
15 1 1 1 0.000 1.200 0.500 0.000 1.000 0.000 16 0 0 0 0 0 0 0 0 0 0 0 0 0 0 0 0 0
16 1 1 1 0.000 1.200 0.500 180.000 -1.000 0.000 0 0 0 0 0 0 0 0 0 0 0 0 0 0 0 0 0 0
445 1 1 1 0.000 1.200 0.500 0.000 1.000 0.000 446 0 0 0 0 0 0 0 0 0 0 0 0 0 0 0 0 0
446 1 1 1 0.000 1.200 0.500 180.000 -1.000 0.000 0 0 0 0 0 0 0 0 0 0 0 0 0 0 0 0 0 0
1553 1 1 1 0.000 1.200 0.500 0.000 1.000 0.000 1554 0 0 0 0 0 0 0 0 0 0 0 0 0 0 0 0 0
1554 1 1 1 0.000 1.200 0.500 180.000 -1.000 0.000 0 0 0 0 0 0 0 0 0 0 0 0 0 0 0 0 0 0
1911 5 1 2 1.900 0.450 0.400 0.000 1.200 0.000 1912 0 0 0 0 0 0 0 0 0 0 0 0 0 0 0 0 0
1912 5 1 1 0.000 0.450 0.400 180.000 -1.200 0.000 0 0 0 0 0 0 0 0 0 0 0 0 0 0 0 0 0 0
1919 5 1 1 0.000 0.350 0.400 0.000 1.350 0.000 1920 0 0 0 0 0 0 0 0 0 0 0 0 0 0 0 0 0
1920 5 1 1 0.000 0.350 0.400 180.000 -1.350 0.000 0 0 0 0 0 0 0 0 0 0 0 0 0 0 0 0 0 0
2397 2 1 4 1.270 0.500 1.000 -90.000 0.000 -1.250 0 0 0 0 0 0 0 0 0 0 0 0 0 0 0 0 0 0
2438 2 1 1 0.000 2.000 0.900 0.000 1.000 0.000 2439 0 0 0 0 0 0 0 0 0 0 0 0 0 0 32 0 0
2439 2 1 1 0.000 2.000 0.900 180.000 -1.000 0.000 0 0 0 0 0 0 0 0 0 0 0 0 0 0 0 33 0 0
2492 5 1 3 0.950 0.400 0.700 0.000 1.400 0.000 2493 0 0 0 0 0 0 0 0 0 0 0 0 0 0 0 0 0
2493 5 1 2 1.900 0.400 0.700 180.000 -1.400 0.000 0 0 0 0 0 0 0 0 0 0 0 0 0 0 0 0 0 0
2604 5 1 2 1.900 0.400 0.600 0.000 1.200 0.000 2605 0 0 0 0 0 0 0 0 0 0 0 0 0 0 0 0 0
2605 5 1 1 0.000 0.400 0.600 180.000 -1.200 0.000 0 0 0 0 0 0 0 0 0 0 0 0 0 0 0 0 0 0
2838 5 1 1 0.000 0.900 0.700 0.000 1.850 0.000 2839 0 0 0 0 0 0 0 0 0 0 0 0 0 0 0 0 0
2839 5 1 1 0.000 0.900 0.700 180.000 -1.850 0.000 0 0 0 0 0 0 0 0 0 0 0 0 0 0 0 0 0 0
2876 2 1 1 0.000 3.100 1.800 180.000 -3.500 0.000 2877 0 0 0 0 0 0 0 0 0 0 0 0 0 0 0 0 0
2877 5 1 3 2.300 0.800 1.700 0.000 3.500 0.000 0 0 0 0 0 0 0 0 0 0 0 0 0 0 0 0 0 0
2962 5 1 3 0.950 0.450 0.700 0.000 1.425 0.000 2963 0 0 0 0 0 0 0 0 0 0 0 0 0 0 0 0 0
2963 5 1 3 0.950 0.450 0.700 180.000 -1.425 0.000 0 0 0 0 0 0 0 0 0 0 0 0 0 0 0 0 0 0
3040 3 1 1 0.000 0.750 3.200 0.000 4.500 0.000 3041 0 0 0 0 0 0 0 0 0 0 0 0 0 0 0 0 0
3041 3 1 1 0.000 0.750 3.200 180.000 -4.500 0.000 0 0 0 0 0 0 0 0 0 0 0 0 0 0 0 0 0 0
3050 2 1 4 1.270 0.430 1.100 90.000 0.000 3.000 3051 0 0 0 0 0 0 0 0 0 0 0 0 0 0 0 0 0
3051 2 1 4 1.270 0.430 1.100 -90.000 0.000 -3.000 0 0 0 0 0 0 0 0 0 0 0 0 0 0 0 0 0 0
3144 5 1 4 0.500 0.270 0.400 -90.000 0.000 -1.500 3145 0 0 0 0 0 0 0 0 0 0 0 0 0 0 0 0 0
3145 5 1 4 0.500 0.270 0.400 0.000 1.500 0.000 3146 0 0 0 0 0 0 0 0 0 0 0 0 0 0 0 0 0
3146 5 1 4 0.500 0.270 0.400 90.000 0.000 1.500 3147 0 0 0 0 0 0 0 0 0 0 0 0 0 0 0 0 0
3147 5 1 4 0.500 0.270 0.400 -180.000 -1.500 0.000 0 0 0 0 0 0 0 0 0 0 0 0 0 0 0 0 0 0
3891 5 1 2 1.900 0.380 0.500 0.000 1.200 0.000 3892 0 0 0 0 0 0 0 0 0 0 0 0 0 0 0 0 0
3892 5 1 1 0.000 0.380 0.500 180.000 -1.200 0.000 0 0 0 0 0 0 0 0 0 0 0 0 0 0 0 0 0 0
3893 5 1 2 1.900 0.380 0.500 0.000 1.200 0.000 3894 0 0 0 0 0 0 0 0 0 0 0 0 0 0 0 0 0
3894 5 1 1 0.000 0.380 0.500 180.000 -1.200 0.000 0 0 0 0 0 0 0 0 0 0 0 0 0 0 0 0 0 0
3895 5 1 1 0.000 1.600 1.000 0.000 2.500 0.000 3896 0 0 0 0 0 0 0 0 0 0 0 0 0 0 0 0 0
3896 5 1 1 0.000 1.600 1.000 -180.000 -2.500 0.000 0 0 0 0 0 0 0 0 0 0 0 0 0 0 0 0 0 0
3899 2 1 1 0.000 4.000 0.500 0.000 2.500 0.000 3900 0 0 105 0 0 0 0 0 0 123 0 0 0 0 278 0 0
3900 2 1 1 0.000 4.000 0.500 180.000 -2.500 0.000 0 0 0 106 0 0 0 0 0 0 124 0 0 0 0 279 0 0
3905 2 1 1 0.000 4.500 1.500 0.000 3.000 0.000 3906 0 0 0 0 0 0 0 0 0 0 0 0 0 0 0 0 0
3906 2 1 1 0.000 4.500 1.500 180.000 -3.000 0.000 0 0 0 0 0 0 0 0 0 0 0 0 0 0 0 0 0 0
3913 5 1 2 1.900 0.380 0.500 0.000 1.175 0.000 3914 0 0 0 0 0 0 0 0 0 0 0 0 0 0 0 0 0
3914 5 1 1 0.000 0.380 0.500 180.000 -1.175 0.000 0 0 0 0 0 0 0 0 0 0 0 0 0 0 0 0 0 0
3925 6 1 1 0.000 3.000 1.400 0.000 3.925 0.000 3926 0 0 0 0 0 0 0 0 0 0 0 0 0 0 0 0 0
3926 6 1 1 0.000 3.000 1.400 180.000 -3.925 0.000 0 0 0 0 0 0 0 0 0 0 0 0 0 0 0 0 0 0
3927 2 1 1 0.000 3.100 1.500 0.000 3.500 0.000 3928 0 0 0 0 0 0 0 0 0 0 0 0 0 0 0 0 0
3928 2 1 1 0.000 3.100 1.500 180.000 -3.500 0.000 0 0 0 0 0 0 0 0 0 0 0 0 0 0 0 0 0 0
3929 2 1 4 1.270 0.430 1.100 90.000 0.000 3.000 3930 0 0 0 0 0 0 0 0 0 0 0 0 0 0 0 0 0
3930 2 1 4 1.270 0.430 1.100 -90.000 0.000 -3.000 0 0 0 0 0 0 0 0 0 0 0 0 0 0 0 0 0 0
3941 1 1 1 0.000 1.200 0.500 0.000 1.000 0.000 3942 0 0 0 0 0 0 0 0 0 0 0 0 0 0 0 0 0
3942 1 1 1 0.000 1.200 0.500 180.000 -1.000 0.000 0 0 0 0 0 0 0 0 0 0 0 0 0 0 0 0 0 0
4044 5 1 2 1.900 0.380 0.500 0.000 1.175 0.000 4045 0 0 0 0 0 0 0 0 0 0 0 0 0 0 0 0 0
4045 5 1 1 0.000 0.380 0.500 180.000 -1.175 0.000 0 0 0 0 0 0 0 0 0 0 0 0 0 0 0 0 0 0
4060 2 1 1 0.000 4.000 0.500 0.000 2.500 0.000 4061 0 0 109 0 0 0 0 0 0 133 0 0 0 0 282 0 0
4061 2 1 1 0.000 4.000 0.500 180.000 -2.500 0.000 0 0 0 110 0 0 0 0 0 0 134 0 0 0 0 283 0 0
4062 2 1 1 0.000 5.000 1.600 0.000 3.000 0.000 4063 0 0 0 0 0 0 0 0 0 135 0 0 0 0 284 0 0
4063 2 1 1 0.000 5.000 1.600 180.000 -3.000 0.000 0 0 0 0 0 0 0 0 0 0 136 0 0 0 0 285 0 0
4064 2 1 1 0.000 5.000 1.600 0.000 3.000 0.000 4065 0 0 0 0 0 0 0 0 0 137 0 0 0 0 286 0 0
4065 2 1 1 0.000 5.000 1.600 180.000 -3.000 0.000 0 0 0 0 0 0 0 0 0 0 138 0 0 0 0 287 0 0
4066 2 1 1 0.000 5.000 1.600 0.000 3.000 0.000 4067 0 0 0 0 0 0 0 0 0 139 0 0 0 0 288 0 0
4067 2 1 1 0.000 5.000 1.600 180.000 -3.000 0.000 0 0 0 0 0 0 0 0 0 0 140 0 0 0 0 289 0 0
4080 5 1 1 0.000 1.500 1.000 0.000 2.400 0.000 4081 0 0 0 0 0 0 0 0 0 0 0 0 0 0 0 0 0
4081 5 1 1 0.000 1.500 1.000 180.000 -2.400 0.000 0 0 0 0 0 0 0 0 0 0 0 0 0 0 0 0 0 0
4096 5 1 3 0.950 0.400 0.700 0.000 1.450 0.000 4097 0 0 0 0 0 0 0 0 0 0 0 0 0 0 0 0 0
4097 5 1 2 1.900 0.400 0.700 180.000 -1.450 0.000 0 0 0 0 0 0 0 0 0 0 0 0 0 0 0 0 0 0
4114 2 1 1 0.000 4.500 1.500 0.000 3.000 0.000 4115 0 0 0 0 0 0 0 0 0 0 0 0 0 0 0 0 0
4115 2 1 1 0.000 4.500 1.500 180.000 -3.000 0.000 0 0 0 0 0 0 0 0 0 0 0 0 0 0 0 0 0 0
4128 5 1 3 0.560 0.290 0.950 -90.000 0.850 -1.750 4129 0 0 0 0 0 0 0 0 0 0 0 0 0 0 0 0 0
4129 5 1 3 0.560 0.290 0.950 90.000 0.850 1.750 4130 0 0 0 0 0 0 0 0 0 0 0 0 0 0 0 0 0
4130 2 1 6 0.500 0.250 0.400 180.000 -1.750 0.000 4131 0 0 0 0 0 0 0 0 0 0 0 0 0 0 0 0 0
4131 2 1 2 0.610 0.330 2.300 0.000 1.750 0.000 0 0 0 0 0 0 0 0 0 0 0 0 0 0 0 0 0 0
4134 3 1 1 0.000 0.700 2.150 0.000 2.900 0.000 4135 0 0 0 0 0 0 0 0 0 0 0 0 0 0 0 0 0
4135 3 1 1 0.000 0.700 2.150 180.000 -2.900 0.000 0 0 0 0 0 0 0 0 0 0 0 0 0 0 0 0 0 0
4138 5 1 3 0.500 0.200 0.250 0.000 0.800 0.000 4139 0 0 0 0 0 0 0 0 0 0 0 0 0 0 0 0 0
4139 5 1 3 0.500 0.200 0.250 180.000 -0.800 0.000 0 0 0 0 0 0 0 0 0 0 0 0 0 0 0 0 0 0
4160 1 1 1 0.000 1.200 0.500 0.000 1.000 0.000 4161 0 0 0 0 0 0 0 0 0 0 0 0 0 0 0 0 0
4161 1 1 1 0.000 1.200 0.500 180.000 -1.000 0.000 0 0 0 0 0 0 0 0 0 0 0 0 0 0 0 0 0 0
4162 6 1 1 0.000 3.000 1.400 0.000 3.925 0.000 4163 0 0 0 0 0 0 0 0 0 0 0 0 0 0 0 0 0
4163 6 1 1 0.000 3.000 1.400 180.000 -3.925 0.000 0 0 0 0 0 0 0 0 0 0 0 0 0 0 0 0 0 0
4164 1 1 1 0.000 1.200 0.500 0.000 1.000 0.000 4165 0 0 0 0 0 0 0 0 0 0 0 0 0 0 0 0 0
4165 1 1 1 0.000 1.200 0.500 180.000 -1.000 0.000 0 0 0 0 0 0 0 0 0 0 0 0 0 0 0 0 0 0
4166 5 1 10 0.500 0.250 0.400 -90.000 0.000 -3.000 4167 0 0 0 0 0 0 0 0 0 0 0 0 0 0 0 0 0
4167 5 1 10 0.500 0.250 0.400 0.000 3.000 0.000 4168 0 0 0 0 0 0 0 0 0 0 0 0 0 0 0 0 0
4168 5 1 10 0.500 0.250 0.400 90.000 0.000 3.000 4169 0 0 0 0 0 0 0 0 0 0 0 0 0 0 0 0 0
4169 5 1 10 0.500 0.250 0.400 -180.000 -3.000 0.000 0 0 0 0 0 0 0 0 0 0 0 0 0 0 0 0 0 0
4172 5 1 2 1.900 0.400 0.600 0.000 1.200 0.000 4173 0 0 0 0 0 0 0 0 0 0 0 0 0 0 0 0 0
4173 5 1 1 0.000 0.400 0.600 180.000 -1.200 0.000 0 0 0 0 0 0 0 0 0 0 0 0 0 0 0 0 0 0
4174 2 1 2 4.600 0.800 2.800 180.000 -5.000 0.000 4175 0 0 0 0 0 0 0 0 0 0 0 0 0 0 0 0 0
4175 2 1 1 0.000 5.450 1.300 0.000 5.000 0.000 0 0 0 0 0 0 0 0 0 0 0 0 0 0 0 0 0 0
4176 1 1 1 0.000 0.800 0.400 0.000 0.800 0.000 4177 0 0 0 0 0 0 0 0 0 0 0 0 0 0 0 0 0
4177 1 1 1 0.000 0.800 0.400 180.000 -0.800 0.000 0 0 0 0 0 0 0 0 0 0 0 0 0 0 0 0 0 0
4186 2 1 5 0.500 0.280 0.400 90.000 0.000 1.500 4187 0 0 0 0 0 0 0 0 0 0 0 0 0 0 0 0 0
4187 2 1 5 0.500 0.280 0.400 -90.000 0.000 -1.500 0 0 0 0 0 0 0 0 0 0 0 0 0 0 0 0 0 0
4233 2 1 1 0.000 4.900 1.500 0.000 2.950 0.000 4234 0 0 118 0 0 0 0 0 0 154 0 0 0 0 306 0 0
4234 2 1 1 0.000 4.900 1.500 180.000 -2.950 0.000 0 0 0 119 0 0 0 0 0 0 155 0 0 0 0 307 0 0

[ShapeBallGroup]
IDNUM LType LSect T Cx Cy Px Py W Col Row Shape NEXT MISS Inspect FixHeight WAllow BendAllow FloatAllow LackChk PosChk CorrectFlg

[ShapeInsLead]
IDNUM T Cx Cy W P N NEXT MISS MISSA END WAllow BendAllow FloatAllow LackChk PosChk DetectWidth Detail

[ShapeSquare]
IDNUM Atrb T Cx Cy Dx Dy PosChk NEXT CorrectFlg

[ShapeCircle]
IDNUM Atrb T Cx Cy Dx Dy Ts Te PosChk NEXT CorrectFlg

[ShapeLine]
IDNUM Atrb T Cx Cy L PosChk NEXT CorrectFlg
116 0 0.000 -1.000 0.000 5.000 0 117 0
117 0 180.000 1.000 0.000 5.000 0 0 0
120 0 0.000 -1.000 0.000 5.000 0 121 0
121 0 180.000 1.000 0.000 5.000 0 0 0
128 0 180.000 1.450 0.000 5.500 0 129 0
129 0 0.000 -1.450 0.000 5.500 0 0 0

[ShapeCorner]
IDNUM Atrb T Cx Cy Dx Dy PosChk NEXT CorrectFlg

[ShapeRectangle]
IDNUM Atrb T Cx Cy Dx Dy PosChk NEXT

[ShapeUnevenBall]
IDNUM LType LSect Total W Lt Wt ColA RowA ColB RowB Px Py Cx Cy WAllow BendAllow FloatAllow PosChk

[ShapeUnevenBallB]
IDNUM LType LSect W Pat WAllow BendAllow FloatAllow

[ShapeMntTeachPos]
IDNUM MntTeachPosX1 MntTeachPosY1 MntTeachPosX2 MntTeachPosY2

[ShapeCutLead]
IDNUM Group Num Pos NEXT

[ShapeAutoCutLead]
IDNUM Ratio Count

[ShapeLackBall]
IDNUM MSA MSB MSC MSD MSE MSF MSG MSH MSI MSJ MSK MSL MSM MSN MSO MSP

[ShapeBlockMatch]
IDNUM PatNo

[ShapeRandomBall]
IDNUM PatNo

[ShapeBoxSide]
IDNUM Side

[ShapeLeadPoint]
IDNUM Pos CodeA CodeB NEXT
105 0 0 1 0
106 0 0 1 0
109 0 0 1 0
110 0 0 1 0
118 0 0 1 0
119 0 0 1 0

[ShapeLeadBend]
IDNUM T

[ShapeLeadIrr]
IDNUM Pos Code NEXT
32 0 15 0
33 0 15 0
278 0 11 0
279 0 14 0
282 0 11 0
283 0 14 0
284 0 15 0
285 0 15 0
286 0 15 0
287 0 15 0
288 0 15 0
289 0 15 0
306 0 11 0
307 0 14 0

[ShapeReinforcedLead]
IDNUM Pos D NEXT

[ShapeInsLeadDetail]
IDNUM L Shape Mode Thl State Detect Material Flag

[ShapeIrrRange]
IDNUM Side A B NEXT

[ShapeTakeupRange]
IDNUM A B Dx Dy

[ShapeAccRange]
IDNUM X Y

[ShapeBoxPos]
IDNUM Side

[ShapeBoxAccPos]
IDNUM Side Dx Dy W NEXT

[ShapeAccSlant]
IDNUM Side Type Ax Ay Bx By W NEXT

[ShapePointCorrect]
IDNUM W

[ShapeAllBallInspect]
IDNUM Lower Upper Flag

[ShapeNoAngle]
IDNUM T

[ShapeNoCenter]
IDNUM Cx Cy

[ShapeAngleCalcMethod]
IDNUM Code

[ShapeLeadDetectPos]
IDNUM Base D

[ShapeLeadDetectWidth]
IDNUM W

[ShapeLeadHPos]
IDNUM A B

[ShapeBallHPos]
IDNUM Change

[ShapeCenterDef]
IDNUM Type

[ShapeMountOffset]
IDNUM Cx Cy T

[ShapeCorrectionFlg]
IDNUM Correct

[ShapeSizeAllow]
IDNUM Lm Lp Wm Wp
1 0.640 0.640 0.320 0.320
2 0.400 0.400 0.240 0.240
20 0.400 0.400 0.240 0.240
295 0.400 0.400 0.240 0.240
1568 0.400 0.400 0.240 0.240
2166 0.320 0.320 0.160 0.160
2185 0.500 0.500 0.500 0.500
2408 0.640 0.640 0.320 0.320
2609 0.400 0.400 0.240 0.240
2906 0.300 0.300 0.180 0.180
3114 1.500 1.500 1.475 1.475
3137 0.400 0.400 0.240 0.240
3236 1.500 1.500 1.475 1.475
3237 1.500 1.500 1.475 1.475
3238 1.500 1.500 1.475 1.475
3239 1.500 1.500 1.475 1.475
3247 0.640 0.640 0.320 0.320
3267 0.320 0.320 0.160 0.160
3288 0.400 0.400 0.240 0.240
3292 0.400 0.400 0.240 0.240
3297 0.400 0.400 0.200 0.200
3327 1.500 1.500 1.475 1.475

[ShapeLeadWAllow]
IDNUM Wm
123 4.000
124 4.000
133 4.000
134 4.000
135 4.800
136 4.800
137 4.800
138 4.800
139 3.800
140 3.800
154 4.800
155 4.800

[ShapeLeadBendAllow]
IDNUM Pm

[ShapeFloatAllow]
IDNUM F

[ShapeFloatAllowMaster]
IDNUM F

[ShapeLeadLackChk]
IDNUM Check

[ShapeRegistPosChk]
IDNUM Lm Lp Wm Wp

[ShapeSizeChk]
IDNUM Ax Ay Bx By T L W TolM TolP Thl NEXT

[ShapeAngleCalcChk]
IDNUM A B

[ShapeCenterRangeChk]
IDNUM Dx Dy Wx Wy

[ShapeTakeUpChk]
IDNUM Thl Area ThlF ThlMCS

[ShapeOverChk]
IDNUM Thl L Dx Dy Wx Wy

[ShapeAdjacentChk]
IDNUM U V Wu Wv Ox Oy

[ShapeSupplyDirChk]
IDNUM Mode

[ShapeLeadDirChk]
IDNUM Ang

[ShapeSideStandChk]
IDNUM Type Thl T

[ShapeStandChk]
IDNUM Chk1 Chk2 Chk3 Chk4 Chk5

[ShapeRollChk]
IDNUM C

[ShapeBrightChk]
IDNUM T Cx Cy Dx Dy Method Mode Upper Lower NEXT Col ModeM UpperM LowerM UpperMCS LowerMCS
635 0.000 0.000 0.000 0.400 0.600 0 2 255 210 0 0 0 0 0 0 0
677 0.000 0.000 0.000 0.700 0.700 0 2 255 245 0 0 0 0 0 0 0
811 0.000 0.000 0.000 0.400 0.800 0 2 255 210 0 0 0 0 0 0 0
889 0.000 0.000 0.000 0.400 0.800 0 0 255 0 0 0 0 0 0 0 0
980 0.000 0.000 0.000 0.700 0.700 0 2 255 245 0 0 0 0 0 0 0
985 0.000 0.000 0.000 0.400 0.600 0 2 255 210 0 0 0 0 0 0 0

[ShapeFloatChk]
IDNUM T Cx Cy Dx Dy NEXT

[ShapeFluxChk]
IDNUM Upper Ulmt UpperF UpperMCS

[ShapeSolderChk]
IDNUM Upper Ulmt UpperF UpperMCS

[ShapePOPRecChk]
IDNUM LmtTH LmtRto Kind CheckMode StampMode MesRto Ex LmtTHF LmtTHMCS

[ShapeDblPickUpChk]
IDNUM Check

[ShapeLeadFlipFlopChk]
IDNUM Flag F

[ShapeBrightDiffChk]
IDNUM T Cx1 Cy1 Cx2 Cy2 Dx Dy Method Mode Diff NEXT DiffF DiffMCS

[ShapePOPRecChkEx]
IDNUM LmtRtoL

[ShapeBumpBridgeChk]
IDNUM Upper Ulmt UpperF UpperMCS

[ShapeLeadBendAllowMaster]
IDNUM Pm

[ShapeInverse]
IDNUM Flag

[ShapeEasySupportFlag]
IDNUM Flag

[ShapeEdgePrm]
IDNUM PA PB

[ShapeTriPrm]
IDNUM Low High

[ShapeSamplingPrm]
IDNUM PA PB PC PD

[ShapeAccuPrm]
IDNUM PA PB PC PD

[Shape2DPrm]
IDNUM Thl

[Shape3DPrm]
IDNUM Thl

[Shape3DSensor]
IDNUM PowerA PowerB ThlA ThlB Light

[Shape3DSensorPSD]
IDNUM AngFlag

[ShapeOldFashion]
IDNUM Code

[ShapeInsLeadDetailMaster]
IDNUM L Shape Mode Thl State Detect Material Flag

[ShapeCMRef]
IDNUM Use REF L W Ang

[ShapeRndShpExSize]
IDNUM Expand

[ShapeOutlineRecog]
IDNUM Use

[ShapeAutoAngleAdjust]
IDNUM Use

[ShapeSupportPin]
IDNUM N X1 Y1 X2 Y2 X3 Y3 X4 Y4 X5 Y5

[ChipData]
IDNUM L W T RCGSP NAME KIND REF QFP BGA CT FC BARE GR LMPA LMPB LMPC LMPD LMPE LMPF HMAX MVSEL HVSEL A RETRY MAXL MAXW NOZZLEA NOZZLEB NOZZLEC NOZZLED NOZZLEE TGAP MGAP TUPX TUPY TUPZ RZ SZ TSPD MSPD FS TUPT MNTT HMFLAG HMGAP TMFLAG MRECA LOAD FLUX Fluxload STZ SQGAP STTIME STSPD
575 1.600 0.800 0.450 0 "R1608_T0.45" 1 118 0 0 0 0 0 0 0 0 0 0 0 0 0.090 0 0 0 3 1.6 0.8 230 0 0 0 0 0 0.3 0 0 0 0 0 100 100 3 3 3 1 0.000 1 0 2.5 0 2.5 0 0.015 150 100
599 2.100 1.250 0.900 0 "minitr_5P" 14 70 0 0 0 0 0 0 0 0 0 0 0 0 0.240 0 0 0 3 2.9 2.7 235 0 0 0 0 0.3 0.3 0 0 0 0 0 100 100 3 3 3 1 0.000 0 0 2.5 0 2.5 0 0.015 150 100
633 3.200 1.600 0.600 0 "R3216_t0.55" 1 51 0 0 0 0 0 0 0 0 0 0 0 0 0.120 0 0 0 3 3.2 1.6 235 0 0 0 0 0.1 0.3 0 0 0 0 0 100 100 3 3 3 1 0.000 0 0 2.5 0 2.5 0 0.015 150 100
637 6.980 4.900 1.630 0 "Powertr-SOT223" 16 74 0 0 0 0 0 0 0 0 0 0 0 0 0.326 0 0 0 3 7 6.4 240 0 0 0 0 0.1 0.3 0 0 -0.5 0 0 60 60 3 3 3 0 0.000 0 0 2.5 0 2.5 0 0.015 150 100
655 4.300 4.300 5.400 0 "ALU9085_T6.45" 6 71 0 0 0 0 0 0 0 0 0 0 0 0 1.000 0 0 0 3 9 8.5 140 0 0 0 0 0.7 0.1 0 0 0 0 0 60 60 3 3 3 1 0.000 0 0 2.5 0 2.5 0 0.015 150 100
670 2.000 1.200 0.500 0 "R2012_T0.5" 1 118 0 0 0 0 0 0 0 20 0 0 0 0 0.100 0 0 0.000 3 2.000 1.200 235 0 0 0 0 0.000 0.300 0.000 0.000 0.000 0.000 0.000 100 100 3 3 3 1 0.000 1 0 2.500 0 2.500 0.000 0.015 150 100
719 2.000 1.200 0.500 0 "R2012_T0.5" 1 118 0 0 0 0 0 0 0 20 0 0 0 0 0.100 0 0 0.000 3 2.000 1.200 235 0 0 0 0 0.000 0.300 0.000 0.000 0.000 0.000 0.000 100 100 3 3 3 1 0.000 1 0 2.500 0 2.500 0.000 0.015 150 100
805 2.550 0.400 0.800 0 "Diode-2pin" 17 75 0 0 0 0 0 0 0 0 0 0 0 0 0.180 0 0 0.000 3 8.000 5.500 140 0 0 0 0 0.500 0.100 0.000 0.000 0.000 0.000 0.000 60 60 3 3 3 1 0.000 0 0 2.500 0 2.500 0.000 0.015 150 100
806 3.200 1.600 0.600 0 "R3216_t0.55" 1 51 0 0 0 0 0 0 0 0 0 0 0 0 0.120 0 0 0 3 3.2 1.6 235 0 0 0 0 0.1 0.3 0 0 0 0 0 100 100 3 3 3 1 0.000 0 0 2.5 0 2.5 0 0.015 150 100
811 1.600 0.800 0.450 0 "R1608_T0.45" 1 118 0 0 0 0 0 0 0 0 0 0 0 0 0.090 0 0 0 3 1.6 0.8 230 0 0 0 0 0 0.3 0 0 0 0 0 100 100 3 3 3 1 0.000 1 0 2.5 0 2.5 0 0.015 150 100
812 2.000 2.000 0.550 0 "QFN 18PIN" 19 196 66 0 0 0 0 0 0 0 0 0 0 0 0.230 0 0 0.000 3 4.000 4.000 240 0 0 0 0 0.400 0.100 0.000 0.000 0.000 0.000 0.000 60 60 3 3 3 1 0.000 0 0 2.500 0 2.500 0.000 0.015 150 100
816 1.600 0.800 0.800 0 "C1608_t0.8" 2 51 0 0 0 0 0 0 0 0 0 0 0 0 0.160 0 0 0 3 1.6 0.8 230 0 0 0 0 0 0.3 0 0 0 0 0 100 100 3 3 3 1 0.000 1 0 2.5 0 2.5 0 0.015 150 100

[ChipExtensionQFP]
IDNUM PITCHA PITCHB PITCHC PITCHD PINSA PINSB PINSC PINSD VPINSA VPINSB VPINSC VPINSD MISSA MISSB MISSC MISSD BNT
66 0.000 0.500 0.000 0.500 0 4 0 4 0 4 0 4 0 0 0 0 0

[ChipExtensionBGA]
IDNUM PITCH PITCHY DIA BH BL MSA MSB MSC MSD MSE MSF MSG MSH MSI MSJ MSK MSL MSM MSN MSO DMAX

[ChipExtensionCT]
IDNUM REF DA DB DC DD DE DF DG DH DI DJ

[ChipExtensionFC]
IDNUM BXA BXB BXC BXD BXE BXF BXG BXH BYA BYB BYC BYD BYE BYF BYG BYH BDA BDB BDC BDD BDE BDF BDG BDH

[ChipExtensionBARE]
IDNUM SM SN SLX SLY

[ChipExtensionGR]
IDNUM PINFRM ARYFORM NONGRID PINAD BMPAD PINGAD BMPGAD INSPGAD RTAD CIRAD LNAD CORAD RTGAD PINMS PINBS BMPARYBT GRBINA GRBINB GRBINC

[GRDetailPINFRM]
IDNUM NextID Ltype Lsect Side N P W L OFS

[GRDetailARYFORM]
IDNUM Ltype Lsect Col Row Px Py W

[GRDetailNONGRID]
IDNUM Lt Wt ColB RowB Total

[GRDetailPINAD]
IDNUM NextID Ltype Lsect Dummy T Cx Cy Dx Dy

[GRDetailBMPAD]
IDNUM NextID Ltype Lsect Cx Cy W

[GRDetailPINGAD]
IDNUM NextID Ltype Lsect Dummy N P W L T Cx Cy

[GRDetailBMPGAD]
IDNUM NextID Ltype Lsect Dummy T Cx Cy Px Py W Col Row Type

[GRDetailINSPGAD]
IDNUM NextID T Cx Cy W P N Dummy

[GRDetailRTAD]
IDNUM NextID Atrb Dummy T Cx Cy Dx Dy

[GRDetailCIRAD]
IDNUM NextID Atrb Dummy T Cx Cy Dx Dy Ts Te

[GRDetailLNAD]
IDNUM NextID Atrb Dummy T Cx Cy L

[GRDetailCORAD]
IDNUM NextID Atrb Dummy T Cx Cy Dx Dy

[GRDetailRTGAD]
IDNUM NextID Atrb Dummy T Cx Cy Dx Dy

[GRDetailPINMS]
IDNUM NextID Side Class Num Pos

[GRDetailPINBS]
IDNUM NextID Side Dummy D

[GRDetailBMPARYBT]
IDNUM Col Row Check MSA MSB MSC MSD MSE MSF MSG MSH MSI MSJ MSK MSL MSM MSN MSO MSP

[GRDetailGRBINA]
IDNUM SIZE BLANK NUM SABPA SABPB SABPC SABPD SABPE SABPF SABPG SABPH SABPI SABPJ SABPK SABPL SABPM SABPN

[GRDetailGRBINB]
IDNUM SIZE BLANK SBBPA SBBPB SBBPC SBBPD SBBPE SBBPF SBBPG SBBPH SBBPI SBBPJ SBBPK SBBPL

[GRDetailGRBINC]
IDNUM SIZE BLANK SCBPA SCBPB SCBPC SCBPD SCBPE SCBPF SCBPG SCBPH SCBPI SCBPJ SCBPK SCBPL

[MountCondition]
IDNUM NR NOZZLEA NOZZLEB NOZZLEC NOZZLED NOZZLEE TGAP MGAP TUPX TUPY TUPZ RZ MZ SZ TSPD MSPD FS TUPT MNTT VSEL Camera LampMode RcgMode HMFLAG HMGAP TMFLAG TMTIMING HMAX HMIN POLARIZE MRECA LOAD FLUX Fluxload STZ SQGAP STTIME STSPD ThDMntGap LMFLAG NoSimTkup FLOAT LTYP FMAX LSA LSB LSC LSD FLUXR TkupTol TkupTeach VSMC STEPMNT SFeedLength TkupLearn BfrMntInspect AdTkupBfrInspect RcgTime IdealRcgTime RankMount RankEmptyMargin ScanCount TkupTeach2 HMFLAG2 SplicePosAction HSensorHMFLAG TSPD2 MSPD2 TSPD3 MSPD3 WaitBeforeMnt STEPMNTSTR MSPDR STEPMNTSPD STEPMNTUP STEPMNTUPSTR STEPMNTUPSPD BlowTimeSetting BlowTime STEPTUP STEPTUPSTR STEPTUPUP STEPTUPUPSTR FEEDLIMIT MNTNUMMNG VhsHeadLOAD ExMCOND VSEL2 VSMC2 SingleTkupPerTurn HdInsDet LMax
1 2000 235 120 0 0 0 0.400 0.200 0.000 0.000 0.000 0.000 0.000 0.000 80 80 3 3 3 0 0 2 0 1 0.000 1 0 0.320 -0.320 1 0 2.500 0 2.500 0.000 0.015 150 100 0.000 0 0 0 0 0.000 0.000 0.000 0.000 0.000 0 0.000 1 0 0 0 0 0 0 0.000 0.000 0 50 0 0 0 0 0 0 0 0 0 0 0.000 0 0 0 0 0 0 20 0 0 0 0 0 0 0 0 0 0 0 0 1.000
2 3000 235 0 0 0 0 0.300 0.250 0.000 0.000 0.000 0.000 0.000 0.000 80 80 3 3 3 1 0 2 0 1 0.000 1 0 0.250 -0.250 1 0 2.500 0 2.500 0.000 0.015 150 100 0.000 0 1 0 0 0.000 0.000 0.000 0.000 0.000 0 0.000 1 0 0 0 0 0 0 0.000 0.000 0 50 0 0 0 0 0 0 0 0 0 0 0.000 0 0 0 0 0 0 20 0 0 0 0 0 0 0 0 0 0 0 0 1.000
20 3000 235 120 0 0 0 0.300 0.250 0.000 0.000 0.000 0.000 0.000 0.000 80 80 3 3 3 0 0 2 0 1 0.000 1 0 0.250 -0.250 1 0 2.500 0 2.500 0.000 0.015 150 100 0.000 0 0 0 0 0.000 0.000 0.000 0.000 0.000 0 0.000 1 0 0 0 0 0 0 0.000 0.000 0 50 0 0 0 0 0 0 0 0 0 0 0.000 0 0 0 0 0 0 20 0 0 0 0 0 0 0 0 0 0 0 0 1.000
295 3000 235 120 0 0 0 0.400 0.250 0.000 0.000 0.000 0.000 0.000 0.000 80 80 3 3 3 1 0 2 0 1 0.000 1 0 0.250 -0.250 1 0 2.500 0 2.500 0.000 0.015 150 100 0.000 0 1 0 0 0.000 0.000 0.000 0.000 0.000 0 0.000 1 0 0 0 0 0 0 0.000 0.000 0 50 0 0 0 0 0 0 0 0 0 0 0.000 0 0 0 0 0 0 20 0 0 0 0 0 0 0 0 0 0 0 0 1.000
1568 3000 235 0 0 0 0 0.300 0.250 0.000 0.000 0.000 0.000 0.000 0.000 80 80 3 3 3 1 0 2 0 1 0.000 1 0 0.250 -0.250 1 0 2.500 0 2.500 0.000 0.015 150 100 0.000 0 1 0 0 0.000 0.000 0.000 0.000 0.000 0 0.000 1 0 0 0 0 0 0 0.000 0.000 0 50 0 0 0 0 0 0 0 0 0 0 0.000 0 0 0 0 0 0 20 0 0 0 0 0 0 0 0 0 0 0 0 1.000
1803 3000 235 0 0 0 0 0.400 0.300 0.000 0.000 0.000 0.000 0.000 0.000 80 80 3 2 3 1 0 2 0 1 0.000 0 0 0.190 -0.190 0 0 2.500 0 2.500 0.000 0.015 150 100 0.000 0 1 0 0 0.000 0.000 0.000 0.000 0.000 0 0.000 1 0 0 0 0 0 0 0.000 0.000 0 50 0 0 0 0 0 0 0 0 0 0 0.000 0 0 0 0 0 0 20 0 0 0 0 0 0 0 0 0 0 0 0 1.000
1808 3000 230 0 0 0 0 0.200 0.300 0.000 0.000 0.000 0.000 0.000 0.000 80 80 3 2 3 1 0 2 0 1 0.000 0 0 0.180 -0.180 0 0 2.500 0 2.500 0.000 0.015 150 100 0.000 0 1 0 0 0.000 0.000 0.000 0.000 0.000 0 0.000 1 0 0 0 0 0 0 0.000 0.000 0 50 0 0 0 0 0 0 0 0 0 0 0.000 0 0 0 0 0 0 20 0 0 0 0 0 0 0 0 0 0 0 0 1.000
2107 1500 240 0 0 0 0 0.500 0.100 0.000 0.000 0.000 0.000 0.000 0.900 40 40 1 2 3 0 0 2 0 1 0.000 0 0 0.240 -0.240 0 0 2.500 0 2.500 0.000 0.015 150 100 0.000 0 1 0 0 0.000 0.000 0.000 0.000 0.000 0 0.000 1 0 0 0 0 0 0 0.000 0.000 0 50 0 0 0 0 0 0 0 0 0 0 0.000 0 0 0 0.000 0 0 20 0 0.000 0 0.000 0 0 0 0 0 0 0 0 1.000
2166 4000 230 0 0 0 0 0.000 0.300 0.000 0.000 0.000 0.000 0.000 0.000 40 40 3 3 3 1 0 2 0 1 0.000 1 1 0.090 -0.090 1 0 2.500 0 2.500 0.000 0.015 150 100 0.000 0 1 0 0 0.000 0.000 0.000 0.000 0.000 0 0.000 1 0 0 0 0 0 0 0.000 0.000 0 50 0 0 0 0 0 0 0 0 0 0 0.000 0 0 0 0 0 0 20 0 0 0 0 0 0 0 0 0 0 0 0 1.000
2185 500 120 230 0 0 0 0.700 0.200 0.000 0.000 0.000 0.000 0.000 0.000 60 60 2 3 2 0 0 2 0 1 0.000 0 0 0.000 0.000 1 0 2.500 0 2.500 0.000 0.000 150 100 0.000 0 1 0 0 0.000 0.000 0.000 0.000 0.000 0 0.000 1 0 0 0 1 0 0 0.000 0.000 0 0 0 0 0 0 0 0 0 0 0 0 0.000 0 0 0 0 0 0 20 0 0 0 0 0 0 0 0 0 0 0 0 1.000
2211 3000 235 0 0 0 0 0.500 0.300 0.000 0.000 0.000 0.000 0.000 0.000 80 80 3 2 3 1 0 2 0 1 0.000 0 0 0.240 -0.240 0 0 2.500 0 2.500 0.000 0.015 150 100 0.000 0 1 0 0 0.000 0.000 0.000 0.000 0.000 0 0.000 1 0 0 0 0 0 0 0.000 0.000 0 50 0 0 0 0 0 0 0 0 0 0 0.000 0 0 0 0 0 0 20 0 0 0 0 0 0 0 0 0 0 0 0 1.000
2282 3000 235 0 0 0 0 0.400 0.300 0.000 0.000 0.000 0.000 0.000 0.000 80 80 3 2 3 1 0 2 0 1 0.000 0 0 0.190 -0.190 0 0 2.500 0 2.500 0.000 0.015 150 100 0.000 0 1 0 0 0.000 0.000 0.000 0.000 0.000 0 0.000 1 0 0 0 0 0 0 0.000 0.000 0 50 0 0 0 0 0 0 0 0 0 0 0.000 0 0 0 0 0 0 20 0 0 0 0 0 0 0 0 0 0 0 0 1.000
2286 3000 230 0 0 0 0 0.200 0.300 0.000 0.000 0.000 0.000 0.000 0.000 80 80 3 2 3 1 0 2 0 1 0.000 0 0 0.180 -0.180 0 0 2.500 0 2.500 0.000 0.015 150 100 0.000 0 1 0 0 0.000 0.000 0.000 0.000 0.000 0 0.000 1 0 0 0 0 0 0 0.000 0.000 0 50 0 0 0 0 0 0 0 0 0 0 0.000 0 0 0 0.000 0 0 20 0 0.000 0 0.000 0 0 0 0 0 0 0 0 1.000
2408 5000 235 0 0 0 0 0.100 0.300 0.000 0.000 0.000 0.000 0.000 0.000 80 80 3 3 3 1 0 2 0 1 0.000 1 0 0.120 -0.120 0 0 2.500 0 2.500 0.000 0.015 150 100 0.000 0 1 0 0 0.000 0.000 0.000 0.000 0.000 0 0.000 1 0 0 0 0 0 0 0.000 0.000 0 50 0 0 0 0 0 0 0 0 0 0 0.000 0 0 0 0 0 0 20 0 0 0 0 0 0 0 0 0 0 0 0 1.000
2413 3000 235 0 0 0 0 0.300 0.300 0.000 0.000 0.000 0.000 0.000 0.000 80 80 3 2 3 1 0 2 0 1 0.000 0 0 0.180 -0.180 0 0 2.500 0 2.500 0.000 0.015 150 100 0.000 0 1 0 0 0.000 0.000 0.000 0.000 0.000 0 0.000 1 0 0 0 0 0 0 0.000 0.000 0 50 0 0 0 0 0 0 0 0 0 0 0.000 0 0 0 0 0 0 20 0 0 0 0 0 0 0 0 0 0 0 0 1.000
2428 1000 240 0 0 0 0 0.700 0.200 0.000 0.000 0.000 0.000 0.000 0.000 60 60 3 2 3 1 0 2 0 0 0.000 0 0 0.326 -0.326 0 0 2.500 0 2.500 0.000 0.015 150 100 0.000 0 1 0 0 0.000 0.000 0.000 0.000 0.000 0 0.000 0 0 0 0 0 0 0 0.000 0.000 0 50 0 0 0 0 0 0 0 0 0 0 0.000 0 0 0 0 0 0 20 0 0 0 0 0 0 0 0 0 0 0 0 1.000
2489 3000 235 0 0 0 0 0.300 0.300 0.000 0.000 0.000 0.000 0.000 0.000 80 80 3 2 3 1 0 2 0 1 0.000 0 0 0.210 -0.210 0 0 2.500 0 2.500 0.000 0.015 150 100 0.000 0 1 0 0 0.000 0.000 0.000 0.000 0.000 0 0.000 1 0 0 0 0 0 0 0.000 0.000 0 50 0 0 0 0 0 0 0 0 0 0 0.000 0 0 0 0 0 0 20 0 0 0 0 0 0 0 0 0 0 0 0 1.000
2535 2000 140 0 0 0 0 0.500 0.150 0.000 0.000 0.000 0.000 0.000 0.000 80 80 3 2 3 1 0 2 0 1 0.000 0 0 0.600 -0.600 0 0 2.500 0 2.500 0.000 0.015 150 100 0.000 0 1 0 0 0.000 0.000 0.000 0.000 0.000 0 0.000 0 0 0 0 0 0 0 0.000 0.000 0 50 0 0 0 0 0 0 0 0 0 0 0.000 0 0 0 0 0 0 20 0 0 0 0 0 0 0 0 0 0 0 0 1.000
2540 3000 240 0 0 0 0 0.900 0.150 0.000 0.000 0.000 0.000 0.000 0.000 80 80 3 2 3 1 0 2 0 1 0.000 0 0 0.240 -0.240 0 0 2.500 0 2.500 0.000 0.015 150 100 0.000 0 1 0 0 0.000 0.000 0.000 0.000 0.000 0 0.000 0 0 0 0 0 0 0 0.000 0.000 0 50 0 0 0 0 0 0 0 0 0 0 0.000 0 0 0 0 0 0 20 0 0 0 0 0 0 0 0 0 0 0 0 1.000
2598 1500 240 0 0 0 0 0.400 0.100 0.000 0.000 0.000 0.000 0.000 0.000 60 60 3 2 3 1 0 2 0 1 0.000 0 0 0.000 0.000 0 0 2.500 0 2.500 0.000 0.000 150 100 0.000 0 1 0 0 0.000 0.000 0.000 0.000 0.000 0 0.000 0 0 0 0 0 0 0 0.000 0.000 0 0 0 0 0 0 0 0 0 0 0 0 0.000 0 0 0 0 0 0 20 0 0 0 0 0 0 0 0 0 0 0 0 1.000
2609 5000 235 0 0 0 0 0.100 0.300 0.000 0.000 0.000 0.000 0.000 0.000 80 80 3 3 3 1 0 2 0 1 0.000 1 0 0.100 -0.100 1 0 2.500 0 2.500 0.000 0.015 150 100 0.000 0 1 0 0 0.000 0.000 0.000 0.000 0.000 0 0.000 1 0 0 0 0 0 0 0.000 0.000 0 50 0 0 0 0 0 0 0 0 0 0 0.000 0 0 0 0.000 0 0 20 0 0.000 0 0.000 0 0 0 0 0 0 0 0 1.000
2906 5000 235 0 0 0 0 0.000 0.300 0.000 0.000 0.000 0.000 0.000 0.000 80 80 3 3 3 1 0 2 0 1 0.000 0 0 0.100 -0.100 1 0 2.500 0 2.500 0.000 0.015 150 100 0.000 0 0 0 0 0.000 0.000 0.000 0.000 0.000 0 0.000 1 0 0 0 0 0 0 0.000 0.000 0 50 0 0 0 0 0 0 0 0 0 0 0.000 0 0 0 0.000 0 0 20 0 0.000 0 0.000 0 0 0 0 0 0 0 0 1.000
3110 3000 235 0 0 0 0 0.500 0.300 0.000 0.000 0.000 0.000 0.000 0.000 80 80 3 2 3 0 0 2 0 1 0.000 0 0 0.190 -0.190 0 0 2.500 0 2.500 0.000 0.015 150 100 0.000 0 0 0 0 0.000 0.000 0.000 0.000 0.000 0 0.000 1 0 0 0 0 0 0 0.000 0.000 0 50 0 0 0 0 0 0 0 0 0 0 0.000 0 0 0 0 0 0 20 0 0 0 0 0 0 0 0 0 0 0 0 1.000
3111 3000 235 0 0 0 0 0.500 0.300 0.000 0.000 0.000 0.000 0.000 0.000 80 80 3 2 3 0 0 2 0 1 0.000 0 0 0.190 -0.190 0 0 2.500 0 2.500 0.000 0.015 150 100 0.000 0 0 0 0 0.000 0.000 0.000 0.000 0.000 0 0.000 1 0 0 0 0 0 0 0.000 0.000 0 50 0 0 0 0 0 0 0 0 0 0 0.000 0 0 0 0 0 0 20 0 0 0 0 0 0 0 0 0 0 0 0 1.000
3112 3000 240 0 0 0 0 0.500 0.150 0.000 0.000 0.000 0.000 0.000 0.000 60 40 3 3 2 0 0 2 0 1 0.000 0 0 0.460 -0.460 0 0 2.500 0 2.500 0.000 0.015 150 100 0.000 0 0 0 0 0.000 0.000 0.000 0.000 0.000 0 0.000 0 0 0 0 0 0 0 0.000 0.000 0 50 0 0 0 0 0 0 0 0 0 0 0.000 0 0 0 0 0 0 20 0 0 0 0 0 0 0 0 0 0 0 0 1.000
3114 1500 240 0 0 0 0 0.750 0.100 0.000 0.000 0.000 0.000 0.000 0.000 60 60 3 3 3 0 0 2 0 1 0.000 0 0 0.000 0.000 0 0 2.500 0 2.500 0.000 0.000 150 100 0.000 0 1 0 0 0.000 0.000 0.000 0.000 0.000 0 0.000 0 0 0 0 0 0 0 0.000 0.000 0 0 0 0 0 0 0 0 0 0 0 0 0.000 0 0 0 0 0 0 20 0 0 0 0 0 0 0 0 0 0 0 0 1.000
3116 4000 235 0 0 0 0 0.300 0.250 0.000 0.000 0.000 0.000 0.000 0.000 80 80 3 3 3 0 0 2 0 1 0.000 0 0 0.170 -0.170 1 0 2.500 0 2.500 0.000 0.015 150 100 0.000 0 0 0 0 0.000 0.000 0.000 0.000 0.000 0 0.000 1 0 0 0 0 0 0 0.000 0.000 0 50 0 0 0 0 0 0 0 0 0 0 0.000 0 0 0 0.000 0 0 20 0 0.000 0 0.000 0 0 0 0 0 0 0 0 1.000
3118 1000 140 0 0 0 0 1.300 0.100 0.000 0.000 0.000 0.000 0.000 0.000 60 60 3 2 3 0 0 2 0 1 0.000 0 0 0.000 0.000 0 0 2.500 0 2.500 0.000 0.000 150 100 0.000 0 1 0 0 0.000 0.000 0.000 0.000 0.000 0 0.000 0 0 0 0 0 0 0 0.000 0.000 0 0 0 0 0 0 0 0 0 0 0 0 0.000 0 0 0 0.000 0 0 20 0 0.000 0 0.000 0 0 0 0 0 0 0 0 1.000
3123 3000 235 0 0 0 0 0.500 0.300 0.000 0.000 0.000 0.000 0.000 0.000 80 80 3 2 3 0 0 2 0 1 0.000 0 0 0.190 -0.190 0 0 2.500 0 2.500 0.000 0.015 150 100 0.000 0 0 0 0 0.000 0.000 0.000 0.000 0.000 0 0.000 1 0 0 0 0 0 0 0.000 0.000 0 50 0 0 0 0 0 0 0 0 0 0 0.000 0 0 0 0 0 0 20 0 0 0 0 0 0 0 0 0 0 0 0 1.000
3131 1800 140 0 0 0 0 0.500 0.100 0.000 0.000 0.000 0.000 0.000 0.000 80 80 3 2 3 0 0 2 0 1 0.000 0 0 0.000 0.000 0 0 2.500 0 2.500 0.000 0.000 150 100 0.000 0 1 0 0 0.000 0.000 0.000 0.000 0.000 0 0.000 0 0 0 0 0 0 0 0.000 0.000 0 0 0 0 0 0 0 0 0 0 0 0 0.000 0 0 0 0 0 0 20 0 0 0 0 0 0 0 0 0 0 0 0 1.000
3132 1000 140 0 0 0 0 1.300 0.100 0.000 0.000 0.000 0.000 0.000 0.000 60 60 3 2 3 0 0 2 0 1 0.000 0 0 0.000 0.000 0 0 2.500 0 2.500 0.000 0.000 150 100 0.000 0 1 0 0 0.000 0.000 0.000 0.000 0.000 0 0.000 0 0 0 0 0 0 0 0.000 0.000 0 0 0 0 0 0 0 0 0 0 0 0 0.000 0 0 0 0.000 0 0 20 0 0.000 0 0.000 0 0 0 0 0 0 0 0 1.000
3133 3000 240 0 0 0 0 1.000 0.100 0.000 0.000 0.000 0.000 0.000 0.000 80 80 3 2 3 1 0 2 0 1 0.000 0 0 0.240 -0.240 0 0 2.500 0 2.500 0.000 0.015 150 100 0.000 0 1 0 0 0.000 0.000 0.000 0.000 0.000 0 0.000 0 0 0 0 0 0 0 0.000 0.000 0 50 0 0 0 0 0 0 0 0 0 0 0.000 0 0 0 0.000 0 0 20 0 0.000 0 0.000 0 0 0 0 0 0 0 0 1.000
3137 4000 235 0 0 0 0 0.300 0.250 0.000 0.000 0.000 0.000 0.000 0.000 80 80 3 3 3 1 0 2 0 1 0.000 1 0 0.170 -0.170 1 0 2.500 0 2.500 0.000 0.015 150 100 0.000 0 1 0 0 0.000 0.000 0.000 0.000 0.000 0 0.000 1 0 0 0 0 0 0 0.000 0.000 0 50 0 0 0 0 0 0 0 0 0 0 0.000 0 0 0 0 0 0 20 0 0 0 0 0 0 0 0 0 0 0 0 1.000
3224 3000 235 0 0 0 0 0.500 0.300 0.000 0.000 0.000 0.000 0.000 0.000 80 80 3 2 3 0 0 2 0 1 0.000 0 0 0.190 -0.190 0 0 2.500 0 2.500 0.000 0.015 150 100 0.000 0 0 0 0 0.000 0.000 0.000 0.000 0.000 0 0.000 1 0 0 0 0 0 0 0.000 0.000 0 50 0 0 0 0 0 0 0 0 0 0 0.000 0 0 0 0.000 0 0 20 0 0.000 0 0.000 0 0 0 0 0 0 0 0 1.000
3225 4000 235 0 0 0 0 0.300 0.300 0.000 0.000 0.000 0.000 0.000 0.000 80 100 3 2 3 1 0 2 0 1 0.000 0 0 0.200 -0.200 0 0 2.500 0 2.500 0.000 0.015 150 100 0.000 0 1 0 0 0.000 0.000 0.000 0.000 0.000 0 0.000 1 0 0 0 0 0 0 0.000 0.000 0 50 0 0 0 0 0 0 0 0 0 0 0.000 0 0 0 0.000 0 0 20 0 0.000 0 0.000 0 0 0 0 0 0 0 0 1.000
3236 1500 240 0 0 0 0 0.700 0.150 0.000 0.000 0.000 0.000 0.000 0.000 60 60 3 2 3 0 0 2 0 1 0.000 0 0 0.000 0.000 0 0 2.500 0 2.500 0.000 0.000 150 100 0.000 0 1 0 0 0.000 0.000 0.000 0.000 0.000 0 0.000 0 0 0 0 0 0 0 0.000 0.000 0 0 0 0 0 0 0 0 0 0 0 0 0.000 0 0 0 0 0 0 20 0 0 0 0 0 0 0 0 0 0 0 0 1.000
3237 1500 140 0 0 0 0 0.700 0.150 0.000 0.000 0.000 0.000 0.000 0.000 60 80 3 2 3 0 0 2 0 1 0.000 0 0 0.000 0.000 0 0 2.500 0 2.500 0.000 0.000 150 100 0.000 0 1 0 0 0.000 0.000 0.000 0.000 0.000 0 0.000 0 0 0 0 0 0 0 0.000 0.000 0 0 0 0 0 0 0 0 0 0 0 0 0.000 0 0 0 0.000 0 0 20 0 0.000 0 0.000 0 0 0 0 0 0 0 0 1.000
3238 1500 140 0 0 0 0 0.700 0.150 0.000 0.000 0.000 0.000 0.000 0.000 60 80 3 2 3 1 0 2 0 1 0.000 0 0 0.000 0.000 0 0 2.500 0 2.500 0.000 0.000 150 100 0.000 0 1 0 0 0.000 0.000 0.000 0.000 0.000 0 0.000 0 0 0 0 0 0 0 0.000 0.000 0 0 0 0 0 0 0 0 0 0 0 0 0.000 0 0 0 0.000 0 0 20 0 0.000 0 0.000 0 0 0 0 0 0 0 0 1.000
3239 1500 140 0 0 0 0 0.700 0.150 0.000 0.000 0.000 0.000 0.000 0.000 60 60 3 2 3 1 0 2 0 1 0.000 0 0 0.000 0.000 0 0 2.500 0 2.500 0.000 0.000 150 100 0.000 0 1 0 0 0.000 0.000 0.000 0.000 0.000 0 0.000 0 0 0 0 0 0 0 0.000 0.000 0 0 0 0 0 0 0 0 0 0 0 0 0.000 0 0 0 0 0 0 20 0 0 0 0 0 0 0 0 0 0 0 0 1.000
3245 3000 240 0 0 0 0 0.700 0.200 0.000 0.000 0.000 0.000 0.000 0.000 60 60 3 2 3 1 0 2 0 1 0.000 0 0 0.180 -0.180 0 0 2.500 0 2.500 0.000 0.015 150 100 0.000 0 1 0 0 0.000 0.000 0.000 0.000 0.000 0 0.000 0 0 0 0 0 0 0 0.000 0.000 0 50 0 0 0 0 0 0 0 0 0 0 0.000 0 0 0 0.000 0 0 20 0 0.000 0 0.000 0 0 0 0 0 0 0 0 1.000
3247 5000 235 0 0 0 0 0.000 0.300 0.000 0.000 0.000 0.000 0.000 0.000 80 80 3 3 3 1 0 2 0 1 0.000 1 0 0.120 -0.120 0 0 2.500 0 2.500 0.000 0.015 150 100 0.000 0 1 0 0 0.000 0.000 0.000 0.000 0.000 0 0.000 1 0 0 0 0 0 0 0.000 0.000 0 50 0 0 0 0 0 0 0 0 0 0 0.000 0 0 0 0 0 0 20 0 0 0 0 0 0 0 0 0 0 0 0 1.000
3256 3000 235 0 0 0 0 0.300 0.150 0.000 0.000 0.000 0.000 0.000 0.000 80 80 3 2 3 1 0 2 0 1 0.000 0 0 0.240 -0.240 0 0 2.500 0 2.500 0.000 0.015 150 100 0.000 0 1 0 0 0.000 0.000 0.000 0.000 0.000 0 0.000 1 0 0 0 0 0 0 0.000 0.000 0 50 0 0 0 0 0 0 0 0 0 0 0.000 0 0 0 0.000 0 0 20 0 0.000 0 0.000 0 0 0 0 0 0 0 0 1.000
3266 1000 140 0 0 0 0 0.700 0.100 0.000 0.000 0.000 0.000 0.000 0.000 60 60 3 2 3 0 0 2 0 1 0.000 0 0 0.000 0.000 0 0 2.500 0 2.500 0.000 0.000 150 100 0.000 0 1 0 0 0.000 0.000 0.000 0.000 0.000 0 0.000 0 0 0 0 0 0 0 0.000 0.000 0 0 0 0 0 0 0 0 0 0 0 0 0.000 0 0 0 0 0 0 20 0 0 0 0 0 0 0 0 0 0 0 0 1.000
3267 4000 230 0 0 0 0 0.000 0.300 0.000 0.000 0.000 0.000 0.000 0.000 80 80 3 3 3 1 0 2 0 1 0.000 1 1 0.090 -0.090 1 0 2.500 0 2.500 0.000 0.015 150 100 0.000 0 1 0 0 0.000 0.000 0.000 0.000 0.000 0 0.000 1 0 0 0 0 0 0 0.000 0.000 0 50 0 0 0 0 0 0 0 0 0 0 0.000 0 0 0 0 0 0 20 0 0 0 0 0 0 0 0 0 0 0 0 1.000
3273 3000 240 0 0 0 0 0.400 0.100 0.000 0.000 0.000 0.000 0.000 0.000 60 60 3 2 3 1 0 2 0 1 0.000 0 0 0.230 -0.230 0 0 2.500 0 2.500 0.000 0.015 150 100 0.000 0 0 0 0 0.000 0.000 0.000 0.000 0.000 0 0.000 0 0 0 0 0 0 0 0.000 0.000 0 50 0 0 0 0 0 0 0 0 0 0 0.000 0 0 0 0.000 0 0 20 0 0.000 0 0.000 0 0 0 0 0 0 0 0 1.000
3275 10000 230 0 0 0 0 0.100 0.300 0.000 0.000 0.000 0.000 0.000 0.000 80 80 3 3 3 1 0 2 0 1 0.000 1 1 0.100 -0.100 1 0 2.500 0 2.500 0.000 0.015 150 100 0.000 0 1 0 0 0.000 0.000 0.000 0.000 0.000 0 0.000 1 0 0 0 0 0 0 0.000 0.000 0 50 0 0 0 0 0 0 0 0 0 0 0.000 0 0 0 0.000 0 0 20 0 0.000 0 0.000 0 0 0 0 0 0 0 0 1.000
3276 1000 240 0 0 0 0 0.500 0.150 0.000 0.000 0.000 0.000 0.000 0.000 60 60 3 3 3 1 0 2 0 1 0.000 0 0 0.600 -0.600 0 0 2.500 0 2.500 0.000 0.015 150 100 0.000 0 0 0 0 0.000 0.000 0.000 0.000 0.000 0 0.000 0 0 0 0 0 0 0 0.000 0.000 0 50 0 0 0 0 0 0 0 0 0 0 0.000 0 0 0 0 0 0 20 0 0 0 0 0 0 0 0 0 0 0 0 1.000
3278 3000 230 0 0 0 0 0.200 0.300 0.000 0.000 0.000 0.000 0.000 0.000 80 80 3 2 3 1 0 2 0 1 0.000 0 0 0.230 -0.230 0 0 2.500 0 2.500 0.000 0.015 150 100 0.000 0 1 0 0 0.000 0.000 0.000 0.000 0.000 0 0.000 1 0 0 0 0 0 0 0.000 0.000 0 50 0 0 0 0 1 0 0 0 0 0 0.000 0 0 0 0.000 0 0 20 0 0.000 0 0.000 0 0 0 0 0 0 0 0 1.000
3288 3000 235 0 0 0 0 0.400 0.250 0.000 0.000 0.000 0.000 0.000 0.000 80 80 3 3 3 1 0 2 0 1 0.000 1 0 0.250 -0.250 1 0 2.500 0 2.500 0.000 0.015 150 100 0.000 0 0 0 0 0.000 0.000 0.000 0.000 0.000 0 0.000 1 0 0 0 0 0 0 0.000 0.000 0 50 0 0 0 0 0 0 0 0 0 0 0.000 0 0 0 0 0 0 20 0 0 0 0 0 0 0 0 0 0 0 0 1.000
3289 10000 230 0 0 0 0 0.100 0.300 0.000 0.000 0.000 0.000 0.000 0.000 80 80 3 3 3 1 0 2 0 1 0.000 1 1 0.100 -0.100 1 0 2.500 0 2.500 0.000 0.015 150 100 0.000 0 1 0 0 0.000 0.000 0.000 0.000 0.000 0 0.000 1 0 0 0 0 0 0 0.000 0.000 0 50 0 0 0 0 0 0 0 0 0 0 0.000 0 0 0 0.000 0 0 20 0 0.000 0 0.000 0 0 0 0 0 0 0 0 1.000
3290 1800 140 0 0 0 0 0.500 0.100 0.000 0.000 0.000 0.000 0.000 0.000 80 80 3 2 3 0 0 2 0 1 0.000 0 0 0.000 0.000 0 0 2.500 0 2.500 0.000 0.000 150 100 0.000 0 1 0 0 0.000 0.000 0.000 0.000 0.000 0 0.000 0 0 0 0 0 0 0 0.000 0.000 0 0 0 0 0 0 0 0 0 0 0 0 0.000 0 0 0 0.000 0 0 20 0 0.000 0 0.000 0 0 0 0 0 0 0 0 1.000
3291 10000 230 0 0 0 0 0.100 0.300 0.000 0.000 0.000 0.000 0.000 0.000 80 80 3 3 3 1 0 2 0 1 0.000 1 1 0.100 -0.100 1 0 2.500 0 2.500 0.000 0.015 150 100 0.000 0 1 0 0 0.000 0.000 0.000 0.000 0.000 0 0.000 1 0 0 0 0 0 0 0.000 0.000 0 50 0 0 0 0 0 0 0 0 0 0 0.000 0 0 0 0 0 0 20 0 0 0 0 0 0 0 0 0 0 0 0 1.000
3292 4000 235 0 0 0 0 0.000 0.300 0.000 0.000 0.000 0.000 0.000 0.000 80 80 3 3 3 1 0 2 0 1 0.000 1 0 0.170 -0.170 1 0 2.500 0 2.500 0.000 0.015 150 100 0.000 0 1 0 0 0.000 0.000 0.000 0.000 0.000 0 0.000 1 0 0 0 0 0 0 0.000 0.000 0 50 0 0 0 0 0 0 0 0 0 0 0.000 0 0 0 0 0 0 20 0 0 0 0 0 0 0 0 0 0 0 0 1.000
3293 3000 240 0 0 0 0 0.500 0.100 0.000 0.000 0.000 0.000 0.000 0.000 60 60 3 2 3 1 0 2 0 1 0.000 0 0 0.230 -0.230 0 1 2.500 0 2.500 0.000 0.015 150 100 0.000 0 1 0 0 0.000 0.000 0.000 0.000 0.000 0 0.000 0 0 0 0 0 0 0 0.000 0.000 0 50 0 0 0 0 0 0 0 0 0 0 0.000 0 0 0 0 0 0 20 0 0 0 0 0 0 0 0 0 0 0 0 1.000
3295 3000 235 120 0 0 0 0.300 0.300 0.000 0.000 0.000 0.000 0.000 0.000 80 80 3 2 3 1 0 2 0 1 0.000 0 0 0.190 -0.190 0 0 2.500 0 2.500 0.000 0.015 150 100 0.000 0 1 0 0 0.000 0.000 0.000 0.000 0.000 0 0.000 1 0 0 0 0 0 0 0.000 0.000 0 50 0 0 0 0 0 0 0 0 0 0 0.000 0 0 0 0.000 0 0 20 0 0.000 0 0.000 0 0 0 0 0 0 0 0 1.000
3296 2500 140 0 0 0 0 0.700 0.100 0.500 0.000 0.000 0.000 0.000 0.000 60 60 3 3 3 1 0 2 0 1 0.000 0 0 0.000 0.000 1 0 2.500 0 2.500 0.000 0.000 150 100 0.000 0 1 0 0 0.000 0.000 0.000 0.000 0.000 0 0.000 0 0 0 0 0 0 0 0.000 0.000 0 0 0 0 0 0 0 0 0 0 0 0 0.000 0 0 0 0 0 0 20 0 0 0 0 0 0 0 0 0 0 0 0 1.000
3297 4000 230 0 0 0 0 0.100 0.300 0.000 0.000 0.000 0.000 0.000 0.000 80 80 3 3 3 1 0 2 0 1 0.000 1 1 0.160 -0.160 1 0 2.500 0 2.500 0.000 0.015 150 100 0.000 0 1 0 0 0.000 0.000 0.000 0.000 0.000 0 0.000 1 0 0 0 0 0 0 0.000 0.000 0 50 0 0 0 0 0 0 0 0 0 0 0.000 0 0 0 0 0 0 20 0 0 0 0 0 0 0 0 0 0 0 0 1.000
3302 3000 240 0 0 0 0 0.500 0.100 0.000 0.000 0.000 0.000 0.000 0.000 60 60 3 2 3 1 0 2 0 1 0.000 0 0 0.230 -0.230 0 0 2.500 0 2.500 0.000 0.015 150 100 0.000 0 1 0 0 0.000 0.000 0.000 0.000 0.000 0 0.000 0 0 0 0 0 0 0 0.000 0.000 0 50 0 0 0 0 0 0 0 0 0 0 0.000 0 0 0 0.000 0 0 20 0 0.000 0 0.000 0 0 0 0 0 0 0 0 1.000
3327 1500 140 0 0 0 0 0.500 0.100 0.000 0.000 0.000 0.000 0.000 0.000 60 80 3 2 3 1 0 2 0 1 0.000 0 0 0.000 0.000 0 0 2.500 0 2.500 0.000 0.000 150 100 0.000 0 1 0 0 0.000 0.000 0.000 0.000 0.000 0 0.000 0 0 0 0 0 0 0 0.000 0.000 0 0 0 0 0 0 0 0 0 0 0 0 0.000 0 0 0 0.000 0 0 20 0 0.000 0 0.000 0 0 0 0 0 0 0 0 1.000

[ExtensionMountCondition]
IDNUM MntNzlLowDownDistance MntNzlLowDownSpeed MntNzlDownVacuumeOffTiming MntLoad MntNzlDownOffset MntKeepTime MntNzlBlowTime MntNzlLowUpDistance MntNzlLowUpSpeed

[WaferPickUpCondition]
IDNUM PuNOZZLE EJECTOR PuNzlLowDownDistance PuNzlLowDownSpeed PuNzlDownVacuumeOnTiming PuNzlDownOffset PuNzlDownKeepTime EjVacuumeMode EjVacuumeTiming NeedleSelect NdlLiftDistance NdlLiftSpeed SyncUpDistance SyncUpSpeed NzlSyncUpKeepTime NdlSyncUpKeepTime PickUpPosX PickUpPosY PickUpPosT PickUpNzlPosCorrectMode EjectorHeaterTemp HandMntNzlLowDownDistance HandMntNzlLowDownSpeed HandMntNzlVacOnTiming HandPuNzlVacOffTiming HandMntNzlDownOffset HandMntNzlDownKeepTime HandPuNzlBreakVacTiming HandPuNzlBreakVacTime HandMntNzlLowUpDistance HandMntNzlLowUpSpeed HandPosX HandPosY HandPosT HandNzlPosCorrectMode DaCond

[WaferDACondition]
IDNUM DaNOZZLE DaHandPuNzlLowUpDistance DaHandPuNzlLowUpSpeed DaHandDaNzlVacOnTiming DaHandDaNzlVacOffTiming DaHandPuNzlUpOffset DaHandPuNzlUpKeepTime DaHandPuNzlBreakVacTiming DaHandPuNzlBreakVacTime DaHandPuNzlPosT DaHandPuNzlPosCorrectMode DaHandPuNzlLowDownDistance DaHandPuNzlLowDownSpeed

[WaferCassette]
IDNUM NAME SLOTS LowOffset Pitch ChuckPos

[WaferData]
IDNUM SIZE T StartPointActionMode SPX SPY PitchX PitchY PT SearchWay SearchDir SearchSwitchDir BefLCSearchNum AftLCSearchNum PickupPosRecMode InspectDieMode BlockMatchMode PickupPosRecTiming CompBadMarkChk ErrorStopSkipNum LMPA LMPB LMPC LMPD AMarkPosX AMarkPosY BMarkPosX BMarkPosY PatNoA PatNoB WaferMap

[WaferMap]
IDNUM ROT BarCodeX BarCodeY BarCodeTypeX BarCodeTypeY PositioningMode RefDieNum RefDieColA RefDieRowA RefDieColB RefDieRowB RefDieColC RefDieRowC RefDieXA RefDieYA RefDieXB RefDieYB RefDieXC RefDieYC RefDiePickUp RefDieRecType ChkDiePositioning ChkDieCol ChkDieRow

[TrayData]
IDNUM NAME L W T OXA OYA OXB OYB PZ MX MY MZ MSA MSB MSC MSD RSP HSP DX DY P PR RECOG PCXA PCYA PCXB PCYB ROT ROTPTN OXA2 OYA2 OXB2 OYB2 START DIR

[FeederData]
IDNUM Ftype Pitch Feed FeedLen Quantity Xa Ya Xb Yb Xc Yc Width Kind REELTYPE ReelSize SHEIGHT ControlType Compact
302001 302001 1 1 2 3018 -4 2.5 0 0 0 0 8 1 0 1 0 1 0
302002 302002 1 1 4 3018 -4 2.5 0 0 0 0 8 1 0 1 0 1 0
302003 302003 1 1 8 3018 -4 2.5 0 0 0 0 8 1 0 1 0 1 0
302004 302004 1 1 12 3018 -4 2.5 0 0 0 0 8 1 0 1 0 1 0
302005 302005 1 1 16 3018 -4 2.5 0 0 0 0 8 1 0 1 0 1 0
302006 302006 1 1 20 3018 -4 2.5 0 0 0 0 8 1 0 1 0 1 0
302007 302007 1 1 24 3018 -4 2.5 0 0 0 0 8 1 0 1 0 1 0
302008 302008 1 1 28 3018 -4 2.5 0 0 0 0 8 1 0 1 0 1 0
302009 302009 1 1 32 3018 -4 2.5 0 0 0 0 8 1 0 1 0 1 0
302010 302010 1 1 36 3018 -4 2.5 0 0 0 0 8 1 0 1 0 1 0
302011 302011 1 1 40 3018 -4 2.5 0 0 0 0 8 1 0 1 0 1 0
302012 302012 1 1 1 3018 -4 1.5 0 0 0 0 8 1 0 1 0 1 0
302021 302021 1 1 2 3018 -4 2.5 0 0 0 0 8 1 1 1 0 1 0
302022 302022 1 1 4 3018 -4 2.5 0 0 0 0 8 1 1 1 0 1 0
302023 302023 1 2 8 3018 -4 2.5 0 0 0 0 8 1 1 1 0 1 0
302024 302024 1 1 12 3018 -4 2.5 0 0 0 0 8 1 1 1 0 1 0
302025 302025 1 1 16 3018 -4 2.5 0 0 0 0 8 1 1 1 0 1 0
302026 302026 1 1 20 3018 -4 2.5 0 0 0 0 8 1 1 1 0 1 0
302027 302027 1 1 24 3018 -4 2.5 0 0 0 0 8 1 1 1 0 1 0
302028 302028 1 1 28 3018 -4 2.5 0 0 0 0 8 1 1 1 0 1 0
302029 302029 1 1 32 3018 -4 2.5 0 0 0 0 8 1 1 1 0 1 0
302030 302030 1 1 36 3018 -4 2.5 0 0 0 0 8 1 1 1 0 1 0
302031 302031 1 1 40 3018 -4 2.5 0 0 0 0 8 1 1 1 0 1 0
302032 302032 1 1 1 3018 -4 1.5 0 0 0 0 8 1 1 1 0 1 0
302161 302161 1 1 2 3018 -4 2.5 0 0 0 0 8 1 0 2 0 1 0
302162 302162 1 1 4 3018 -4 2.5 0 0 0 0 8 1 0 2 0 1 0
302163 302163 1 2 8 3018 -4 2.5 0 0 0 0 8 1 0 2 0 1 0
302164 302164 1 1 12 3018 -4 2.5 0 0 0 0 8 1 0 2 0 1 0
302165 302165 1 1 16 3018 -4 2.5 0 0 0 0 8 1 0 2 0 1 0
302166 302166 1 1 20 3018 -4 2.5 0 0 0 0 8 1 0 2 0 1 0
302167 302167 1 1 24 3018 -4 2.5 0 0 0 0 8 1 0 2 0 1 0
302168 302168 1 1 28 3018 -4 2.5 0 0 0 0 8 1 0 2 0 1 0
302169 302169 1 1 32 3018 -4 2.5 0 0 0 0 8 1 0 2 0 1 0
302170 302170 1 1 36 3018 -4 2.5 0 0 0 0 8 1 0 2 0 1 0
302171 302171 1 1 40 3018 -4 2.5 0 0 0 0 8 1 0 2 0 1 0
302172 302172 1 1 1 3018 -4 1.5 0 0 0 0 8 1 0 2 0 1 0
302181 302181 1 1 2 3018 -4 2.5 0 0 0 0 8 1 1 2 0 1 0
302182 302182 1 1 4 3018 -4 2.5 0 0 0 0 8 1 1 2 0 1 0
302183 302183 1 2 8 3018 -4 2.5 0 0 0 0 8 1 1 2 0 1 0
302184 302184 1 1 12 3018 -4 2.5 0 0 0 0 8 1 1 2 0 1 0
302185 302185 1 1 16 3018 -4 2.5 0 0 0 0 8 1 1 2 0 1 0
302186 302186 1 1 20 3018 -4 2.5 0 0 0 0 8 1 1 2 0 1 0
302187 302187 1 1 24 3018 -4 2.5 0 0 0 0 8 1 1 2 0 1 0
302188 302188 1 1 28 3018 -4 2.5 0 0 0 0 8 1 1 2 0 1 0
302189 302189 1 1 32 3018 -4 2.5 0 0 0 0 8 1 1 2 0 1 0
302190 302190 1 1 36 3018 -4 2.5 0 0 0 0 8 1 1 2 0 1 0
302191 302191 1 1 40 3018 -4 2.5 0 0 0 0 8 1 1 2 0 1 0
302192 302192 1 1 1 3018 -4 1.5 0 0 0 0 8 1 1 2 0 1 0
302321 302321 1 1 2 3001 -4 2.5 6.5 2.5 0 0 8 2 0 1 0 1 0
302322 302322 1 1 4 3001 -4 2.5 6.5 2.5 0 0 8 2 0 1 0 1 0
302323 302323 1 1 8 3001 -4 2.5 6.5 2.5 0 0 8 2 0 1 0 1 0
302324 302324 1 1 12 3001 -4 2.5 6.5 2.5 0 0 8 2 0 1 0 1 0
302325 302325 1 1 16 3001 -4 2.5 6.5 2.5 0 0 8 2 0 1 0 1 0
302326 302326 1 1 20 3001 -4 2.5 6.5 2.5 0 0 8 2 0 1 0 1 0
302327 302327 1 1 24 3001 -4 2.5 6.5 2.5 0 0 8 2 0 1 0 1 0
302328 302328 1 1 28 3001 -4 2.5 6.5 2.5 0 0 8 2 0 1 0 1 0
302329 302329 1 1 32 3001 -4 2.5 6.5 2.5 0 0 8 2 0 1 0 1 0
302330 302330 1 1 36 3001 -4 2.5 6.5 2.5 0 0 8 2 0 1 0 1 0
302331 302331 1 1 40 3001 -4 2.5 6.5 2.5 0 0 8 2 0 1 0 1 0
302335 302335 1 1 1 3001 -4 1.5 6.5 1.5 0 0 8 2 0 1 0 1 0
302341 302341 1 1 2 3001 -4 2.5 6.5 2.5 0 0 8 2 1 1 0 1 0
302342 302342 1 1 4 3001 -4 2.5 6.5 2.5 0 0 8 2 1 1 0 1 0
302343 302343 1 1 8 3001 -4 2.5 6.5 2.5 0 0 8 2 1 1 0 1 0
302344 302344 1 1 12 3001 -4 2.5 6.5 2.5 0 0 8 2 1 1 0 1 0
302345 302345 1 1 16 3001 -4 2.5 6.5 2.5 0 0 8 2 1 1 0 1 0
302346 302346 1 1 20 3001 -4 2.5 6.5 2.5 0 0 8 2 1 1 0 1 0
302347 302347 1 1 24 3001 -4 2.5 6.5 2.5 0 0 8 2 1 1 0 1 0
302348 302348 1 1 28 3001 -4 2.5 6.5 2.5 0 0 8 2 1 1 0 1 0
302349 302349 1 1 32 3001 -4 2.5 6.5 2.5 0 0 8 2 1 1 0 1 0
302350 302350 1 1 36 3001 -4 2.5 6.5 2.5 0 0 8 2 1 1 0 1 0
302351 302351 1 1 40 3001 -4 2.5 6.5 2.5 0 0 8 2 1 1 0 1 0
302355 302355 1 1 1 3001 -4 1.5 6.5 1.5 0 0 8 2 1 1 0 1 0
302481 302481 1 1 2 3001 -4 2.5 6.5 2.5 0 0 8 2 0 2 0 1 0
302482 302482 1 1 4 3001 -4 2.5 6.5 2.5 0 0 8 2 0 2 0 1 0
302483 302483 1 1 8 3001 -4 2.5 6.5 2.5 0 0 8 2 0 2 0 1 0
302484 302484 1 1 12 3001 -4 2.5 6.5 2.5 0 0 8 2 0 2 0 1 0
302485 302485 1 1 16 3001 -4 2.5 6.5 2.5 0 0 8 2 0 2 0 1 0
302486 302486 1 1 20 3001 -4 2.5 6.5 2.5 0 0 8 2 0 2 0 1 0
302487 302487 1 1 24 3001 -4 2.5 6.5 2.5 0 0 8 2 0 2 0 1 0
302488 302488 1 1 28 3001 -4 2.5 6.5 2.5 0 0 8 2 0 2 0 1 0
302489 302489 1 1 32 3001 -4 2.5 6.5 2.5 0 0 8 2 0 2 0 1 0
302490 302490 1 1 36 3001 -4 2.5 6.5 2.5 0 0 8 2 0 2 0 1 0
302491 302491 1 1 40 3001 -4 2.5 6.5 2.5 0 0 8 2 0 2 0 1 0
302495 302495 1 1 1 3001 -4 1.5 6.5 1.5 0 0 8 2 0 2 0 1 0
302501 302501 1 1 2 3001 -4 2.5 6.5 2.5 0 0 8 2 1 2 0 1 0
302502 302502 1 1 4 3001 -4 2.5 6.5 2.5 0 0 8 2 1 2 0 1 0
302503 302503 1 1 8 3001 -4 2.5 6.5 2.5 0 0 8 2 1 2 0 1 0
302504 302504 1 1 12 3001 -4 2.5 6.5 2.5 0 0 8 2 1 2 0 1 0
302505 302505 1 1 16 3001 -4 2.5 6.5 2.5 0 0 8 2 1 2 0 1 0
302506 302506 1 1 20 3001 -4 2.5 6.5 2.5 0 0 8 2 1 2 0 1 0
302507 302507 1 1 24 3001 -4 2.5 6.5 2.5 0 0 8 2 1 2 0 1 0
302508 302508 1 1 28 3001 -4 2.5 6.5 2.5 0 0 8 2 1 2 0 1 0
302509 302509 1 1 32 3001 -4 2.5 6.5 2.5 0 0 8 2 1 2 0 1 0
302510 302510 1 1 36 3001 -4 2.5 6.5 2.5 0 0 8 2 1 2 0 1 0
302511 302511 1 1 40 3001 -4 2.5 6.5 2.5 0 0 8 2 1 2 0 1 0
302515 302515 1 1 1 3001 -4 1.5 6.5 1.5 0 0 8 2 1 2 0 1 0
302821 302821 1 1 2 3002 -0.75 -13.5 0 0 0 0 12 3 1 1 0 1 0
302822 302822 1 1 4 3002 -0.75 -13.5 0 0 0 0 12 3 1 1 0 1 0
302823 302823 1 1 8 3002 -0.75 -13.5 0 0 0 0 12 3 1 1 0 1 0
302824 302824 1 1 12 3002 -0.75 -13.5 0 0 0 0 12 3 1 1 0 1 0
302825 302825 1 2 16 3002 -0.75 -13.5 0 0 0 0 12 3 1 1 0 1 0
302826 302826 1 1 20 3002 -0.75 -13.5 0 0 0 0 12 3 1 1 0 1 0
302827 302827 1 1 24 3002 -0.75 -13.5 0 0 0 0 12 3 1 1 0 1 0
302828 302828 1 1 28 3002 -0.75 -13.5 0 0 0 0 12 3 1 1 0 1 0
302829 302829 1 1 32 3002 -0.75 -13.5 0 0 0 0 12 3 1 1 0 1 0
302830 302830 1 1 36 3002 -0.75 -13.5 0 0 0 0 12 3 1 1 0 1 0
302831 302831 1 1 40 3002 -0.75 -13.5 0 0 0 0 12 3 1 1 0 1 0
302845 302845 1 2 16 3002 -0.75 -13.5 0 0 0 0 12 3 3 1 0 1 0
302961 302961 1 1 2 3002 -0.75 -13.5 0 0 0 0 12 3 0 2 0 1 0
302962 302962 1 1 4 3002 -0.75 -13.5 0 0 0 0 12 3 0 2 0 1 0
302963 302963 1 1 8 3002 -0.75 -13.5 0 0 0 0 12 3 0 2 0 1 0
302964 302964 1 1 12 3002 -0.75 -13.5 0 0 0 0 12 3 0 2 0 1 0
302965 302965 1 1 16 3002 -0.75 -13.5 0 0 0 0 12 3 0 2 0 1 0
302966 302966 1 1 20 3002 -0.75 -13.5 0 0 0 0 12 3 0 2 0 1 0
302967 302967 1 1 24 3002 -0.75 -13.5 0 0 0 0 12 3 0 2 0 1 0
302968 302968 1 1 28 3002 -0.75 -13.5 0 0 0 0 12 3 0 2 0 1 0
302969 302969 1 1 32 3002 -0.75 -13.5 0 0 0 0 12 3 0 2 0 1 0
302970 302970 1 1 36 3002 -0.75 -13.5 0 0 0 0 12 3 0 2 0 1 0
302971 302971 1 1 40 3002 -0.75 -13.5 0 0 0 0 12 3 0 2 0 1 0
302981 302981 1 1 2 3002 -0.75 -13.5 0 0 0 0 12 3 1 2 0 1 0
302982 302982 1 1 4 3002 -0.75 -13.5 0 0 0 0 12 3 1 2 0 1 0
302983 302983 1 1 8 3002 -0.75 -13.5 0 0 0 0 12 3 1 2 0 1 0
302984 302984 1 1 12 3002 -0.75 -13.5 0 0 0 0 12 3 1 2 0 1 0
302985 302985 1 2 16 3002 -0.75 -13.5 0 0 0 0 12 3 1 2 0 1 0
302986 302986 1 1 20 3002 -0.75 -13.5 0 0 0 0 12 3 1 2 0 1 0
302987 302987 1 1 24 3002 -0.75 -13.5 0 0 0 0 12 3 1 2 0 1 0
302988 302988 1 1 28 3002 -0.75 -13.5 0 0 0 0 12 3 1 2 0 1 0
302989 302989 1 1 32 3002 -0.75 -13.5 0 0 0 0 12 3 1 2 0 1 0
302990 302990 1 1 36 3002 -0.75 -13.5 0 0 0 0 12 3 1 2 0 1 0
302991 302991 1 1 40 3002 -0.75 -13.5 0 0 0 0 12 3 1 2 0 1 0
303005 303005 1 2 16 3002 -0.75 -13.5 0 0 0 0 12 3 3 2 0 1 0
303621 303621 1 1 2 3002 1.25 -13.5 0 0 0 0 16 3 1 1 0 1 0
303622 303622 1 1 4 3002 1.25 -13.5 0 0 0 0 16 3 1 1 0 1 0
303623 303623 1 1 8 3002 1.25 -13.5 0 0 0 0 16 3 1 1 0 1 0
303624 303624 1 1 12 3002 1.25 -13.5 0 0 0 0 16 3 1 1 0 1 0
303625 303625 1 2 16 3002 1.25 -13.5 0 0 0 0 16 3 1 1 0 1 0
303626 303626 1 1 20 3002 1.25 -13.5 0 0 0 0 16 3 1 1 0 1 0
303627 303627 1 1 24 3002 1.25 -13.5 0 0 0 0 16 3 1 1 0 1 0
303628 303628 1 1 28 3002 1.25 -13.5 0 0 0 0 16 3 1 1 0 1 0
303629 303629 1 1 32 3002 1.25 -13.5 0 0 0 0 16 3 1 1 0 1 0
303630 303630 1 1 36 3002 1.25 -13.5 0 0 0 0 16 3 1 1 0 1 0
303631 303631 1 1 40 3002 1.25 -13.5 0 0 0 0 16 3 1 1 0 1 0
303641 303641 1 1 2 3002 1.25 -13.5 0 0 0 0 16 3 3 1 0 1 0
303642 303642 1 1 4 3002 1.25 -13.5 0 0 0 0 16 3 3 1 0 1 0
303643 303643 1 1 8 3002 1.25 -13.5 0 0 0 0 16 3 3 1 0 1 0
303644 303644 1 1 12 3002 1.25 -13.5 0 0 0 0 16 3 3 1 0 1 0
303645 303645 1 2 16 3002 1.25 -13.5 0 0 0 0 16 3 3 1 0 1 0
303646 303646 1 1 20 3002 1.25 -13.5 0 0 0 0 16 3 3 1 0 1 0
303647 303647 1 1 24 3002 1.25 -13.5 0 0 0 0 16 3 3 1 0 1 0
303648 303648 1 1 28 3002 1.25 -13.5 0 0 0 0 16 3 3 1 0 1 0
303649 303649 1 1 32 3002 1.25 -13.5 0 0 0 0 16 3 3 1 0 1 0
303650 303650 1 1 36 3002 1.25 -13.5 0 0 0 0 16 3 3 1 0 1 0
303651 303651 1 1 40 3002 1.25 -13.5 0 0 0 0 16 3 3 1 0 1 0
303781 303781 1 1 2 3002 1.25 -13.5 0 0 0 0 16 3 1 2 0 1 0
303782 303782 1 1 4 3002 1.25 -13.5 0 0 0 0 16 3 1 2 0 1 0
303783 303783 1 1 8 3002 1.25 -13.5 0 0 0 0 16 3 1 2 0 1 0
303784 303784 1 1 12 3002 1.25 -13.5 0 0 0 0 16 3 1 2 0 1 0
303785 303785 1 2 16 3002 1.25 -13.5 0 0 0 0 16 3 1 2 0 1 0
303786 303786 1 1 20 3002 1.25 -13.5 0 0 0 0 16 3 1 2 0 1 0
303787 303787 1 1 24 3002 1.25 -13.5 0 0 0 0 16 3 1 2 0 1 0
303788 303788 1 1 28 3002 1.25 -13.5 0 0 0 0 16 3 1 2 0 1 0
303789 303789 1 1 32 3002 1.25 -13.5 0 0 0 0 16 3 1 2 0 1 0
303790 303790 1 1 36 3002 1.25 -13.5 0 0 0 0 16 3 1 2 0 1 0
303791 303791 1 1 40 3002 1.25 -13.5 0 0 0 0 16 3 1 2 0 1 0
303801 303801 1 1 2 3002 1.25 -13.5 0 0 0 0 16 3 3 2 0 1 0
303802 303802 1 1 4 3002 1.25 -13.5 0 0 0 0 16 3 3 2 0 1 0
303803 303803 1 1 8 3002 1.25 -13.5 0 0 0 0 16 3 3 2 0 1 0
303804 303804 1 1 12 3002 1.25 -13.5 0 0 0 0 16 3 3 2 0 1 0
303805 303805 1 2 16 3002 1.25 -13.5 0 0 0 0 16 3 3 2 0 1 0
303806 303806 1 1 20 3002 1.25 -13.5 0 0 0 0 16 3 3 2 0 1 0
303807 303807 1 1 24 3002 1.25 -13.5 0 0 0 0 16 3 3 2 0 1 0
303808 303808 1 1 28 3002 1.25 -13.5 0 0 0 0 16 3 3 2 0 1 0
303809 303809 1 1 32 3002 1.25 -13.5 0 0 0 0 16 3 3 2 0 1 0
303810 303810 1 1 36 3002 1.25 -13.5 0 0 0 0 16 3 3 2 0 1 0
303811 303811 1 1 40 3002 1.25 -13.5 0 0 0 0 16 3 3 2 0 1 0
304421 304421 2 1 2 3003 6.75 -13.5 0 0 0 0 24 4 1 1 0 1 0
304422 304422 2 1 4 3003 6.75 -13.5 0 0 0 0 24 4 1 1 0 1 0
304423 304423 2 1 8 3003 6.75 -13.5 0 0 0 0 24 4 1 1 0 1 0
304424 304424 2 1 12 3003 6.75 -13.5 0 0 0 0 24 4 1 1 0 1 0
304425 304425 2 2 16 3003 6.75 -13.5 0 0 0 0 24 4 1 1 0 1 0
304426 304426 2 2 20 3003 6.75 -13.5 0 0 0 0 24 4 1 1 0 1 0
304427 304427 2 2 24 3003 6.75 -13.5 0 0 0 0 24 4 1 1 0 1 0
304428 304428 2 1 28 3003 6.75 -13.5 0 0 0 0 24 4 1 1 0 1 0
304429 304429 2 4 32 3003 6.75 -13.5 0 0 0 0 24 4 1 1 0 1 0
304430 304430 2 1 36 3003 6.75 -13.5 0 0 0 0 24 4 1 1 0 1 0
304431 304431 2 1 40 3003 6.75 -13.5 0 0 0 0 24 4 1 1 0 1 0
304432 304432 2 1 44 3003 6.75 -13.5 0 0 0 0 24 4 1 1 0 1 0
304433 304433 2 1 48 3003 6.75 -13.5 0 0 0 0 24 4 1 1 0 1 0
304441 304441 2 1 2 3003 6.75 -13.5 0 0 0 0 24 4 3 1 0 1 0
304442 304442 2 1 4 3003 6.75 -13.5 0 0 0 0 24 4 3 1 0 1 0
304443 304443 2 1 8 3003 6.75 -13.5 0 0 0 0 24 4 3 1 0 1 0
304444 304444 2 1 12 3003 6.75 -13.5 0 0 0 0 24 4 3 1 0 1 0
304445 304445 2 2 16 3003 6.75 -13.5 0 0 0 0 24 4 3 1 0 1 0
304446 304446 2 2 20 3003 6.75 -13.5 0 0 0 0 24 4 3 1 0 1 0
304447 304447 2 2 24 3003 6.75 -13.5 0 0 0 0 24 4 3 1 0 1 0
304448 304448 2 1 28 3003 6.75 -13.5 0 0 0 0 24 4 3 1 0 1 0
304449 304449 2 4 32 3003 6.75 -13.5 0 0 0 0 24 4 3 1 0 1 0
304450 304450 2 1 36 3003 6.75 -13.5 0 0 0 0 24 4 3 1 0 1 0
304451 304451 2 1 40 3003 6.75 -13.5 0 0 0 0 24 4 3 1 0 1 0
304461 304461 2 1 2 3003 6.75 -13.5 0 0 0 0 24 4 4 1 0 1 0
304462 304462 2 1 4 3003 6.75 -13.5 0 0 0 0 24 4 4 1 0 1 0
304463 304463 2 1 8 3003 6.75 -13.5 0 0 0 0 24 4 4 1 0 1 0
304464 304464 2 1 12 3003 6.75 -13.5 0 0 0 0 24 4 4 1 0 1 0
304465 304465 2 2 16 3003 6.75 -13.5 0 0 0 0 24 4 4 1 0 1 0
304466 304466 2 5 20 3003 6.75 -13.5 0 0 0 0 24 4 4 1 0 1 0
304467 304467 2 2 24 3003 6.75 -13.5 0 0 0 0 24 4 4 1 0 1 0
304468 304468 2 7 28 3003 6.75 -13.5 0 0 0 0 24 4 4 1 0 1 0
304469 304469 2 1 32 3003 6.75 -13.5 0 0 0 0 24 4 4 1 0 1 0
304470 304470 2 3 36 3003 6.75 -13.5 0 0 0 0 24 4 4 1 0 1 0
304471 304471 2 5 40 3003 6.75 -13.5 0 0 0 0 24 4 4 1 0 1 0
305221 305221 2 1 2 3003 9.45 -13.5 0 0 0 0 32 4 1 1 0 1 0
305222 305222 2 1 4 3003 9.45 -13.5 0 0 0 0 32 4 1 1 0 1 0
305223 305223 2 1 8 3003 9.45 -13.5 0 0 0 0 32 4 1 1 0 1 0
305224 305224 2 1 12 3003 9.45 -13.5 0 0 0 0 32 4 1 1 0 1 0
305225 305225 2 2 16 3003 9.45 -13.5 0 0 0 0 32 4 1 1 0 1 0
305226 305226 2 2 20 3003 9.45 -13.5 0 0 0 0 32 4 1 1 0 1 0
305227 305227 2 2 24 3003 9.45 -13.5 0 0 0 0 32 4 1 1 0 1 0
305228 305228 2 2 28 3003 9.45 -13.5 0 0 0 0 32 4 1 1 0 1 0
305229 305229 2 4 32 3003 9.45 -13.5 0 0 0 0 32 4 1 1 0 1 0
305230 305230 2 1 36 3003 9.45 -13.5 0 0 0 0 32 4 1 1 0 1 0
305231 305231 2 1 40 3003 9.45 -13.5 0 0 0 0 32 4 1 1 0 1 0
305232 305232 2 1 44 3003 9.45 -13.5 0 0 0 0 32 4 1 1 0 1 0
305233 305233 2 1 48 3003 9.45 -13.5 0 0 0 0 32 4 1 1 0 1 0
305241 305241 2 1 2 3003 9.45 -13.5 0 0 0 0 32 4 3 1 0 1 0
305242 305242 2 1 4 3003 9.45 -13.5 0 0 0 0 32 4 3 1 0 1 0
305243 305243 2 1 8 3003 9.45 -13.5 0 0 0 0 32 4 3 1 0 1 0
305244 305244 2 1 12 3003 9.45 -13.5 0 0 0 0 32 4 3 1 0 1 0
305245 305245 2 2 16 3003 9.45 -13.5 0 0 0 0 32 4 3 1 0 1 0
305246 305246 2 2 20 3003 9.45 -13.5 0 0 0 0 32 4 3 1 0 1 0
305247 305247 2 2 24 3003 9.45 -13.5 0 0 0 0 32 4 3 1 0 1 0
305248 305248 2 2 28 3003 9.45 -13.5 0 0 0 0 32 4 3 1 0 1 0
305249 305249 2 4 32 3003 9.45 -13.5 0 0 0 0 32 4 3 1 0 1 0
305250 305250 2 1 36 3003 9.45 -13.5 0 0 0 0 32 4 3 1 0 1 0
305251 305251 2 1 40 3003 9.45 -13.5 0 0 0 0 32 4 3 1 0 1 0
305261 305261 2 1 2 3003 9.45 -13.5 0 0 0 0 32 4 4 1 0 1 0
305262 305262 2 1 4 3003 9.45 -13.5 0 0 0 0 32 4 4 1 0 1 0
305263 305263 2 1 8 3003 9.45 -13.5 0 0 0 0 32 4 4 1 0 1 0
305264 305264 2 1 12 3003 9.45 -13.5 0 0 0 0 32 4 4 1 0 1 0
305265 305265 2 2 16 3003 9.45 -13.5 0 0 0 0 32 4 4 1 0 1 0
305266 305266 2 2 20 3003 9.45 -13.5 0 0 0 0 32 4 4 1 0 1 0
305267 305267 2 2 24 3003 9.45 -13.5 0 0 0 0 32 4 4 1 0 1 0
305268 305268 2 7 28 3003 9.45 -13.5 0 0 0 0 32 4 4 1 0 1 0
305269 305269 2 1 32 3003 9.45 -13.5 0 0 0 0 32 4 4 1 0 1 0
305270 305270 2 3 36 3003 9.45 -13.5 0 0 0 0 32 4 4 1 0 1 0
305271 305271 2 5 40 3003 9.45 -13.5 0 0 0 0 32 4 4 1 0 1 0
305284 305284 3 1 12 3006 16 -13.5 0 0 0 0 32 11 5 1 0 4 0
305287 305287 3 2 24 3006 16 -13.5 0 0 0 0 32 11 5 1 0 4 0
306021 306021 3 1 2 3004 15.45 -13.5 0 0 0 0 44 5 1 1 0 1 0
306022 306022 3 1 4 3004 15.45 -13.5 0 0 0 0 44 5 1 1 0 1 0
306023 306023 3 1 8 3004 15.45 -13.5 0 0 0 0 44 5 1 1 0 1 0
306024 306024 3 1 12 3004 15.45 -13.5 0 0 0 0 44 5 1 1 0 1 0
306025 306025 3 2 16 3004 15.45 -13.5 0 0 0 0 44 5 1 1 0 1 0
306026 306026 3 2 20 3004 15.45 -13.5 0 0 0 0 44 5 1 1 0 1 0
306027 306027 3 2 24 3004 15.45 -13.5 0 0 0 0 44 5 1 1 0 1 0
306028 306028 3 1 28 3004 15.45 -13.5 0 0 0 0 44 5 1 1 0 1 0
306029 306029 3 4 32 3004 15.45 -13.5 0 0 0 0 44 5 1 1 0 1 0
306030 306030 3 3 36 3004 15.45 -13.5 0 0 0 0 44 5 1 1 0 1 0
306031 306031 3 1 40 3004 15.45 -13.5 0 0 0 0 44 5 1 1 0 1 0
306032 306032 3 1 44 3004 15.45 -13.5 0 0 0 0 44 5 1 1 0 1 0
306033 306033 3 1 48 3004 15.45 -13.5 0 0 0 0 44 5 1 1 0 1 0
306034 306034 3 1 52 3004 15.45 -13.5 0 0 0 0 44 5 1 1 0 1 0
306035 306035 3 1 56 3004 15.45 -13.5 0 0 0 0 44 5 1 1 0 1 0
306041 306041 3 1 2 3004 15.45 -13.5 0 0 0 0 44 5 3 1 0 1 0
306042 306042 3 1 4 3004 15.45 -13.5 0 0 0 0 44 5 3 1 0 1 0
306043 306043 3 1 8 3004 15.45 -13.5 0 0 0 0 44 5 3 1 0 1 0
306044 306044 3 1 12 3004 15.45 -13.5 0 0 0 0 44 5 3 1 0 1 0
306045 306045 3 2 16 3004 15.45 -13.5 0 0 0 0 44 5 3 1 0 1 0
306046 306046 3 2 20 3004 15.45 -13.5 0 0 0 0 44 5 3 1 0 1 0
306047 306047 3 2 24 3004 15.45 -13.5 0 0 0 0 44 5 3 1 0 1 0
306048 306048 3 1 28 3004 15.45 -13.5 0 0 0 0 44 5 3 1 0 1 0
306049 306049 3 4 32 3004 15.45 -13.5 0 0 0 0 44 5 3 1 0 1 0
306050 306050 3 3 36 3004 15.45 -13.5 0 0 0 0 44 5 3 1 0 1 0
306051 306051 3 1 40 3004 15.45 -13.5 0 0 0 0 44 5 3 1 0 1 0
306052 306052 3 1 44 3004 15.45 -13.5 0 0 0 0 44 5 3 1 0 1 0
306053 306053 3 1 48 3004 15.45 -13.5 0 0 0 0 44 5 3 1 0 1 0
306054 306054 3 1 52 3004 15.45 -13.5 0 0 0 0 44 5 3 1 0 1 0
306055 306055 3 1 56 3004 15.45 -13.5 0 0 0 0 44 5 3 1 0 1 0
306061 306061 3 1 2 3004 15.45 -13.5 0 0 0 0 44 5 4 1 0 1 0
306062 306062 3 1 4 3004 15.45 -13.5 0 0 0 0 44 5 4 1 0 1 0
306063 306063 3 1 8 3004 15.45 -13.5 0 0 0 0 44 5 4 1 0 1 0
306064 306064 3 1 12 3004 15.45 -13.5 0 0 0 0 44 5 4 1 0 1 0
306065 306065 3 2 16 3004 15.45 -13.5 0 0 0 0 44 5 4 1 0 1 0
306066 306066 3 2 20 3004 15.45 -13.5 0 0 0 0 44 5 4 1 0 1 0
306067 306067 3 2 24 3004 15.45 -13.5 0 0 0 0 44 5 4 1 0 1 0
306068 306068 3 7 28 3004 15.45 -13.5 0 0 0 0 44 5 4 1 0 1 0
306069 306069 3 4 32 3004 15.45 -13.5 0 0 0 0 44 5 4 1 0 1 0
306070 306070 3 3 36 3004 15.45 -13.5 0 0 0 0 44 5 4 1 0 1 0
306071 306071 3 5 40 3004 15.45 -13.5 0 0 0 0 44 5 4 1 0 1 0
306072 306072 3 5 44 3004 15.45 -13.5 0 0 0 0 44 5 4 1 0 1 0
306073 306073 3 5 48 3004 15.45 -13.5 0 0 0 0 44 5 4 1 0 1 0
306074 306074 3 5 52 3004 15.45 -13.5 0 0 0 0 44 5 4 1 0 1 0
306075 306075 3 5 56 3004 15.45 -13.5 0 0 0 0 44 5 4 1 0 1 0
306821 306821 3 1 2 3004 21.45 -13.5 0 0 0 0 56 5 1 1 0 1 0
306822 306822 3 1 4 3004 21.45 -13.5 0 0 0 0 56 5 1 1 0 1 0
306823 306823 3 1 8 3004 21.45 -13.5 0 0 0 0 56 5 1 1 0 1 0
306824 306824 3 1 12 3004 21.45 -13.5 0 0 0 0 56 5 1 1 0 1 0
306825 306825 3 1 16 3004 21.45 -13.5 0 0 0 0 56 5 1 1 0 1 0
306826 306826 3 1 20 3004 21.45 -13.5 0 0 0 0 56 5 1 1 0 1 0
306827 306827 3 1 24 3004 21.45 -13.5 0 0 0 0 56 5 1 1 0 1 0
306828 306828 3 1 28 3004 21.45 -13.5 0 0 0 0 56 5 1 1 0 1 0
306829 306829 3 1 32 3004 21.45 -13.5 0 0 0 0 56 5 1 1 0 1 0
306830 306830 3 1 36 3004 21.45 -13.5 0 0 0 0 56 5 1 1 0 1 0
306831 306831 3 1 40 3004 21.45 -13.5 0 0 0 0 56 5 1 1 0 1 0
306832 306832 3 4 44 3004 21.45 -13.5 0 0 0 0 56 5 1 1 0 1 0
306833 306833 3 1 48 3004 21.45 -13.5 0 0 0 0 56 5 1 1 0 1 0
306834 306834 3 4 52 3004 21.45 -13.5 0 0 0 0 56 5 1 1 0 1 0
306835 306835 3 1 56 3004 21.45 -13.5 0 0 0 0 56 5 1 1 0 1 0
306841 306841 3 1 2 3004 21.45 -13.5 0 0 0 0 56 5 3 1 0 1 0
306842 306842 3 1 4 3004 21.45 -13.5 0 0 0 0 56 5 3 1 0 1 0
306843 306843 3 1 8 3004 21.45 -13.5 0 0 0 0 56 5 3 1 0 1 0
306844 306844 3 1 12 3004 21.45 -13.5 0 0 0 0 56 5 3 1 0 1 0
306845 306845 3 2 16 3004 21.45 -13.5 0 0 0 0 56 5 3 1 0 1 0
306846 306846 3 2 20 3004 21.45 -13.5 0 0 0 0 56 5 3 1 0 1 0
306847 306847 3 2 24 3004 21.45 -13.5 0 0 0 0 56 5 3 1 0 1 0
306848 306848 3 1 28 3004 21.45 -13.5 0 0 0 0 56 5 3 1 0 1 0
306849 306849 3 4 32 3004 21.45 -13.5 0 0 0 0 56 5 3 1 0 1 0
306850 306850 3 3 36 3004 21.45 -13.5 0 0 0 0 56 5 3 1 0 1 0
306851 306851 3 4 40 3004 21.45 -13.5 0 0 0 0 56 5 3 1 0 1 0
306852 306852 3 4 44 3004 21.45 -13.5 0 0 0 0 56 5 3 1 0 1 0
306853 306853 3 1 48 3004 21.45 -13.5 0 0 0 0 56 5 3 1 0 1 0
306854 306854 3 4 52 3004 21.45 -13.5 0 0 0 0 56 5 3 1 0 1 0
306855 306855 3 1 56 3004 21.45 -13.5 0 0 0 0 56 5 3 1 0 1 0
306861 306861 3 1 2 3004 21.45 -13.5 0 0 0 0 56 5 4 1 0 1 0
306862 306862 3 1 4 3004 21.45 -13.5 0 0 0 0 56 5 4 1 0 1 0
306863 306863 3 1 8 3004 21.45 -13.5 0 0 0 0 56 5 4 1 0 1 0
306864 306864 3 1 12 3004 21.45 -13.5 0 0 0 0 56 5 4 1 0 1 0
306865 306865 3 2 16 3004 21.45 -13.5 0 0 0 0 56 5 4 1 0 1 0
306866 306866 3 2 20 3004 21.45 -13.5 0 0 0 0 56 5 4 1 0 1 0
306867 306867 3 2 24 3004 21.45 -13.5 0 0 0 0 56 5 4 1 0 1 0
306868 306868 3 7 28 3004 21.45 -13.5 0 0 0 0 56 5 4 1 0 1 0
306869 306869 3 1 32 3004 21.45 -13.5 0 0 0 0 56 5 4 1 0 1 0
306870 306870 3 3 36 3004 21.45 -13.5 0 0 0 0 56 5 4 1 0 1 0
306871 306871 3 5 40 3004 21.45 -13.5 0 0 0 0 56 5 4 1 0 1 0
306872 306872 3 4 44 3004 21.45 -13.5 0 0 0 0 56 5 4 1 0 1 0
306873 306873 3 4 48 3004 21.45 -13.5 0 0 0 0 56 5 4 1 0 1 0
306874 306874 3 4 52 3004 21.45 -13.5 0 0 0 0 56 5 4 1 0 1 0
306875 306875 3 5 56 3004 21.45 -13.5 0 0 0 0 56 5 4 1 0 1 0
307621 307621 4 1 2 3005 30.95 -13.5 0 0 0 0 72 6 1 1 0 1 0
307622 307622 4 1 4 3005 30.95 -13.5 0 0 0 0 72 6 1 1 0 1 0
307623 307623 4 2 8 3005 30.95 -13.5 0 0 0 0 72 6 1 1 0 1 0
307624 307624 4 3 12 3005 30.95 -13.5 0 0 0 0 72 6 1 1 0 1 0
307625 307625 4 4 16 3005 30.95 -13.5 0 0 0 0 72 6 1 1 0 1 0
307626 307626 4 5 20 3005 30.95 -13.5 0 0 0 0 72 6 1 1 0 1 0
307627 307627 4 6 24 3005 30.95 -13.5 0 0 0 0 72 6 1 1 0 1 0
307628 307628 4 7 28 3005 30.95 -13.5 0 0 0 0 72 6 1 1 0 1 0
307629 307629 4 8 32 3005 30.95 -13.5 0 0 0 0 72 6 1 1 0 1 0
307630 307630 4 9 36 3005 30.95 -13.5 0 0 0 0 72 6 1 1 0 1 0
307631 307631 4 1 40 3005 30.95 -13.5 0 0 0 0 72 6 1 1 0 1 0
307632 307632 4 1 44 3005 30.95 -13.5 0 0 0 0 72 6 1 1 0 1 0
307633 307633 4 1 48 3005 30.95 -13.5 0 0 0 0 72 6 1 1 0 1 0
307634 307634 4 1 52 3005 30.95 -13.5 0 0 0 0 72 6 1 1 0 1 0
307635 307635 4 1 56 3005 30.95 -13.5 0 0 0 0 72 6 1 1 0 1 0
307636 307636 4 1 60 3005 30.95 -13.5 0 0 0 0 72 6 1 1 0 1 0
307637 307637 4 1 64 3005 30.95 -13.5 0 0 0 0 72 6 1 1 0 1 0
307638 307638 4 1 68 3005 30.95 -13.5 0 0 0 0 72 6 1 1 0 1 0
307639 307639 4 1 72 3005 30.95 -13.5 0 0 0 0 72 6 1 1 0 1 0
307640 307640 4 1 76 3005 30.95 -13.5 0 0 0 0 72 6 1 1 0 1 0
307641 307641 4 1 2 3005 30.95 -13.5 0 0 0 0 72 6 3 1 0 1 0
307642 307642 4 1 4 3005 30.95 -13.5 0 0 0 0 72 6 3 1 0 1 0
307643 307643 4 2 8 3005 30.95 -13.5 0 0 0 0 72 6 3 1 0 1 0
307644 307644 4 4 12 3005 30.95 -13.5 0 0 0 0 72 6 3 1 0 1 0
307645 307645 4 4 16 3005 30.95 -13.5 0 0 0 0 72 6 3 1 0 1 0
307646 307646 4 5 20 3005 30.95 -13.5 0 0 0 0 72 6 3 1 0 1 0
307647 307647 4 6 24 3005 30.95 -13.5 0 0 0 0 72 6 3 1 0 1 0
307648 307648 4 7 28 3005 30.95 -13.5 0 0 0 0 72 6 3 1 0 1 0
307649 307649 4 8 32 3005 30.95 -13.5 0 0 0 0 72 6 3 1 0 1 0
307650 307650 4 9 36 3005 30.95 -13.5 0 0 0 0 72 6 3 1 0 1 0
307651 307651 4 1 40 3005 30.95 -13.5 0 0 0 0 72 6 3 1 0 1 0
307652 307652 4 1 44 3005 30.95 -13.5 0 0 0 0 72 6 3 1 0 1 0
307653 307653 4 1 48 3005 30.95 -13.5 0 0 0 0 72 6 3 1 0 1 0
307654 307654 4 1 52 3005 30.95 -13.5 0 0 0 0 72 6 3 1 0 1 0
307655 307655 4 1 56 3005 30.95 -13.5 0 0 0 0 72 6 3 1 0 1 0
307656 307656 4 1 60 3005 30.95 -13.5 0 0 0 0 72 6 3 1 0 1 0
307657 307657 4 1 64 3005 30.95 -13.5 0 0 0 0 72 6 3 1 0 1 0
307658 307658 4 1 68 3005 30.95 -13.5 0 0 0 0 72 6 3 1 0 1 0
307659 307659 4 1 72 3005 30.95 -13.5 0 0 0 0 72 6 3 1 0 1 0
307660 307660 4 1 76 3005 30.95 -13.5 0 0 0 0 72 6 3 1 0 1 0
307661 307661 4 1 2 3005 30.95 -13.5 0 0 0 0 72 6 4 1 0 1 0
307662 307662 4 1 4 3005 30.95 -13.5 0 0 0 0 72 6 4 1 0 1 0
307663 307663 4 1 8 3005 30.95 -13.5 0 0 0 0 72 6 4 1 0 1 0
307664 307664 4 1 12 3005 30.95 -13.5 0 0 0 0 72 6 4 1 0 1 0
307665 307665 4 1 16 3005 30.95 -13.5 0 0 0 0 72 6 4 1 0 1 0
307666 307666 4 5 20 3005 30.95 -13.5 0 0 0 0 72 6 4 1 0 1 0
307667 307667 4 2 24 3005 30.95 -13.5 0 0 0 0 72 6 4 1 0 1 0
307668 307668 4 7 28 3005 30.95 -13.5 0 0 0 0 72 6 4 1 0 1 0
307669 307669 4 2 32 3005 30.95 -13.5 0 0 0 0 72 6 4 1 0 1 0
307670 307670 4 3 36 3005 30.95 -13.5 0 0 0 0 72 6 4 1 0 1 0
307671 307671 4 5 40 3005 30.95 -13.5 0 0 0 0 72 6 4 1 0 1 0
307672 307672 4 5 44 3005 30.95 -13.5 0 0 0 0 72 6 4 1 0 1 0
307673 307673 4 5 48 3005 30.95 -13.5 0 0 0 0 72 6 4 1 0 1 0
307674 307674 4 5 52 3005 30.95 -13.5 0 0 0 0 72 6 4 1 0 1 0
307675 307675 4 5 56 3005 30.95 -13.5 0 0 0 0 72 6 4 1 0 1 0
307676 307676 4 5 60 3005 30.95 -13.5 0 0 0 0 72 6 4 1 0 1 0
307677 307677 4 5 64 3005 30.95 -13.5 0 0 0 0 72 6 4 1 0 1 0
307678 307678 4 5 68 3005 30.95 -13.5 0 0 0 0 72 6 4 1 0 1 0
307679 307679 4 5 72 3005 30.95 -13.5 0 0 0 0 72 6 4 1 0 1 0
307680 307680 4 5 76 3005 30.95 -13.5 0 0 0 0 72 6 4 1 0 1 0
308461 308461 5 1 2 3012 37.45 -13.5 0 0 0 0 88 7 4 1 0 1 0
308462 308462 5 1 4 3012 37.45 -13.5 0 0 0 0 88 7 4 1 0 1 0
308463 308463 5 1 8 3012 37.45 -13.5 0 0 0 0 88 7 4 1 0 1 0
308464 308464 5 1 12 3012 37.45 -13.5 0 0 0 0 88 7 4 1 0 1 0
308465 308465 5 1 16 3012 37.45 -13.5 0 0 0 0 88 7 4 1 0 1 0
308466 308466 5 1 20 3012 37.45 -13.5 0 0 0 0 88 7 4 1 0 1 0
308467 308467 5 1 24 3012 37.45 -13.5 0 0 0 0 88 7 4 1 0 1 0
308468 308468 5 1 28 3012 37.45 -13.5 0 0 0 0 88 7 4 1 0 1 0
308469 308469 5 1 32 3012 37.45 -13.5 0 0 0 0 88 7 4 1 0 1 0
308470 308470 5 1 36 3012 37.45 -13.5 0 0 0 0 88 7 4 1 0 1 0
308471 308471 5 1 40 3012 37.45 -13.5 0 0 0 0 88 7 4 1 0 1 0
308472 308472 5 1 44 3012 37.45 -13.5 0 0 0 0 88 7 4 1 0 1 0
308473 308473 5 1 48 3012 37.45 -13.5 0 0 0 0 88 7 4 1 0 1 0
308474 308474 5 1 52 3012 37.45 -13.5 0 0 0 0 88 7 4 1 0 1 0
308475 308475 5 1 56 3012 37.45 -13.5 0 0 0 0 88 7 4 1 0 1 0
308476 308476 5 1 60 3012 37.45 -13.5 0 0 0 0 88 7 4 1 0 1 0
308477 308477 5 1 64 3012 37.45 -13.5 0 0 0 0 88 7 4 1 0 1 0
308478 308478 5 1 68 3012 37.45 -13.5 0 0 0 0 88 7 4 1 0 1 0
308479 308479 5 1 72 3012 37.45 -13.5 0 0 0 0 88 7 4 1 0 1 0
308480 308480 5 1 76 3012 37.45 -13.5 0 0 0 0 88 7 4 1 0 1 0
309261 309261 6 1 2 3013 45.45 -13.5 0 0 0 0 104 8 4 1 0 1 0
309262 309262 6 1 4 3013 45.45 -13.5 0 0 0 0 104 8 4 1 0 1 0
309263 309263 6 1 8 3013 45.45 -13.5 0 0 0 0 104 8 4 1 0 1 0
309264 309264 6 1 12 3013 45.45 -13.5 0 0 0 0 104 8 4 1 0 1 0
309265 309265 6 1 16 3013 45.45 -13.5 0 0 0 0 104 8 4 1 0 1 0
309266 309266 6 1 20 3013 45.45 -13.5 0 0 0 0 104 8 4 1 0 1 0
309267 309267 6 1 24 3013 45.45 -13.5 0 0 0 0 104 8 4 1 0 1 0
309268 309268 6 1 28 3013 45.45 -13.5 0 0 0 0 104 8 4 1 0 1 0
309269 309269 6 1 32 3013 45.45 -13.5 0 0 0 0 104 8 4 1 0 1 0
309270 309270 6 1 36 3013 45.45 -13.5 0 0 0 0 104 8 4 1 0 1 0
309271 309271 6 1 40 3013 45.45 -13.5 0 0 0 0 104 8 4 1 0 1 0
309272 309272 6 1 44 3013 45.45 -13.5 0 0 0 0 104 8 4 1 0 1 0
309273 309273 6 1 48 3013 45.45 -13.5 0 0 0 0 104 8 4 1 0 1 0
309274 309274 6 1 52 3013 45.45 -13.5 0 0 0 0 104 8 4 1 0 1 0
309275 309275 6 1 56 3013 45.45 -13.5 0 0 0 0 104 8 4 1 0 1 0
309276 309276 6 1 60 3013 45.45 -13.5 0 0 0 0 104 8 4 1 0 1 0
309277 309277 6 1 64 3013 45.45 -13.5 0 0 0 0 104 8 4 1 0 1 0
309278 309278 6 1 68 3013 45.45 -13.5 0 0 0 0 104 8 4 1 0 1 0
309279 309279 6 1 72 3013 45.45 -13.5 0 0 0 0 104 8 4 1 0 1 0
309280 309280 6 1 76 3013 45.45 -13.5 0 0 0 0 104 8 4 1 0 1 0
310021 310021 4 0 0 3011 10.5 -13.5 31.5 -13.5 52.5 -13.5 0 10 0 0 1 3 0
310022 310022 4 0 0 3011 10.5 -13.5 31.5 -13.5 52.5 -13.5 0 10 0 0 2 3 0
310023 310023 4 0 0 3011 10.5 -13.5 31.5 -13.5 52.5 -13.5 0 10 0 0 3 3 0
310024 310024 4 0 0 3011 10.5 -13.5 31.5 -13.5 52.5 -13.5 0 10 0 0 4 3 0
310025 310025 2 0 0 3034 10.5 -13.5 0 0 0 0 0 52 0 0 1 3 0
310026 310026 2 0 0 3034 10.5 -13.5 0 0 0 0 0 52 0 0 2 3 0
310027 310027 2 0 0 3034 10.5 -13.5 0 0 0 0 0 52 0 0 3 3 0
310028 310028 2 0 0 3034 10.5 -13.5 0 0 0 0 0 52 0 0 4 3 0
310041 310041 2 1 0 3041 10.5 -13.5 0 0 0 0 0 42 0 0 0 14 0
310042 310042 4 1 0 3042 31.5 -13.5 0 0 0 0 0 43 0 0 0 14 0
310043 310043 6 0 0 3045 52.5 -13.5 0 0 0 0 0 51 0 0 0 14 0
310044 310044 4 0 0 3043 31.5 -4.5 0 0 0 0 0 43 0 0 0 14 0
316001 316001 3 1 0 3061 29 -13.5 0 0 0 0 0 46 0 0 0 16 0
316002 316002 3 2 0 3061 29 -13.5 0 0 0 0 0 46 0 0 0 16 0
316003 316003 3 3 0 3061 29 -13.5 0 0 0 0 0 46 0 0 0 16 0
316004 316004 3 4 0 3061 29 -13.5 0 0 0 0 0 46 0 0 0 16 0
316011 316011 3 1 0 3062 29 -13.5 0 0 0 0 0 47 0 0 0 16 0
316012 316012 3 2 0 3062 29 -13.5 0 0 0 0 0 47 0 0 0 16 0
316013 316013 3 3 0 3062 29 -13.5 0 0 0 0 0 47 0 0 0 16 0
316014 316014 3 4 0 3062 29 -13.5 0 0 0 0 0 47 0 0 0 16 0
316021 316021 3 1 0 3063 29 -13.5 0 0 0 0 0 48 0 0 0 16 0
316022 316022 3 2 0 3063 29 -13.5 0 0 0 0 0 48 0 0 0 16 0
316023 316023 3 3 0 3063 29 -13.5 0 0 0 0 0 48 0 0 0 16 0
316024 316024 3 4 0 3063 29 -13.5 0 0 0 0 0 48 0 0 0 16 0
316031 316031 3 1 0 3064 29 -13.5 0 0 0 0 0 49 0 0 0 16 0
316032 316032 3 2 0 3064 29 -13.5 0 0 0 0 0 49 0 0 0 16 0
316033 316033 3 3 0 3064 29 -13.5 0 0 0 0 0 49 0 0 0 16 0
316034 316034 3 4 0 3064 29 -13.5 0 0 0 0 0 49 0 0 0 16 0
316041 316041 3 1 0 3065 29 -13.5 0 0 0 0 0 58 0 0 0 20 0
316042 316042 3 2 0 3065 29 -13.5 0 0 0 0 0 58 0 0 0 20 0
316043 316043 3 3 0 3065 29 -13.5 0 0 0 0 0 58 0 0 0 20 0
316044 316044 3 4 0 3065 29 -13.5 0 0 0 0 0 58 0 0 0 20 0
316051 316051 3 1 0 3066 29 -13.5 0 0 0 0 0 59 0 0 0 20 0
316052 316052 3 2 0 3066 29 -13.5 0 0 0 0 0 59 0 0 0 20 0
316053 316053 3 3 0 3066 29 -13.5 0 0 0 0 0 59 0 0 0 20 0
316054 316054 3 4 0 3066 29 -13.5 0 0 0 0 0 59 0 0 0 20 0
316061 316061 3 1 0 3067 29 -13.5 0 0 0 0 0 60 0 0 0 20 0
316062 316062 3 2 0 3067 29 -13.5 0 0 0 0 0 60 0 0 0 20 0
316063 316063 3 3 0 3067 29 -13.5 0 0 0 0 0 60 0 0 0 20 0
316064 316064 3 4 0 3067 29 -13.5 0 0 0 0 0 60 0 0 0 20 0
316071 316071 3 1 0 3068 29 -13.5 0 0 0 0 0 61 0 0 0 20 0
316072 316072 3 2 0 3068 29 -13.5 0 0 0 0 0 61 0 0 0 20 0
316073 316073 3 3 0 3068 29 -13.5 0 0 0 0 0 61 0 0 0 20 0
316074 316074 3 4 0 3068 29 -13.5 0 0 0 0 0 61 0 0 0 20 0
316081 316081 3 1 0 3081 29 -13.5 0 0 0 0 0 62 0 0 0 16 0
316082 316082 3 2 0 3081 29 -13.5 0 0 0 0 0 62 0 0 0 16 0
316083 316083 3 3 0 3081 29 -13.5 0 0 0 0 0 62 0 0 0 16 0
316084 316084 3 4 0 3081 29 -13.5 0 0 0 0 0 62 0 0 0 16 0
316091 316091 3 1 0 3082 29 -13.5 0 0 0 0 0 63 0 0 0 16 0
316092 316092 3 2 0 3082 29 -13.5 0 0 0 0 0 63 0 0 0 16 0
316093 316093 3 3 0 3082 29 -13.5 0 0 0 0 0 63 0 0 0 16 0
316094 316094 3 4 0 3082 29 -13.5 0 0 0 0 0 63 0 0 0 16 0
316101 316101 3 1 0 3083 29 -13.5 0 0 0 0 0 64 0 0 0 16 0
316102 316102 3 2 0 3083 29 -13.5 0 0 0 0 0 64 0 0 0 16 0
316103 316103 3 3 0 3083 29 -13.5 0 0 0 0 0 64 0 0 0 16 0
316104 316104 3 4 0 3083 29 -13.5 0 0 0 0 0 64 0 0 0 16 0
316111 316111 3 1 0 3084 29 -13.5 0 0 0 0 0 65 0 0 0 16 0
316112 316112 3 2 0 3084 29 -13.5 0 0 0 0 0 65 0 0 0 16 0
316113 316113 3 3 0 3084 29 -13.5 0 0 0 0 0 65 0 0 0 16 0
316114 316114 3 4 0 3084 29 -13.5 0 0 0 0 0 65 0 0 0 16 0
326001 326001 3 1 0 3071 21 -13.5 0 0 0 0 0 53 0 0 0 18 0
326002 326002 3 2 0 3071 21 -13.5 0 0 0 0 0 53 0 0 0 18 0
326011 326011 5 1 0 3072 42 -13.5 0 0 0 0 0 54 0 0 0 18 0
326012 326012 5 2 0 3072 42 -13.5 0 0 0 0 0 54 0 0 0 18 0
326021 326021 5 1 0 3073 39.5 -13.5 0 0 0 0 0 55 0 0 0 18 0
326022 326022 5 2 0 3073 39.5 -13.5 0 0 0 0 0 55 0 0 0 18 0
326031 326031 6 1 0 3074 45.5 -13.5 0 0 0 0 0 56 0 0 0 18 0
326032 326032 6 2 0 3074 45.5 -13.5 0 0 0 0 0 56 0 0 0 18 0
335061 335061 7 1 2 3022 53.45 -13.5 0 0 0 0 120 9 4 1 0 1 0
335062 335062 7 1 4 3022 53.45 -13.5 0 0 0 0 120 9 4 1 0 1 0
335063 335063 7 1 8 3022 53.45 -13.5 0 0 0 0 120 9 4 1 0 1 0
335064 335064 7 1 12 3022 53.45 -13.5 0 0 0 0 120 9 4 1 0 1 0
335065 335065 7 1 16 3022 53.45 -13.5 0 0 0 0 120 9 4 1 0 1 0
335066 335066 7 1 20 3022 53.45 -13.5 0 0 0 0 120 9 4 1 0 1 0
335067 335067 7 1 24 3022 53.45 -13.5 0 0 0 0 120 9 4 1 0 1 0
335068 335068 7 1 28 3022 53.45 -13.5 0 0 0 0 120 9 4 1 0 1 0
335069 335069 7 1 32 3022 53.45 -13.5 0 0 0 0 120 9 4 1 0 1 0
335070 335070 7 1 36 3022 53.45 -13.5 0 0 0 0 120 9 4 1 0 1 0
335071 335071 7 1 40 3022 53.45 -13.5 0 0 0 0 120 9 4 1 0 1 0
335072 335072 7 1 44 3022 53.45 -13.5 0 0 0 0 120 9 4 1 0 1 0
335073 335073 7 1 48 3022 53.45 -13.5 0 0 0 0 120 9 4 1 0 1 0
335074 335074 7 1 52 3022 53.45 -13.5 0 0 0 0 120 9 4 1 0 1 0
335075 335075 7 1 56 3022 53.45 -13.5 0 0 0 0 120 9 4 1 0 1 0
335076 335076 7 1 60 3022 53.45 -13.5 0 0 0 0 120 9 4 1 0 1 0
335077 335077 7 1 64 3022 53.45 -13.5 0 0 0 0 120 9 4 1 0 1 0
335078 335078 7 1 68 3022 53.45 -13.5 0 0 0 0 120 9 4 1 0 1 0
335079 335079 7 1 72 3022 53.45 -13.5 0 0 0 0 120 9 4 1 0 1 0
335080 335080 7 1 76 3022 53.45 -13.5 0 0 0 0 120 9 4 1 0 1 0
336632 336632 1 1 1 3026 -5.3 2.5 5.2 2.5 0 0 4 32 1 1 0 1 0
336792 336792 1 1 1 3026 -5.3 2.5 5.2 2.5 0 0 4 32 1 2 0 1 0
336952 336952 1 1 1 3027 -4 2.5 6.5 2.5 0 0 4 33 1 1 0 1 0
337112 337112 1 1 1 3027 -4 2.5 6.5 2.5 0 0 4 33 1 2 0 1 0
337401 337401 1 1 2 4023 -4 2.5 0 0 0 0 8 26 0 1 0 5 0
337402 337402 1 1 4 4023 -4 2.5 0 0 0 0 8 26 0 1 0 5 0
337421 337421 1 1 2 4023 -4 2.5 0 0 0 0 8 26 1 1 0 5 0
337422 337422 1 1 4 4023 -4 2.5 0 0 0 0 8 26 1 1 0 5 0
337561 337561 1 1 2 4023 -4 2.5 0 0 0 0 8 26 0 2 0 5 0
337562 337562 1 1 4 4023 -4 2.5 0 0 0 0 8 26 0 2 0 5 0
337581 337581 1 1 2 4023 -4 2.5 0 0 0 0 8 26 1 2 0 5 0
337582 337582 1 1 4 4023 -4 2.5 0 0 0 0 8 26 1 2 0 5 0
338201 338201 1 1 2 3028 -4 2.5 6.5 2.5 0 0 8 34 0 1 0 1 0
338202 338202 1 1 4 3028 -4 2.5 6.5 2.5 0 0 8 34 0 1 0 1 0
338203 338203 1 1 8 3028 -4 2.5 6.5 2.5 0 0 8 34 0 1 0 1 0
338212 338212 1 1 1 3028 -4 1.5 6.5 1.5 0 0 8 34 0 1 0 1 0
338221 338221 1 1 2 3028 -4 2.5 6.5 2.5 0 0 8 34 1 1 0 1 0
338222 338222 1 1 4 3028 -4 2.5 6.5 2.5 0 0 8 34 1 1 0 1 0
338223 338223 1 1 8 3028 -4 2.5 6.5 2.5 0 0 8 34 1 1 0 1 0
338232 338232 1 1 1 3028 -4 1.5 6.5 1.5 0 0 8 34 1 1 0 1 0
338361 338361 1 1 2 3028 -4 2.5 6.5 2.5 0 0 8 34 0 2 0 1 0
338362 338362 1 1 4 3028 -4 2.5 6.5 2.5 0 0 8 34 0 2 0 1 0
338363 338363 1 1 8 3028 -4 2.5 6.5 2.5 0 0 8 34 0 2 0 1 0
338372 338372 1 1 1 3028 -4 1.5 6.5 1.5 0 0 8 34 0 2 0 1 0
338381 338381 1 1 2 3028 -4 2.5 6.5 2.5 0 0 8 34 1 2 0 1 0
338382 338382 1 1 4 3028 -4 2.5 6.5 2.5 0 0 8 34 1 2 0 1 0
338383 338383 1 1 8 3028 -4 2.5 6.5 2.5 0 0 8 34 1 2 0 1 0
338392 338392 1 1 1 3028 -4 1.5 6.5 1.5 0 0 8 34 1 2 0 1 0
340103 340103 1 0 0 4013 10 -2.5 0 0 0 0 0 25 0 0 0 8 0
340502 340502 5 0 0 4073 52.5 -13.5 0 0 0 0 0 24 0 0 0 10 0
340503 340503 6 0 0 4074 63 -13.5 0 0 0 0 0 24 0 0 0 10 0
340608 340608 5 0 0 4075 63 -13.5 0 0 0 0 0 24 0 0 0 10 0
340640 340640 6 0 0 4071 63 -13.5 0 0 0 0 0 24 0 0 0 11 0
340701 340701 5 0 0 4066 0 0 0 0 0 0 0 35 0 0 0 8 0
340901 340901 4 0 0 4072 30.95 -13.5 0 0 0 0 0 57 0 0 0 119 0
350801 350801 1 1 2 3030 -4 2.5 6.5 2.5 0 0 8 38 0 1 0 1 0
350802 350802 1 1 4 3030 -4 2.5 6.5 2.5 0 0 8 38 0 1 0 1 0
350803 350803 1 1 8 3030 -4 2.5 6.5 2.5 0 0 8 38 0 1 0 1 0
350812 350812 1 1 1 3030 -4 1.5 6.5 1.5 0 0 8 38 0 1 0 1 0
350961 350961 1 1 2 3030 -4 2.5 6.5 2.5 0 0 8 38 0 2 0 1 0
350962 350962 1 1 4 3030 -4 2.5 6.5 2.5 0 0 8 38 0 2 0 1 0
350963 350963 1 1 8 3030 -4 2.5 6.5 2.5 0 0 8 38 0 2 0 1 0
350972 350972 1 1 1 3030 -4 1.5 6.5 1.5 0 0 8 38 0 2 0 1 0
[FeederMaxData]
IDNUM Name Maxs
3001 "FA0010" 999
3002 "FA0020" 999
3003 "FA0030" 999
3004 "FA0040" 999
3005 "FA0050" 999
3006 "FC0030" 999
3011 "STK0XXTK8" 999
3012 "FA0360" 999
3013 "FA0370" 999
3018 "FA0005" 999
3022 "FA0480" 0
3026 "FA0204" 999
3027 "FA0002" 0
3028 "FA0001" 0
3030 "FA0501" 0
3034 "FE0020" 999
3041 "FE0060" 999
3042 "FE0070" 999
3043 "FE0072" 999
3045 "FE0100" 999
3061 "EF0010" 999
3062 "EF0020" 999
3063 "EF0030" 999
3064 "EF0040" 999
3065 "EF0014" 0
3066 "EF0024" 0
3067 "EF0034" 0
3068 "EF0044" 0
3071 "AF0010" 0
3072 "AF0020" 0
3073 "AF0030" 0
3074 "AF0040" 0
3081 "EF0016" 999
3082 "EF0026" 999
3083 "EF0036" 999
3084 "EF0046" 999
4013 "DF0020" 0
4023 "FA0007" 999
4066 "AT0010" 0
4071 "Tray Lifter Feeder" 0
4072 "Multi Column Tape Feeder" 0
4073 "Bowl Feeder 01" 0
4074 "Bowl Feeder 02" 0
4075 "SANKI-TAI Bowl 230L" 999
[NozzleDataNPM]
IDNUM NozzleNo Size TUPH MAXH X Y TX TY NAME NH CO LO TO VU VD TT MT RcgMode Fb VSMC AdhChk SN Fb2 TipRecog AdhChkTh
1 1001 0 22.500 22.500 1.300 0.900 1.300 0.900 "D013MM" 1 0 1 0 -10 -25 20 10 0 -41 0 0 0 0 0 0
2 1002 0 22.500 22.500 3.000 3.000 3.000 2.200 "D030MM" 1 0 1 0 -10 -25 20 10 0 -75 0 0 0 0 0 0
3 1003 0 22.500 22.500 6.000 4.000 6.000 4.000 "D060MM" 1 0 1 0 -10 -25 20 10 0 -79 0 0 0 0 0 0
4 1004 0 22.500 22.500 8.000 8.000 8.000 8.000 "D080MM" 0 0 1 0 -10 -25 20 10 0 -79 0 0 0 0 0 0
5 1005 0 22.500 22.500 10.000 10.000 10.000 10.000 "D100MM" 0 0 0 0 -10 -25 20 10 0 -77 0 0 0 0 0 0
6 1006 0 22.500 22.500 0.000 0.000 0.000 0.000 "DUMMY" 0 1 0 0 -10 -25 20 10 0 100 0 0 0 0 0 0
7 101G 4 11.300 11.300 3.000 3.000 3.000 3.000 "SHORT3" 1 0 0 0 2 -7 6 8 0 -67 0 0 0 0 0 0
8 102G 4 11.300 11.300 4.000 4.000 4.000 4.000 "SHORT4" 1 0 0 0 2 -7 6 8 0 -67 0 0 0 0 0 0
9 103 0 13.800 13.800 5.000 4.000 5.000 4.000 "HDMI" 1 0 1 1 5 -5 6 8 0 -76 0 0 0 0 0 0
10 104 0 13.800 13.800 5.400 5.400 5.400 5.400 "VR1004A" 1 0 1 1 5 -5 6 8 0 -76 0 0 0 0 0 0
11 110 0 13.800 13.800 0.600 0.600 0.600 0.600 "1005MM" 1 0 1 1 5 -5 6 8 0 -57 0 0 0 0 0 0
12 110 4 13.800 13.800 0.600 0.600 0.600 0.600 "1005MM" 1 0 1 1 2 -7 6 8 0 -42 0 0 0 0 0 0
13 111 0 13.800 13.800 3.450 1.300 3.450 1.300 "WAFER" 1 0 1 1 5 -5 6 8 0 -72 0 0 0 0 0 0
14 113 0 13.800 13.800 8.000 3.400 8.000 3.400 "SW-1" 1 0 1 1 5 -5 6 8 0 -76 0 0 0 0 0 0
15 114 0 13.800 13.800 4.100 3.900 4.100 3.900 "SW" 1 0 1 1 5 -5 6 8 0 -76 1 0 0 0 0 0
18 120 0 13.800 13.800 1.300 1.300 1.300 1.300 "2125MM" 1 0 1 1 5 -5 6 8 0 -73 0 0 0 0 0 0
19 120 4 13.800 13.800 1.300 1.300 1.300 1.300 "2125MM" 1 0 1 1 2 -7 6 8 0 -67 0 0 0 0 0 0
20 130 0 13.800 13.800 2.400 2.400 2.400 2.400 "D024MM" 1 0 1 1 5 -5 6 8 0 -76 0 0 0 0 0 0
21 130 4 13.800 13.800 2.400 2.400 2.400 2.400 "D024MM" 1 0 1 1 2 -7 6 8 0 -68 0 0 0 0 0 0
22 140 0 13.800 13.800 4.000 4.000 4.000 4.000 "D040MM" 0 0 0 0 5 -5 6 8 0 -75 0 0 0 0 0 0
23 140 4 13.800 13.800 4.000 4.000 4.000 4.000 "D040MM" 0 0 0 0 2 -7 6 8 0 -68 0 0 0 0 0 0
24 1582 0 22.500 22.500 0.650 0.350 0.650 0.350 "0603MM" 1 1 1 0 -10 -25 20 10 0 -12 0 0 0 0 0 0
25 1599 0 22.500 22.500 1.300 1.300 0.600 0.350 "0603MM" 1 0 1 0 -10 -25 20 10 0 -15 0 0 0 0 0 0
26 185 0 13.800 13.800 6.000 6.000 6.000 6.000 "PAD6" 0 0 0 0 5 -5 6 8 0 -79 0 0 0 0 0 0
27 199 0 13.800 13.800 10.000 10.000 10.000 10.000 "PAD10" 0 0 0 0 5 -5 6 8 0 -83 0 0 0 0 0 0
28 203 0 13.800 13.800 1.250 1.250 0.450 0.300 "203Z" 1 1 1 1 5 -5 6 5 0 -25 0 0 0 0 0 0
29 203 4 13.800 13.800 1.250 1.250 0.450 0.300 "203ZS" 1 1 1 1 0 -12 3 4 0 -10 0 0 0 0 0 0
30 205 0 13.800 13.800 1.250 1.250 0.650 0.350 "0603MM" 1 0 1 1 5 -5 6 5 0 -35 0 0 0 0 0 0
31 205 4 13.800 13.800 1.250 1.250 0.650 0.350 "0603MM" 1 0 1 1 0 -12 3 4 0 -21 0 0 0 0 0 0
32 206 0 13.800 13.800 1.250 1.250 0.600 0.500 "0603-1005" 1 0 1 1 5 -5 6 5 0 -37 0 0 0 0 0 0
33 206 4 13.800 13.800 1.250 1.250 0.600 0.500 "0603-1005" 1 0 1 1 0 -12 3 4 0 -17 0 0 0 0 0 0
34 225 0 13.800 13.800 1.000 0.900 0.600 0.350 "0603MM" 1 0 1 1 5 -5 6 5 0 -41 0 0 0 0 0 0
35 225 4 13.800 13.800 1.000 0.900 0.600 0.350 "0603MM" 1 0 1 1 0 -12 3 4 0 -24 0 0 0 0 0 0
38 230 0 13.800 13.800 1.000 0.900 1.000 0.600 "1005-1608" 1 0 1 1 5 -5 6 5 0 -65 0 0 0 0 0 0
39 230 4 13.800 13.800 1.000 0.900 1.000 0.600 "1005-1608" 1 0 1 1 0 -12 3 4 0 -45 0 0 0 0 0 0
40 235 0 13.800 13.800 2.000 2.000 1.600 0.800 "1608-2125" 1 0 1 1 5 -5 6 5 0 -69 0 0 0 0 0 0
41 235 4 13.800 13.800 2.000 2.000 1.600 0.800 "1608-2125" 1 0 1 1 2 -12 6 4 0 -51 0 2 0 0 0 0
42 240 0 13.800 13.800 2.000 2.000 2.100 2.100 "3216MM" 0 0 0 0 5 -5 6 8 0 -75 1 2 0 0 0 0
43 240 4 13.800 13.800 2.000 2.000 2.100 2.100 "3216MM" 1 0 1 1 2 -7 6 8 0 -67 0 0 0 0 0 0
44 256 0 13.800 13.800 0.950 0.950 0.450 0.300 "0402MM" 1 1 1 1 5 -5 6 5 0 -25 0 0 0 0 0 0
45 256 4 13.800 13.800 0.950 0.950 0.450 0.300 "0402MM" 1 1 1 1 0 -12 3 4 0 -10 0 0 0 0 0 0
46 275 4 13.800 13.800 3.300 3.300 0.600 0.500 "0603-1005" 0 1 1 1 -5 -12 3 4 0 -26 0 0 1 0 0 0
47 276 4 13.800 13.800 1.000 1.000 0.280 0.180 "03015MM" 1 0 1 1 -1 -12 3 4 0 -10 1 0 0 0 0 0
48 281 4 13.800 13.800 3.300 3.300 0.390 0.300 "0402MM" 0 1 1 1 0 -12 3 4 0 -10 0 0 1 0 0 0
49 286 4 13.800 13.800 3.300 3.300 1.000 0.600 "1005-1608" 0 1 1 1 0 -12 3 4 0 -36 0 0 1 0 0 0
50 291 4 13.800 13.800 3.300 3.300 0.600 0.350 "0603MM" 0 1 1 1 -5 -12 3 4 0 -24 0 0 1 0 0 0
51 3451 0 22.500 22.800 20.000 20.000 20.000 20.000 "PAD20" 0 0 0 0 -8 -25 30 20 0 -70 0 0 0 0 0 0
52 3484 0 22.500 23.500 6.000 6.000 6.000 6.000 "D060MM" 0 0 1 0 -10 -25 20 10 0 -72 0 0 0 0 0 0
53 3485 0 22.500 23.500 10.000 10.000 8.000 8.000 "D080MM" 0 0 1 0 -10 -25 20 10 0 -72 0 0 0 0 0 0
54 3486 0 22.500 23.500 10.000 10.000 10.000 10.000 "D100MM" 0 0 1 0 -10 -25 20 10 0 -72 0 0 0 0 0 0
55 3487 0 22.500 23.500 15.000 15.000 15.000 15.000 "D150MM" 0 0 0 0 -10 -25 20 10 0 -72 0 0 0 0 0 0
56 450 1 13.800 13.800 6.000 6.000 6.000 6.000 "D060MM" 1 0 0 0 5 -2 10 0 0 -79 0 0 0 0 0 0
57 460 1 13.800 13.800 10.000 10.000 10.000 10.000 "D100MM" 1 0 0 0 5 -2 10 0 0 -79 0 0 0 0 0 0
58 6617 0 22.500 26.000 49.000 34.000 35.000 35.000 "PD35" 0 0 0 0 -8 -25 30 30 0 -70 0 0 0 0 0 0
59 766 4 13.800 13.800 1.000 1.000 0.300 0.240 "0201MM" 1 0 1 1 -2 -6 3 4 0 -4 1 0 0 0 0 0
60 769 4 13.800 13.800 3.300 3.300 0.300 0.240 "0201-03015" 1 0 1 1 -2 -6 3 4 0 -4 1 0 1 0 0 0
61 777 0 13.800 13.800 7.000 1.500 7.000 1.500 "WAFER" 1 0 1 1 5 -5 6 8 0 -76 0 0 0 0 0 0
62 7777 1 22.500 22.500 7.000 1.500 6.000 0.500 "SPECIAL" 1 0 0 0 -10 -25 20 10 0 -79 0 0 0 0 0 0
63 888 0 13.800 13.800 9.000 1.500 9.000 1.500 "WAFER" 1 0 1 1 5 -5 6 8 0 -76 0 0 0 0 0 0
64 8888 1 22.500 22.500 9.000 1.500 8.000 0.800 "WAFWR" 1 0 0 0 -10 -25 20 10 0 -41 0 0 0 0 0 0
65 999 0 13.800 13.800 9.000 4.500 6.000 1.500 "WAFER" 1 0 1 1 5 -5 6 8 0 -76 0 0 0 0 0 0
66 9999 1 22.500 22.500 9.000 4.500 6.000 1.500 "SPECIAL" 1 0 0 0 -10 -25 20 10 0 -79 0 0 0 0 0 0

[NozzleDataCM]
IDNUM NozzleNo Size TUPH MAXH X Y TX TY NAME NH CO LO TO VU VD TT MT RcgMode Fb VSMC AdhChk SN

[NozzleMaxData]
IDNUM NozzleNo Nsize Maxs
1 10001 12 0
2 1001 0 999
3 1002 0 999
4 1003 0 999
5 1004 0 999
6 1005 0 999
7 1006 0 999
8 101G 4 999
9 102G 4 999
10 103 0 999
11 104 0 999
12 110 0 999
13 110 4 999
14 11001 13 0
15 111 0 999
16 113 0 999
17 114 0 999
20 120 0 999
21 120 4 999
22 12001 14 0
23 12002 14 0
24 130 0 999
25 130 4 999
26 140 0 999
27 140 4 999
28 1582 0 999
29 1599 0 999
30 185 0 999
31 199 0 999
32 203 0 999
33 203 4 999
34 205 0 999
35 205 4 999
36 206 0 999
37 206 4 999
38 225 0 999
39 225 4 999
42 230 0 999
43 230 4 999
44 235 0 999
45 235 4 999
46 240 0 999
47 240 4 999
48 256 0 999
49 256 4 999
50 275 4 999
51 276 4 999
52 281 4 999
53 286 4 999
54 291 4 999
55 3451 0 999
56 3484 0 999
57 3485 0 999
58 3486 0 999
59 3487 0 999
60 450 1 999
61 460 1 999
62 6617 0 999
63 766 4 999
64 769 4 999
65 777 0 999
66 7777 1 999
67 888 0 999
68 8888 1 999
69 999 0 999
70 9999 1 999

[NozzleTipRecognitionData]
IDNUM NozzleNo Size Shape LMPA LMPB LMPC LMPD LMPE LMPF MAXTX MINTX MAXTY MINTY Area MAXAREA MINAREA

[EjectorData]
IDNUM EjectorNo DIA CORRECT RecDataNo LMPA LMPB LMPC LMPD RecNum RecSIZE1 RecX1 RecY1 RecSIZE2 RecX2 RecY2 RecSIZE3 RecX3 RecY3 RecSIZE4 RecX4 RecY4 RecSIZE5 RecX5 RecY5 HeaterControl NdlSZ NdlMZ NdlZMax HeightOffset

[SupplyInspectConditionSet]
IDNUM NGCountNum NGTotalNum InsPolId InsVfyId InsTrcId RcgPolId RcgCharId Rcg2DId ChgTapeInsNum ChgTapeInsNumB ErrAction InsExistId InsPosId RcgExistId RcgPosId

[SupplyInspectPolarityCondition]
IDNUM InsFlg RcgKind InsPlace SfyPara AutoCorr SaveImg

[SupplyInspectVerifyCondition]
IDNUM InsFlg RcgKind InsPlace SfyPara VfyJdgA VfyJdgB VfyJdgC VfyStart VfyEnd SaveImg

[SupplyInspectTraceCondition]
IDNUM InsFlg RcgKind InsPlace SfyPara TrcStart TrcEnd TrcErrC SaveImg

[SupplyInspectExistCondition]
IDNUM InsFlg RcgKind InsTarget ErrAction SfyPara SaveImg

[SupplyInspectPosCondition]
IDNUM InsFlg RcgKind CorTarget InsTarget ErrAction SfyPara SaveImg

[SupplyInspectPolarityRecog]
IDNUM Lamp1 Lamp2 Lamp3 Lamp4 Pitch ViewNum RcgTime AreaNum OrgX1 OrgY1 SizeX1 SizeY1 OrgX2 OrgY2 SizeX2 SizeY2 OrgX3 OrgY3 SizeX3 SizeY3 OrgX4 OrgY4 SizeX4 SizeY4 AlgNo PrmA PrmB PrmC PrmD PrmE PrmF PrmG PrmH PrmI PrmJ PrmK PrmL PrmM PrmN PrmO PrmP PrmQ PrmR PrmS PrmT Lamp5 PitchX ViewNumX RcgTimeX RcgHeightOffset ViewMethod PitchVF ViewNumVF RcgTimeVF PrmU PrmV PrmW PrmX PrmY PrmZ PrmA2 PrmB2 PrmC2 PrmD2

[SupplyInspectCharacterRecog]
IDNUM Lamp1 Lamp2 Lamp3 Lamp4 Pitch VfyViewNum VfyRcgTime VfyAreaNum OrgX1 OrgY1 SizeX1 SizeY1 OrgX2 OrgY2 SizeX2 SizeY2 OrgX3 OrgY3 SizeX3 SizeY3 OrgX4 OrgY4 SizeX4 SizeY4 TrcViewNum TrcRcgTime TrcAreaNum OrgX5 OrgY5 SizeX5 SizeY5 OrgX6 OrgY6 SizeX6 SizeY6 OrgX7 OrgY7 SizeX7 SizeY7 OrgX8 OrgY8 SizeX8 SizeY8 AlgNo PrmA PrmB PrmC PrmD PrmE PrmF PrmG PrmH PrmI PrmJ PrmK PrmL PrmM PrmN PrmO PrmP PrmQ PrmR PrmS PrmT CPrmA CPrmB CPrmC CPrmD CPrmE Lamp5 PitchX VfyViewNumX VfyRcgTimeX TrcViewNumX TrcRcgTimeX RcgHeightOffset ViewMethod PitchVF VfyViewNumVF VfyRcgTimeVF TrcViewNumVF TrcRcgTimeVF PrmU PrmV PrmW PrmX PrmY PrmZ PrmA2 PrmB2 PrmC2 PrmD2

[SupplyInspect2DCodeRecog]
IDNUM Lamp1 Lamp2 Lamp3 Lamp4 Pitch ViewNum RcgTime AreaNum OrgX1 OrgY1 SizeX1 SizeY1 OrgX2 OrgY2 SizeX2 SizeY2 OrgX3 OrgY3 SizeX3 SizeY3 OrgX4 OrgY4 SizeX4 SizeY4 AlgNo PrmA PrmB PrmC PrmD PrmE PrmF PrmG PrmH PrmI PrmJ PrmK PrmL PrmM PrmN PrmO PrmP PrmQ PrmR PrmS PrmT Lamp5 PitchX ViewNumX RcgTimeX RcgHeightOffset ViewMethod PitchVF ViewNumVF RcgTimeVF PrmU PrmV PrmW PrmX PrmY PrmZ PrmA2 PrmB2 PrmC2 PrmD2

[SupplyInspectExistRecog]
IDNUM Lamp1 Lamp2 Lamp3 Lamp4 Pitch ViewNum RcgTime AreaNum OrgX1 OrgY1 SizeX1 SizeY1 OrgX2 OrgY2 SizeX2 SizeY2 OrgX3 OrgY3 SizeX3 SizeY3 OrgX4 OrgY4 SizeX4 SizeY4 AlgNo PrmA PrmB PrmC PrmD PrmE PrmF PrmG PrmH PrmI PrmJ PrmK PrmL PrmM PrmN PrmO PrmP PrmQ PrmR PrmS PrmT Lamp5 PitchX ViewNumX RcgTimeX RcgHeightOffset ViewMethod PitchVF ViewNumVF RcgTimeVF PrmU PrmV PrmW PrmX PrmY PrmZ PrmA2 PrmB2 PrmC2 PrmD2

[SupplyInspectPosRecog]
IDNUM Lamp1 Lamp2 Lamp3 Lamp4 Pitch ViewNum RcgTime AreaNum OrgX1 OrgY1 SizeX1 SizeY1 OrgX2 OrgY2 SizeX2 SizeY2 OrgX3 OrgY3 SizeX3 SizeY3 OrgX4 OrgY4 SizeX4 SizeY4 AlgNo PrmA PrmB PrmC PrmD PrmE PrmF PrmG PrmH PrmI PrmJ PrmK PrmL PrmM PrmN PrmO PrmP PrmQ PrmR PrmS PrmT Lamp5 PitchX ViewNumX RcgTimeX RcgHeightOffset ViewMethod PitchVF ViewNumVF RcgTimeVF PrmU PrmV PrmW PrmX PrmY PrmZ PrmA2 PrmB2 PrmC2 PrmD2

[HeadCamRecMountCondition]
IDNUM MODE ViewType Shape OffsetX OffsetY SizeX SizeY ToleranceXY ToleranceT ViewAMark ViewBMark ViewCMark ViewDMark Method PHOSPICK PHOSPICKX PHOSPICKY TakeUpPos BackLightPos

[HeadCamInspectionCondition]
IDNUM MODE ViewAX ViewAY ViewAMark ViewBX ViewBY ViewBMark ToleranceXY ToleranceT

[HeadCamRecData]
IDNUM REF LAMPA LAMPB LAMPC LAMPD TYPE SIZEA SIZEB SIZEC SIZED DARK TH JUDGE RECSTARTX RECSTARTY RECENDX RECENDY LAMPE

[CompBadMarkChk]
IDNUM Cx Cy Dx Dy Col TH Ratio

[FeederExSupplyInfo]
IDNUM OX OY MX MY PitchX PitchY OZ

[LCRChkData]
IDNUM CMN EQ1 EQ2 EQ3 EQ4 EQ5

[LCRChkDataCmn]
IDNUM Chk Type Val Unit Max Min Freq FUnit

[LCRChkDataEQ]
IDNUM Range Condition Mode Power OffsetX OffsetY

[PushToFit]
IDNUM NOZZLE LOAD SPD Z NUM X1 Y1 ROT1 X2 Y2 ROT2 X3 Y3 ROT3 X4 Y4 ROT4 X5 Y5 ROT5

[PremntInspectConditionSet]
IDNUM InsForeignID RcgForeignID

[PremntInspectForeignCondition]
IDNUM InsFlg RcgKind SaveImg

[PremntInspectForeignRecog]
IDNUM Lamp1 Lamp2 Lamp3 Lamp4 Lamp5 Pitch PitchX ViewNum ViewNumX RcgTime RcgTimeX RcgHeightOffset ViewMethod AreaNum OrgX1 OrgY1 SizeX1 SizeY1 OrgX2 OrgY2 SizeX2 SizeY2 OrgX3 OrgY3 SizeX3 SizeY3 OrgX4 OrgY4 SizeX4 SizeY4 EcAreaNum EcOrgX1 EcOrgY1 EcSizeX1 EcSizeY1 EcOrgX2 EcOrgY2 EcSizeX2 EcSizeY2 EcOrgX3 EcOrgY3 EcSizeX3 EcSizeY3 EcOrgX4 EcOrgY4 EcSizeX4 EcSizeY4 EcOrgX5 EcOrgY5 EcSizeX5 EcSizeY5 EcOrgX6 EcOrgY6 EcSizeX6 EcSizeY6 EcOrgX7 EcOrgY7 EcSizeX7 EcSizeY7 EcOrgX8 EcOrgY8 EcSizeX8 EcSizeY8 AlgNo PrmA PrmB PrmC PrmD PrmE PrmF PrmG PrmH PrmI PrmJ PrmK PrmL PrmM PrmN PrmO PrmP PrmQ PrmR PrmS PrmT PrmU PrmV PrmW PrmX PrmY PrmZ PrmA2 PrmB2 PrmC2 PrmD2 CPrmA CPrmB CPrmC CPrmD CPrmE

[ChipJdgData]
IDNUM Name C NrChips JdgAMid JdgALowNG JdgALowWarn JdgAUpNG JdgAUpWarn JdgBMid JdgBLowNG JdgBLowWarn JdgBUpNG JdgBUpWarn JdgCMid JdgCLowNG JdgCLowWarn JdgCUpNG JdgCUpWarn JdgDMid JdgDLowNG JdgDLowWarn JdgDUpNG JdgDUpWarn

[SpecialJdgData]
IDNUM Name C Links ExSize JdgAMid JdgALowNG JdgALowWarn JdgAUpNG JdgAUpWarn JdgBMid JdgBLowNG JdgBLowWarn JdgBUpNG JdgBUpWarn JdgCMid JdgCLowNG JdgCLowWarn JdgCUpNG JdgCUpWarn JdgDMid JdgDLowNG JdgDLowWarn JdgDUpNG JdgDUpWarn

[GrandLibData]
IDNUM C Algo PA PB PC PD PE PF PG PH PI PJ PK PL PM PN PO PP PQ PR PS PT NUM

[InspectConditionSet]
IDNUM 2dBefore 2dAfter 3dBefore 3dAfter

[PartInspectCondition]
IDNUM Comment HeadType Search AreaOfst BoxA BoxB BoxC BoxD BoxE BoxF BoxG BoxH BoxI BoxJ BoxK BoxL BoxM BoxN BoxO BoxP BoxQ BoxR BoxS BoxT PivotA PivotB PivotC NEXT

[InspectBoxSet]
IDNUM Attrib LGrp LUTSel LUT1 LUT2 LUT3 LUT4 LUT5 LUT6 LUT7 LUT8 LampSel LampA LampB LampC LampD AngC AngD Algo BOX NEXT

[LookUpTable]
IDNUM H1 H2 H3 H4 S1 S2 S3 S4 I1 I2 I3 I4

[InspectAlgo]
IDNUM AlgoNo CtgNo PA PB PC PD PE PF PG PH PI PJ PK PL PM PN PO PP PQ PR PS PT PU PV PW PX PY

[InspectBoxParameter]
IDNUM PA PB PC PD PE PF PG PH PI PJ

[InspectPivotSet]
IDNUM Kind LUTSel LUT1 LUT2 LUT3 LUT4 LUT5 LUT6 LUT7 LUT8 LampSel LampA LampB LampC LampD AngC AngD Algo OX OY Pivot

[InspectPivotData]
IDNUM Attrib Tool Group Pair X Y A BMAX BMIN CMAX CMIN NEXT

[LampStockData]
IDNUM Target Comment LampA LampB LampC LampD AngC AngD

[PartsInspectAreaCondition]
IDNUM PARTS IAreaX IAreaY Cx Cy SolderIArea

[SimplePartsInspectCondition]
IDNUM PARTS InspectType LampType Lamp LampEX HeadType ResolutionXY ResolutionZ IFlag Time

[PartsInspectSkipKind]
IDNUM PARTS KIND
1 1 0
2 2 0
20 20 0
295 295 0
1568 1568 0
1803 1803 0
1808 1808 0
2107 2107 0
2166 2166 0
2185 2185 0
2211 2211 0
2282 2282 0
2286 2286 0
2408 2408 0
2413 2413 0
2428 2428 0
2489 2489 0
2535 2535 0
2540 2540 0
2598 2598 0
2609 2609 0
2906 2906 0
3110 3110 0
3111 3111 0
3112 3112 0
3114 3114 0
3116 3116 0
3118 3118 0
3123 3123 0
3131 3131 0
3132 3132 0
3133 3133 0
3137 3137 0
3224 3224 0
3225 3225 0
3236 3236 0
3237 3237 0
3238 3238 0
3239 3239 0
3245 3245 0
3247 3247 0
3256 3256 0
3266 3266 0
3267 3267 0
3273 3273 0
3275 3275 0
3276 3276 0
3278 3278 0
3288 3288 0
3289 3289 0
3290 3290 0
3291 3291 0
3292 3292 0
3293 3293 0
3295 3295 0
3296 3296 0
3297 3297 0
3302 3302 0
3327 3327 0

[DNozzleShapeData]
IDNUM NCODE LIBNAME LIBREF NP HD INTX INTY STP STPHD STPLD STPD NZLPHW NZLPLW TO
7001 7001 "1DOT-7001" "STD" 0 0.410 0.000 0.000 1 1.500 0.000 1.500 1.400 3.000 0
7015 7015 "1DOT-7015" "STD" 0 0.400 0.000 0.000 2 0.000 0.000 0.000 3.000 3.000 0
7021 7021 "1DOT-7021" "STD" 0 0.250 0.000 0.000 2 0.000 0.000 0.000 3.000 3.000 0
7023 7023 "1DOT-7023" "STD" 0 0.150 0.000 0.000 2 0.000 0.000 0.000 3.000 3.000 0
7026 7026 "1DOT-7026" "STD" 0 0.300 0.000 0.000 2 0.000 0.000 0.000 3.000 3.000 0
7030 7030 "1DOT-7030" "STD" 0 0.330 0.000 0.000 1 1.500 0.000 1.500 1.400 3.000 0
7201 7201 "2DOTS-7201" "STD" 1 0.330 0.000 0.800 0 3.000 0.000 1.500 1.400 3.000 0
7202 7202 "2DOTS-7202" "STD" 1 0.330 0.000 1.600 0 3.000 0.000 1.500 1.400 3.000 0
7204 7204 "2DOTS-7204" "STD" 1 0.410 0.000 0.800 0 3.000 0.000 1.500 1.400 3.000 0
7222 7222 "2DOTS-7222" "STD" 1 0.410 0.000 1.200 0 3.000 0.000 1.500 1.400 3.000 0
7223 7223 "2DOTS-7223" "STD" 1 0.410 0.000 1.500 0 3.000 0.000 1.500 1.400 3.000 0
7224 7224 "2DOTS-7224" "STD" 1 0.410 0.000 2.000 0 3.000 0.000 1.500 1.400 4.000 0
7236 7236 "2DOTS-7236" "STD" 1 0.410 0.000 1.000 0 3.000 0.000 1.500 1.400 3.000 0
7601 7601 "4DOTS-7601" "STD" 2 0.580 1.000 3.000 0 0.000 0.000 1.200 3.000 5.000 0
7606 7606 "4DOTS-7606" "STD" 2 0.580 1.000 2.200 0 0.000 0.000 1.200 3.000 5.000 0

[BondData]
IDNUM LIBNAME LIBREF TEMPERATURE CL BTime BSpeed PS CDISCNT DISCNT
100097 "ADE-850D" "STD" 38 0 30 50 0.120 20 3
100098 "ADE-820DX" "STD" 42 0 30 50 0.120 20 3
100099 "MR-8121N" "STD" 38 0 30 50 0.120 20 3
100100 "MR-8128N" "STD" 38 0 30 50 0.120 20 3
100101 "ADE-510D" "STD" 38 0 30 50 0.120 20 3
100102 "3609" "STD" 38 0 30 50 0.120 20 3
100103 "IR-100" "STD" 38 0 30 50 0.120 20 3
100104 "IR-130" "STD" 38 0 30 50 0.120 20 3

[DNozzleControlData]
IDNUM ALARMCNT STOPCNT PRETIME POSTTIME PS SCSPD XYSPD FBGain FBPara FFPara TempOffset

[DispenseCondition]
IDNUM BN BSPD BZ TIME HUGE VZ WAIT1 WAIT2 BGAP DNO WNO DTYPE BUSPD1 BUSPD2 BDSPD1 BDSPD2 DISCHARGE BRCG BRCGDATA

[MultiDisData]
IDNUM N POSX POSY ANGLE NEXT

[DrawData]
IDNUM MSPD MTIME STIME SBTIME UTIME WPOS WTIME DISCHARGE POSNUM C

[DrawPosData]
IDNUM N POSX POSY PTN NEXT

[DischargeRecogData]
IDNUM LAMPA LAMPB LAMPC LAMPD TP FP AREAMIN AREAMAX AREARATE AREA RECSTARTX RECSTARTY RECENDX RECENDY RECFLAG1 RECFLAG2 RECFLAG3 RECFLAG4 NAME RECFLAG5
100105 0 0 0 70 0.200 0.150 70 130 70 0.000 -2.500 -2.500 2.500 2.500 0 0 1 1 "Default" 0
100106 0 0 0 70 0.200 0.150 70 130 70 0.000 -2.500 -2.500 2.500 2.500 0 0 1 1 "Default-2" 0

[PrintCondition]
IDNUM SquActMode AfterPrtFlg FsqSpeed RSqSpeed SqPressF SqPressR SqLength SqType SqDeg PrtStrokeF PrtStrokeR Clearance LiftDwnSpeed LiftDwnStroke ConstAccel PatternLibName RefPatternName UnitPressure FillPressure WarmUpRound SpeedChange UseModeA PointaA PointbA SpeedA UseModeB PointaB PointbB SpeedB UseModeC PointaC PointbC SpeedC SqName

[Cleaning]
IDNUM ClnMode1Flg IntervalMode1 ClnMode2Flg IntervalMode2 AutoFlg AutoTime FwdSpeed1st BwdSpeed1st FwdSpeed2nd BwdSpeed2nd FwdWetFlg1st BwdWetFlg1st FwdWetFlg2nd BwdWetFlg2nd FwdVacFlg1st BwdVacFlg1st FwdVacFlg2nd BwdVacFlg2nd FwdMoveFlg1st BwdMoveFlg1st FwdMoveFlg2nd BwdMoveFlg2nd FwdSpeed BwdSpeed FwdWetFlg BwdWetFlg FwdVacFlg BwdVacFlg FwdMoveFlg BwdMoveFlg

[PrintCounter]
IDNUM Preset SupFlg SplTimeAbs KneadFlg KneadCnt

[MultiSpeedEditData]
IDNUM SPEED STROKE

[InsertCondition]
IDNUM Tool MaxH BodyH Clinch InsW ChuckF Swing LeadD LeadP LeadC LeadAdjust LeadStrength ClinchR InsLoad BcWdCtl BcWd BcDpCtl BcDp RBaseH ExpandBC HdInsDet InsPush RLdFm ClinchX ClinchY ClinchZ DtLd ClinchD InsW2 LeadStrength2 ClinchR2 ClinchX2 ClinchY2 ClinchZ2 DtLd2 ClinchD2 LDet LMax LeadAdjPos LeadAdjA LeadAdjH LeadAdjX LeadAdjY

[InsertLeadTwist]
IDNUM FA XA YA ZA WA AA RA FB XB YB ZB WB AB RB

[NozzleDataBodyChuck]
IDNUM NozzleNo NAME TL TR SHAPE
1 10001 "STD" 0.000 0.000 0

[NozzleDataLeadChuck]
IDNUM NozzleNo NAME WA WB WC WD WE WF CA CB CC CD CE CF EXLEN Recog
14 11001 "STD" 2.500 5.000 7.500 10.000 0.000 0.000 1.250 0.000 1.250 0.000 0.000 0.000 0.000 0

[NozzleDataSwing]
IDNUM NozzleNo NAME TUPH TX TY VU VD TT MT RcgMode Fb VSMC AdhChk
22 12001 "D15" 10.000 15.300 15.300 0 0 50 50 2 -20 0 2
23 12002 "D6" 10.000 6.790 6.790 0 0 50 50 2 -20 0 2

[FixedFeeder]
IDNUM Group PU FeederA FeederB FeederC FeederD FeederE FeederF FeederG FeederH FeederI FeederJ PartsA PartsB PartsC PartsD PartsE PartsF PartsG PartsH PartsI PartsJ
[FixedNozzle]
IDNUM Group Head NozzleA NozzleB NozzleC NozzleD NozzleE NozzleF NozzleG NozzleH NozzleI NozzleJ NozzleK NozzleL NozzleM NozzleN NozzleO NozzleP NozzleQ NozzleR NozzleS NozzleT NozzleU NozzleV NozzleW NozzleX

[FixedNozzleStock]
IDNUM Group N P
1 0 111 240
2 0 112 140
3 0 113 120
4 0 114 120
5 0 121 240
6 0 122 140
7 0 123 120
8 0 124 120
9 0 131 -1
10 0 132 -1
11 0 133 -1
12 0 134 -1
13 0 141 -1
14 0 142 -1
15 0 143 -1
16 0 144 -1
17 0 211 235
18 0 212 235
19 0 213 235
20 0 214 235
21 0 215 235
22 0 216 235
23 0 217 230
24 0 218 230
25 0 221 235
26 0 222 235
27 0 223 235
28 0 224 235
29 0 225 235
30 0 226 235
31 0 227 230
32 0 228 230
33 0 231 -1
34 0 232 -1
35 0 233 -1
36 0 234 -1
37 0 235 -1
38 0 236 -1
39 0 237 -1
40 0 238 -1
41 0 241 -1
42 0 242 -1
43 0 243 -1
44 0 244 -1
45 0 245 -1
46 0 246 -1
47 0 247 -1
48 0 248 -1

[VagueFixFeeder]
IDNUM PARTS BeamBits

[VagueFixFeederSetupRules]
IDNUM Name Priority Condition Assign NOT

[VagueFixFeederSetupRuleCondition]
IDNUM Join Type Operator Value NEXT

[VagueFixFeederSetupRuleAssign]
IDNUM Category MCType HeadType MachineNo TableNo NEXT

[ForceArrangeBeam]
IDNUM Beam

[CarryoverStockData]
IDNUM PU SIDE Parts Feeder Fixed

[CarryoverNozzleStock]
IDNUM N P Fixed

[LineData]
Name="8Line"
Stage=1
Flow=R-L
FixedRail=FRONT
Reverse=NO
Power50Hz=YES

[BeamData]
IDNUM Head NzlChg BulkFdr StickFdr CutUnit Ccamera Camera LeadChk Sensor3D BGACSP SPNzl LoadCntl TrayMagazine DblFdrUse HeadType NzlChgKind NzlSlots NzlBigSlots Flux ConvTime DHHighScan FdrTblType FdrSlots FrameType TraySlots TraySize EjCnv Stage ExConv ExBigNzl Lane SlowDown TM Hs8NzlChg PCBWarpMeasurement HighSpd HeightSensor AutoPinChg ConvLen CustomTray NPMExConvL NPMExConvR ThinTypeSingleFdr TallComp PIP COAXIAL LeadAdjust HeadCamera PcbHolder LCR BackLight PartsBCR CompactCart TrayStocker EnvAdjust GangTkup SlotNumbering
1 1 1 0 1 1 1 3 0 0 1 0 0 0 2 31 1 16 0 0 100 0 3 30 0 0 0 0 3 0 0 1 0 0 0 0 0 0 0 0 0 0 1 0 0 0 0 0 1 0 0 0 0 0 0 0 0 0
2 2 1 0 0 1 1 3 0 0 0 0 0 0 2 41 0 32 0 0 100 0 3 30 0 0 0 0 3 0 0 1 0 0 0 0 0 0 0 0 0 0 1 0 0 0 0 0 1 0 0 0 0 0 0 0 0 0

[FdrTblMode]
IDNUM Head NowStation FdrTblMode Pass Type TapeCutLength
1 1 2 JOINT NO 0 0
2 2 2 JOINT NO 0 0

[LineInfoData]
IDNUM McNum McMdln McName StartBeam BeamNum Pass SecMntHld PrevMachine NextMachine
1 1 0x52200 "NPM-1" 1 2 0 0 0 0

[InsertHeadType]
IDNUM HEAD SPINDLE ToolKind

[HighPrecisionMountCondition]
IDNUM Head Mode TH

[TactInfo<1>]
TotalTact=35.282
MountCount=193
PickUpCount=193
SingleLotTact=35.282

[StageTactInfo<1>]
IDNUM Stage Tact PRcg Pre Idl1 Idl2 WaitMnt1 WaitMnt2 WaitRcg1 WaitRcg2 Hd1 Hd2 CnvSt PRcgEND WaitPRcg MntCnt PCnt NonTransTact PcbClampTact
1 1 35.282 1.953 1.932 0.000 0.000 4.227 0.193 0.000 0.000 0.000 0.000 0.514 2.466 0.000 193 0 34.751 0.000

[LaneStageTactInfo<1>]
IDNUM Lane Stage Tact NonTransTact PcbClampTact

[HeadInfo<1>]
IDNUM Head Tact WaitP WaitFeed WaitFeedWork WaitFeedPal Flip MountRcg Turn EmptyTurn MountCount NzlChg SamePick PalChg1 PalChg2 LoadFactorX LoadFactorY
1 1 35.282 1.258 1.062 0.000 0.000 0.000 0.000 10 0 58 0 0 0 0 0.000 0.000
2 2 34.657 1.258 0.540 0.000 0.000 0.000 0.000 9 0 135 0 4 0 0 0.000 0.000

[SimultaneousProduct]
IDNUM Group Sim Lot

[ArrangementGroupProducts]
IDNUM Group Lot SameGroup
320 1 1 0

[ArrangementGroupCondition]
IDNUM CondID Priority
1 101 0
2 1 0
3 2 0
4 3 0
5 4 0
6 5 0
7 6 0
8 7 0
9 8 0
10 9 0
11 10 0
12 102 0

[ArrangementOptions]
TactConsideration=0
TableNumber=0
GroupNumber=0
PatternNumber=5
PartialGrouping=0
OptMode=0

[ArrangementInfo]
FeederSetupNum=0
TableNumber=0
GroupNumber=0

[OptimizeOptions]
ForceArrange=NO
ForceRearrangeTray=NO
SecondAssignPartDiv=YES
PrioritySelect=Mount
NormalBalance=100
FdrSizeLimit=0
ChipSizeSort=0
NzlSizeSort=NO
BlockOpt=NO
StickSameParts=NO
H12TroubleAvoid=NO
OneBlockOpt=NO
OptMode=0
IHSetMode=0
OHSetMode=0
CombiOpt=0
PosEqualDivide=0
SingleUse4mmDF=NO
BoardRecogOrder=0
OptOptions="000011010010000000000000000000000"
CarryoverDiffNum=0
OnlineSetupFeederNum=0
CarryoverNozzleDiffNum=0
CarryoverNozzleBeamMaxNum=0

[OptimizeOptionsPerBeam]
IDNUM Head OptOptions CarryoverDiffNum OnlineSetupFeederNum
1 1 "0000000" 0 0
2 2 "0000000" 0 0

[OptimizerInfo]
COMMENT="33.20.0.143"

