[WaferCassette]
IDNUM NAME SLOTS LowOffset Pitch ChuckPos

[LineInfoData]
IDNUM McNum McMdln McName StartBeam BeamNum Pass SecMntHld PrevMachine NextMachine
1 1 0x52200 "NPM-1" 1 2 0 0 0 3
2 2 0x52200 "NPM-2" 3 2 0 0 3 3
3 3 0x52200 "NPM-3" 5 2 0 0 3 3
4 4 0x52200 "NPM-4" 7 2 0 0 3 3
5 5 0x52200 "NPM-5" 9 2 0 0 3 0

[BeamData]
IDNUM Head NzlChg BulkFdr StickFdr CutUnit Ccamera Camera LeadChk Sensor3D BGACSP SPNzl LoadCntl TrayMagazine DblFdrUse HeadType NzlChgKind NzlSlots NzlBigSlots Flux ConvTime DHHighScan FdrTblType FdrSlots FrameType TraySlots TraySize EjCnv Stage ExConv ExBigNzl Lane SlowDown TM Hs8NzlChg PCBWarpMeasurement HighSpd HeightSensor AutoPinChg ConvLen CustomTray NPMExConvL NPMExConvR ThinTypeSingleFdr TallComp PIP COAXIAL LeadAdjust HeadCamera PcbHolder LCR BackLight PartsBCR CompactCart TrayStocker EnvAdjust GangTkup
1 1 1 0 0 1 1 3 0 0 0 0 0 0 2 28 0 32 0 0 100 0 3 30 0 0 0 0 3 0 0 1 0 0 0 0 0 0 0 0 0 0 1 0 0 0 0 0 1 0 0 0 0 0 0 0 0
2 2 1 0 0 1 1 3 0 0 0 0 0 0 2 28 0 32 0 0 100 0 3 30 0 0 0 0 3 0 0 1 0 0 0 0 0 0 0 0 0 0 1 0 0 0 0 0 1 0 0 0 0 0 0 0 0
3 3 1 0 0 1 1 3 0 0 0 0 0 0 2 28 0 32 0 0 100 0 3 30 0 0 0 0 3 0 0 1 0 0 0 0 0 0 0 0 0 0 1 0 0 0 0 0 1 0 0 0 0 0 0 0 0
4 4 1 0 0 1 1 3 0 0 0 0 0 0 2 28 0 32 0 0 100 0 3 30 0 0 0 0 3 0 0 1 0 0 0 0 0 0 0 0 0 0 1 0 0 0 0 0 1 0 0 0 0 0 0 0 0
5 5 1 0 0 1 1 3 0 0 0 0 0 0 2 28 0 32 0 0 100 0 3 30 0 0 0 0 3 0 0 1 0 0 0 0 0 0 0 0 0 0 1 0 0 0 0 0 1 0 0 0 0 0 0 0 0
6 6 1 0 0 1 1 3 0 0 0 0 0 0 2 28 0 32 0 0 100 0 3 30 0 0 0 0 3 0 0 1 0 0 0 0 0 0 0 0 0 0 1 0 0 0 0 0 1 0 0 0 0 0 0 0 0
7 7 1 0 1 1 1 3 0 0 1 0 0 0 2 31 1 16 0 0 100 0 3 30 0 0 0 0 3 0 0 1 0 0 1 0 0 0 0 0 0 0 1 0 0 0 0 0 1 0 0 0 0 0 0 0 0
8 8 1 0 0 1 1 3 0 0 0 0 0 0 2 28 0 32 0 0 100 0 3 30 0 0 0 0 3 0 0 1 0 0 0 0 0 0 0 0 0 0 1 0 0 0 0 0 1 0 0 0 0 0 0 0 0
9 9 1 0 1 1 1 3 0 1 1 0 1 0 2 34 6 15 0 0 100 0 3 30 0 0 0 0 3 0 0 1 0 4 0 0 0 0 0 0 0 1 1 0 0 0 0 0 1 0 0 0 0 0 0 0 0
10 10 1 0 0 0 1 3 0 1 1 0 1 1 2 34 6 15 0 0 100 0 6 0 0 40 0 0 3 0 0 1 0 4 0 0 0 0 0 0 0 1 1 0 0 0 0 0 1 0 0 0 0 0 0 0 0

[FdrTblMode]
IDNUM Head NowStation FdrTblMode Pass Type TapeCutLength
1 1 2 JOINT NO 0 0
2 2 2 JOINT NO 0 0
3 3 2 JOINT NO 0 0
4 4 2 JOINT NO 0 0
5 5 2 JOINT NO 0 0
6 6 2 JOINT NO 0 0
7 7 2 JOINT NO 0 0
8 8 2 JOINT NO 0 0
9 9 2 JOINT NO 0 0
10 10 2 JOINT NO 0 0

[OptimizeOptionsPerBeam]
IDNUM Head OptOptions CarryoverDiffNum OnlineSetupFeederNum
1 1 "00000" 0 0
2 2 "00000" 0 0
3 3 "00000" 0 0
4 4 "00000" 0 0
5 5 "00000" 0 0
6 6 "00000" 0 0
7 7 "00000" 0 0
8 8 "00000" 0 0
9 9 "00000" 0 0
10 10 "00000" 0 0

[WaferCassetteStock]
IDNUM TABLE CASSETTE

[LotNames]
IDNUM LotNum Lot MCFileName Filter AutoChg BaseChg Lane ProductionID SimProduct DGSPCBName DGSPCBRev DGSPCBSide DGSRefPin C DataGenMode MountHead VSTPath Order TargetTact C2
1048 1 "qned_test" "qned_test" 0 0 0 0 "" 0 "new-5line" "1" "T" "" "" 0 0 "" 0 0 ""

[ArrangementGroupProducts]
IDNUM Group Lot SameGroup
1048 1 1 0

[ArrangementGroupCondValue<1>]
Value1=""
Value2=""
Value3=""
Value4=""
Value5=""
Value6=""
Value7=""
Value8=""
Value9=""
Value10=""

[PartsData]
IDNUM NAME EX LNAME FA FB FC FD FE FF FG FH FI FJ REELS CHIP Shape MCOND DCOND DCOND2 ICOND SKIP A PACK PACKB SSIZE RETRY ESTOP ThrowAway LandA LandB LandC LandD PreSend NoArrange Proved UsePeriod C CoverSize Teach C2 RETRYCOUNT ESTOPCOUNT RETRYCOUNT2 SICOND HRMCOND HPICOND SL InCOND FeederEX MSD NPI LCR REELTYPECHG FEEDLENCHG SpliceFlag SpliceLength PUSH BCD WaferPUCOND WAFER SpliceDetectRemain JointChkRemain JointUnpassedRemain AdhCoverTape
1 "0CC100BKF1A" 0 "ohm" 302161 302481 337561 338361 350961 0 0 0 0 0 1 0 1 1 0 0 0 0 0.000 0 0 0 3 3 0 0 0 0 0 0 0 0 0 "C1005_T0.5" 0 2 "" 0 3 1 0 0 0 "" 0 0 0 0 0 0 0 0 0 0 0 0 0 0.000 0.000 0.000 0
2 "0CC103BK5BA" 0 "ohm" 302161 302481 337561 338361 350961 0 0 0 0 0 1 0 2 2 0 0 0 0 0.000 0 0 0 3 3 0 0 0 0 0 0 0 0 0 "C1005_T0.5" 0 2 "" 0 3 1 0 0 0 "" 0 0 0 0 0 0 0 0 0 0 0 0 0 0.000 0.000 0.000 0
3 "0CC151BK41A" 0 "ohm" 302161 302481 337561 338361 350961 0 0 0 0 0 1 0 3 3 0 0 0 0 0.000 0 0 0 3 3 0 0 0 0 0 0 0 0 0 "C1005_T0.5" 0 2 "" 0 3 1 0 0 0 "" 0 0 0 0 0 0 0 0 0 0 0 0 0 0.000 0.000 0.000 0
4 "0CH1474K562" 0 "ohm" 302162 302482 337562 338362 350962 0 0 0 0 0 1 1 4 4 0 0 0 0 0.000 90 0 0 3 3 0 0 0 0 0 0 0 0 0 "C1608_t0.8" 0 2 "" 0 3 1 0 0 0 "" 0 0 0 0 0 0 0 0 0 0 0 0 0 0.000 0.000 0.000 0
5 "0CH5470K618" 0 "ohm" 302161 302481 337561 338361 350961 0 0 0 0 0 1 0 5 5 0 0 0 0 0.000 0 0 0 3 3 0 0 0 0 0 0 0 0 0 "C1005_T0.5" 0 2 "" 0 3 1 0 0 0 "" 0 0 0 0 0 0 0 0 0 0 0 0 0 0.000 0.000 0.000 0
6 "0CK101BK4EA" 0 "ohm" 302161 302481 337561 338361 350961 0 0 0 0 0 1 0 6 6 0 0 0 0 0.000 0 0 0 3 3 0 0 0 0 0 0 0 0 0 "C1005_T0.5" 0 2 "" 0 3 1 0 0 0 "" 0 0 0 0 0 0 0 0 0 0 0 0 0 0.000 0.000 0.000 0
7 "0CK102BK56A" 0 "ohm" 302161 302481 337561 338361 350961 0 0 0 0 0 1 0 7 7 0 0 0 0 0.000 0 0 0 3 3 0 0 0 0 0 0 0 0 0 "C1005_T0.5" 0 2 "" 0 3 1 0 0 0 "" 0 0 0 0 0 0 0 0 0 0 0 0 0 0.000 0.000 0.000 0
8 "0CK104BF56A" 0 "ohm" 302161 302481 337561 338361 350961 0 0 0 0 0 6 0 8 8 0 0 0 0 0.000 0 0 0 3 3 0 0 0 0 0 0 0 0 0 "C1005_T0.5" 0 2 "" 0 3 1 0 0 0 "" 0 0 0 0 0 0 0 0 0 0 0 0 0 0.000 0.000 0.000 0
9 "0CK104CK56A" 0 "ohm" 302162 302482 337562 338362 350962 0 0 0 0 0 1 2 9 9 0 0 0 0 0.000 90 0 0 3 3 0 0 0 0 0 0 0 0 0 "C1608_t0.8" 0 2 "" 0 3 1 0 0 0 "" 0 0 0 0 0 0 0 0 0 0 0 0 0 0.000 0.000 0.000 0
10 "0CK105CD56A" 0 "ohm" 302162 302482 337562 338362 350962 0 0 0 0 0 1 3 10 10 0 0 0 0 0.000 90 0 0 3 3 0 0 0 0 0 0 0 0 0 "C1608_t0.8" 0 2 "" 0 3 1 0 0 0 "" 0 0 0 0 0 0 0 0 0 0 0 0 0 0.000 0.000 0.000 0
11 "0CK475DD56A" 0 "ohm" 302182 302502 337582 338382 0 0 0 0 0 0 1 0 11 11 0 0 0 0 0.000 0 0 0 3 3 0 0 0 0 0 0 0 0 0 "C2012_T1.25" 0 2 "" 0 3 1 0 0 0 "" 0 0 0 0 0 0 0 0 0 0 0 0 0 0.000 0.000 0.000 0
12 "0CZZB00024A" 0 "ohm" 302161 302481 337561 338361 350961 0 0 0 0 0 1 0 12 12 0 0 0 0 0.000 0 0 0 3 3 0 0 0 0 0 0 0 0 0 "C1005_T0.5" 0 2 "" 0 3 1 0 0 0 "" 0 0 0 0 0 0 0 0 0 0 0 0 0 0.000 0.000 0.000 0
13 "0CZZB00035A" 0 "ohm" 302161 302481 337561 338361 350961 0 0 0 0 0 1 0 13 13 0 0 0 0 0.000 0 0 0 3 3 0 0 0 0 0 0 0 0 0 "C1005_T0.5" 0 2 "" 0 3 1 0 0 0 "" 0 0 0 0 0 0 0 0 0 0 0 0 0 0.000 0.000 0.000 0
15 "0RJ0000C678" 0 "ohm" 302161 302481 337561 338361 350961 0 0 0 0 0 3 0 15 15 0 0 0 0 0.000 0 0 0 3 3 0 0 0 0 0 0 0 0 0 "R1005_T0.35" 0 2 "" 0 3 1 0 0 0 "" 0 0 0 0 0 0 0 0 0 0 0 0 0 0.000 0.000 0.000 0
16 "0RJ0000D677" 0 "ohm" 302162 302482 337562 338362 350962 360092 361092 0 0 0 1 4 16 16 0 0 0 0 0.000 90 0 0 3 3 0 0 0 0 0 0 0 0 0 "R1608_T0.45" 0 2 "" 0 3 1 0 0 0 "" 0 0 0 0 0 0 0 0 0 0 0 0 0 0.000 0.000 0.000 0
17 "0RJ0222C678" 0 "ohm" 302161 302481 337561 338361 350961 0 0 0 0 0 1 0 17 17 0 0 0 0 0.000 0 0 0 3 3 0 0 0 0 0 0 0 0 0 "R1005_T0.35" 0 2 "" 0 3 1 0 0 0 "" 0 0 0 0 0 0 0 0 0 0 0 0 0 0.000 0.000 0.000 0
18 "0RJ0332C678" 0 "ohm" 302161 302481 337561 338361 350961 0 0 0 0 0 1 0 18 18 0 0 0 0 0.000 0 0 0 3 3 0 0 0 0 0 0 0 0 0 "R1005_T0.35" 0 2 "" 0 3 1 0 0 0 "" 0 0 0 0 0 0 0 0 0 0 0 0 0 0.000 0.000 0.000 0
19 "0RJ0512C678" 0 "ohm" 302161 302481 337561 338361 350961 0 0 0 0 0 1 0 19 19 0 0 0 0 0.000 0 0 0 3 3 0 0 0 0 0 0 0 0 0 "R1005_T0.35" 0 2 "" 0 3 1 0 0 0 "" 0 0 0 0 0 0 0 0 0 0 0 0 0 0.000 0.000 0.000 0
20 "0RJ1000C478" 0 "ohm" 302161 302481 337561 338361 350961 0 0 0 0 0 1 0 20 20 0 0 0 0 0.000 0 0 0 3 3 0 0 0 0 0 0 0 0 0 "R1005_T0.35" 0 2 "" 0 3 1 0 0 0 "" 0 0 0 0 0 0 0 0 0 0 0 0 0 0.000 0.000 0.000 0
21 "0RJ1000C678" 0 "ohm" 302161 302481 337561 338361 350961 0 0 0 0 0 3 0 21 21 0 0 0 0 0.000 0 0 0 3 3 0 0 0 0 0 0 0 0 0 "R1005_T0.35" 0 2 "" 0 3 1 0 0 0 "" 0 0 0 0 0 0 0 0 0 0 0 0 0 0.000 0.000 0.000 0
22 "0RJ1001C678" 0 "ohm" 302161 302481 337561 338361 350961 0 0 0 0 0 1 0 22 22 0 0 0 0 0.000 0 0 0 3 3 0 0 0 0 0 0 0 0 0 "R1005_T0.35" 0 2 "" 0 3 1 0 0 0 "" 0 0 0 0 0 0 0 0 0 0 0 0 0 0.000 0.000 0.000 0
23 "0RJ1001E478" 0 "ohm" 302161 302481 337561 338361 350961 0 0 0 0 0 1 0 23 23 0 0 0 0 0.000 0 0 0 3 3 0 0 0 0 0 0 0 0 0 "R1005_T0.35" 0 2 "" 0 3 1 0 0 0 "" 0 0 0 0 0 0 0 0 0 0 0 0 0 0.000 0.000 0.000 0
24 "0RJ1002C478" 0 "ohm" 302161 302481 337561 338361 350961 0 0 0 0 0 1 0 24 24 0 0 0 0 0.000 0 0 0 3 3 0 0 0 0 0 0 0 0 0 "R1005_T0.35" 0 2 "" 0 3 1 0 0 0 "" 0 0 0 0 0 0 0 0 0 0 0 0 0 0.000 0.000 0.000 0
25 "0RJ1002C678" 0 "ohm" 302161 302481 337561 338361 350961 0 0 0 0 0 3 0 25 25 0 0 0 0 0.000 0 0 0 3 3 0 0 0 0 0 0 0 0 0 "R1005_T0.35" 0 2 "" 0 3 1 0 0 0 "" 0 0 0 0 0 0 0 0 0 0 0 0 0 0.000 0.000 0.000 0
26 "0RJ1003C678" 0 "ohm" 302161 302481 337561 338361 350961 0 0 0 0 0 1 0 26 26 0 0 0 0 0.000 0 0 0 3 3 0 0 0 0 0 0 0 0 0 "R1005_T0.35" 0 2 "" 0 3 1 0 0 0 "" 0 0 0 0 0 0 0 0 0 0 0 0 0 0.000 0.000 0.000 0
27 "0RJ1801C678" 0 "ohm" 302161 302481 337561 338361 350961 0 0 0 0 0 1 0 27 27 0 0 0 0 0.000 0 0 0 3 3 0 0 0 0 0 0 0 0 0 "R1005_T0.35" 0 2 "" 0 3 1 0 0 0 "" 0 0 0 0 0 0 0 0 0 0 0 0 0 0.000 0.000 0.000 0
28 "0RJ2000D677" 0 "ohm" 302162 302482 337562 338362 350962 360092 361092 0 0 0 1 5 28 28 0 0 0 0 0.000 90 0 0 3 3 0 0 0 0 0 0 0 0 0 "R1608_T0.45" 0 2 "" 0 3 1 0 0 0 "" 0 0 0 0 0 0 0 0 0 0 0 0 0 0.000 0.000 0.000 0
29 "0RJ2201C678" 0 "ohm" 302161 302481 337561 338361 350961 0 0 0 0 0 1 0 29 29 0 0 0 0 0.000 0 0 0 3 3 0 0 0 0 0 0 0 0 0 "R1005_T0.35" 0 2 "" 0 3 1 0 0 0 "" 0 0 0 0 0 0 0 0 0 0 0 0 0 0.000 0.000 0.000 0
30 "0RJ2202C478" 0 "ohm" 302161 302481 337561 338361 350961 0 0 0 0 0 1 0 30 30 0 0 0 0 0.000 0 0 0 3 3 0 0 0 0 0 0 0 0 0 "R1005_T0.35" 0 2 "" 0 3 1 0 0 0 "" 0 0 0 0 0 0 0 0 0 0 0 0 0 0.000 0.000 0.000 0
31 "0RJ2400C478" 0 "ohm" 302161 302481 337561 338361 350961 0 0 0 0 0 1 0 31 31 0 0 0 0 0.000 0 0 0 3 3 0 0 0 0 0 0 0 0 0 "R1005_T0.35" 0 2 "" 0 3 1 0 0 0 "" 0 0 0 0 0 0 0 0 0 0 0 0 0 0.000 0.000 0.000 0
32 "0RJ2402C478" 0 "ohm" 302161 302481 337561 338361 350961 0 0 0 0 0 1 0 32 32 0 0 0 0 0.000 0 0 0 3 3 0 0 0 0 0 0 0 0 0 "R1005_T0.35" 0 2 "" 0 3 1 0 0 0 "" 0 0 0 0 0 0 0 0 0 0 0 0 0 0.000 0.000 0.000 0
33 "0RJ3002C478" 0 "ohm" 302161 302481 337561 338361 350961 0 0 0 0 0 1 0 33 33 0 0 0 0 0.000 0 0 0 3 3 0 0 0 0 0 0 0 0 0 "R1005_T0.35" 0 2 "" 0 3 1 0 0 0 "" 0 0 0 0 0 0 0 0 0 0 0 0 0 0.000 0.000 0.000 0
34 "0RJ4701C678" 0 "ohm" 302161 302481 337561 338361 350961 0 0 0 0 0 2 0 34 34 0 0 0 0 0.000 0 0 0 3 3 0 0 0 0 0 0 0 0 0 "R1005_T0.35" 0 2 "" 0 3 1 0 0 0 "" 0 0 0 0 0 0 0 0 0 0 0 0 0 0.000 0.000 0.000 0
35 "0RJ4702C478" 0 "ohm" 302161 302481 337561 338361 350961 0 0 0 0 0 1 0 35 35 0 0 0 0 0.000 0 0 0 3 3 0 0 0 0 0 0 0 0 0 "R1005_T0.35" 0 2 "" 0 3 1 0 0 0 "" 0 0 0 0 0 0 0 0 0 0 0 0 0 0.000 0.000 0.000 0
36 "0RJ4702C678" 0 "ohm" 302161 302481 337561 338361 350961 0 0 0 0 0 1 0 36 36 0 0 0 0 0.000 0 0 0 3 3 0 0 0 0 0 0 0 0 0 "R1005_T0.35" 0 2 "" 0 3 1 0 0 0 "" 0 0 0 0 0 0 0 0 0 0 0 0 0 0.000 0.000 0.000 0
37 "0RJ5102C478" 0 "ohm" 302161 302481 337561 338361 350961 0 0 0 0 0 1 0 37 37 0 0 0 0 0.000 0 0 0 3 3 0 0 0 0 0 0 0 0 0 "R1005_T0.35" 0 2 "" 0 3 1 0 0 0 "" 0 0 0 0 0 0 0 0 0 0 0 0 0 0.000 0.000 0.000 0
38 "0RJ6801C478" 0 "ohm" 302161 302481 337561 338361 350961 0 0 0 0 0 1 0 38 38 0 0 0 0 0.000 0 0 0 3 3 0 0 0 0 0 0 0 0 0 "R1005_T0.35" 0 2 "" 0 3 1 0 0 0 "" 0 0 0 0 0 0 0 0 0 0 0 0 0 0.000 0.000 0.000 0
39 "EAE32166101" 0 "ohm" 302161 302481 337561 338361 350961 0 0 0 0 0 1 0 39 39 0 0 0 0 0.000 0 0 0 3 3 0 0 0 0 0 0 0 0 0 "C1005_T0.5" 0 2 "" 0 3 1 0 0 0 "" 0 0 0 0 0 0 0 0 0 0 0 0 0 0.000 0.000 0.000 0
40 "EAE52158501" 0 "ohm" 302182 302502 337582 338382 0 0 0 0 0 0 5 0 40 40 0 0 0 0 0.000 0 0 0 3 3 0 0 0 0 0 0 0 0 0 "C2012_T1.25" 0 2 "" 0 3 1 0 0 0 "" 0 0 0 0 0 0 0 0 0 0 0 0 0 0.000 0.000 0.000 0
41 "EAE62303301" 0 "ohm" 302162 302482 337562 338362 350962 0 0 0 0 0 1 6 41 41 0 0 0 0 0.000 90 0 0 3 3 0 0 0 0 0 0 0 0 0 "C1608_t0.8" 0 2 "" 0 3 1 0 0 0 "" 0 0 0 0 0 0 0 0 0 0 0 0 0 0.000 0.000 0.000 0
44 "EAH61433701" 0 "ohm" 302182 302502 337582 338382 0 0 0 0 0 0 1 0 44 44 0 0 0 0 90.000 0 0 0 3 3 0 0 0 0 0 0 0 0 0 "MINI TR 3PIN" 0 2 "" 0 3 1 0 0 0 "" 0 0 0 0 0 0 0 0 0 0 0 0 0 0.000 0.000 0.000 0
45 "EAM38769505" 0 "ohm" 302162 302482 337562 338362 350962 0 0 0 0 0 1 0 45 45 0 0 0 0 0.000 0 0 0 3 3 0 0 0 0 0 0 0 0 0 "C2012_T0.85" 0 2 "0" 0 3 1 0 0 0 "" 0 0 0 0 0 0 0 0 0 0 0 0 0 0.000 0.000 0.000 0
46 "EBK61012601" 0 "ohm" 302182 302502 337582 338382 0 0 0 0 0 0 1 0 46 46 0 0 0 0 90.000 0 0 0 3 3 0 0 0 0 0 0 0 0 0 "MINI TR 3PIN" 0 2 "" 0 3 1 0 0 0 "" 0 0 0 0 0 0 0 0 0 0 0 0 0 0.000 0.000 0.000 0
47 "0CK104BH56A" 0 "ohm" 302161 302481 337561 338361 350961 0 0 0 0 0 2 0 47 47 0 0 0 0 0.000 0 0 0 3 3 0 0 0 0 0 0 0 0 0 "C1005_T0.5" 0 2 "" 0 3 1 0 0 0 "" 0 0 0 0 0 0 0 0 0 0 0 0 0 0.000 0.000 0.000 0
48 "0CK105CK56A" 0 "ohm" 302162 302482 337562 338362 350962 0 0 0 0 0 1 7 48 48 0 0 0 0 0.000 90 0 0 3 3 0 0 0 0 0 0 0 0 0 "C1608_t0.8" 0 2 "" 0 3 1 0 0 0 "" 0 0 0 0 0 0 0 0 0 0 0 0 0 0.000 0.000 0.000 0
49 "0CK331BKFDA" 0 "ohm" 302161 302481 337561 338361 350961 0 0 0 0 0 1 0 49 49 0 0 0 0 0.000 0 0 0 3 3 0 0 0 0 0 0 0 0 0 "C1005_T0.5" 0 2 "" 0 3 1 0 0 0 "" 0 0 0 0 0 0 0 0 0 0 0 0 0 0.000 0.000 0.000 0
50 "0RJ0472C678" 0 "ohm" 302161 302481 337561 338361 350961 0 0 0 0 0 1 0 50 50 0 0 0 0 0.000 0 0 0 3 3 0 0 0 0 0 0 0 0 0 "R1005_T0.35" 0 2 "" 0 3 1 0 0 0 "" 0 0 0 0 0 0 0 0 0 0 0 0 0 0.000 0.000 0.000 0
51 "0RJ0682C678" 0 "ohm" 302161 302481 337561 338361 350961 0 0 0 0 0 1 0 51 51 0 0 0 0 0.000 0 0 0 3 3 0 0 0 0 0 0 0 0 0 "R1005_T0.35" 0 2 "" 0 3 1 0 0 0 "" 0 0 0 0 0 0 0 0 0 0 0 0 0 0.000 0.000 0.000 0
52 "0RJ1003C478" 0 "ohm" 302161 302481 337561 338361 350961 0 0 0 0 0 1 0 52 52 0 0 0 0 0.000 0 0 0 3 3 0 0 0 0 0 0 0 0 0 "R1005_T0.35" 0 2 "" 0 3 1 0 0 0 "" 0 0 0 0 0 0 0 0 0 0 0 0 0 0.000 0.000 0.000 0
53 "0RJ1004C478" 0 "ohm" 302161 302481 337561 338361 350961 0 0 0 0 0 1 0 53 53 0 0 0 0 0.000 0 0 0 3 3 0 0 0 0 0 0 0 0 0 "R1005_T0.35" 0 2 "" 0 3 1 0 0 0 "" 0 0 0 0 0 0 0 0 0 0 0 0 0 0.000 0.000 0.000 0
54 "0RJ1202C478" 0 "ohm" 302161 302481 337561 338361 350961 0 0 0 0 0 1 0 54 54 0 0 0 0 0.000 0 0 0 3 3 0 0 0 0 0 0 0 0 0 "R1005_T0.35" 0 2 "" 0 3 1 0 0 0 "" 0 0 0 0 0 0 0 0 0 0 0 0 0 0.000 0.000 0.000 0
55 "0RJ1203C478" 0 "ohm" 302161 302481 337561 338361 350961 0 0 0 0 0 1 0 55 55 0 0 0 0 0.000 0 0 0 3 3 0 0 0 0 0 0 0 0 0 "R1005_T0.35" 0 2 "" 0 3 1 0 0 0 "" 0 0 0 0 0 0 0 0 0 0 0 0 0 0.000 0.000 0.000 0
56 "0RJ1502C478" 0 "ohm" 302161 302481 337561 338361 350961 0 0 0 0 0 1 0 56 56 0 0 0 0 0.000 0 0 0 3 3 0 0 0 0 0 0 0 0 0 "R1005_T0.35" 0 2 "" 0 3 1 0 0 0 "" 0 0 0 0 0 0 0 0 0 0 0 0 0 0.000 0.000 0.000 0
57 "0RJ2202C678" 0 "ohm" 302161 302481 337561 338361 350961 0 0 0 0 0 1 0 57 57 0 0 0 0 0.000 0 0 0 3 3 0 0 0 0 0 0 0 0 0 "R1005_T0.35" 0 2 "" 0 3 1 0 0 0 "" 0 0 0 0 0 0 0 0 0 0 0 0 0 0.000 0.000 0.000 0
58 "0RJ3301C678" 0 "ohm" 302161 302481 337561 338361 350961 0 0 0 0 0 1 0 58 58 0 0 0 0 0.000 0 0 0 3 3 0 0 0 0 0 0 0 0 0 "R1005_T0.35" 0 2 "" 0 3 1 0 0 0 "" 0 0 0 0 0 0 0 0 0 0 0 0 0 0.000 0.000 0.000 0
59 "0RJ3302C478" 0 "ohm" 302161 302481 337561 338361 350961 0 0 0 0 0 1 0 59 59 0 0 0 0 0.000 0 0 0 3 3 0 0 0 0 0 0 0 0 0 "R1005_T0.35" 0 2 "" 0 3 1 0 0 0 "" 0 0 0 0 0 0 0 0 0 0 0 0 0 0.000 0.000 0.000 0
61 "0RJ8201C478" 0 "ohm" 302161 302481 337561 338361 350961 0 0 0 0 0 1 0 61 61 0 0 0 0 0.000 0 0 0 3 3 0 0 0 0 0 0 0 0 0 "R1005_T0.35" 0 2 "" 0 3 1 0 0 0 "" 0 0 0 0 0 0 0 0 0 0 0 0 0 0.000 0.000 0.000 0
62 "EAE61081701" 0 "ohm" 302182 302502 337582 338382 0 0 0 0 0 0 2 0 62 62 0 0 0 0 0.000 0 0 0 3 3 0 0 0 0 0 0 0 0 0 "C3216_T1.6" 0 2 "" 0 3 1 0 0 0 "" 0 0 0 0 0 0 0 0 0 0 0 0 0 0.000 0.000 0.000 0
63 "EAM32500203" 0 "ohm" 302162 302482 337562 338362 350962 0 0 0 0 0 1 8 63 63 0 0 0 0 0.000 90 0 0 3 3 0 0 0 0 0 0 0 0 0 "C1608_t0.8" 0 2 "" 0 3 1 0 0 0 "" 0 0 0 0 0 0 0 0 0 0 0 0 0 0.000 0.000 0.000 0
64 "EBC32176201" 0 "ohm" 302161 302481 337561 338361 350961 0 0 0 0 0 1 0 64 64 0 0 0 0 0.000 0 0 0 3 3 0 0 0 0 0 0 0 0 0 "R1005_T0.35" 0 2 "" 0 3 1 0 0 0 "" 0 0 0 0 0 0 0 0 0 0 0 0 0 0.000 0.000 0.000 0
65 "EBC41607701" 0 "ohm" 302161 302481 337561 338361 350961 0 0 0 0 0 1 0 65 65 0 0 0 0 0.000 0 0 0 3 3 0 0 0 0 0 0 0 0 0 "R1005_T0.35" 0 2 "" 0 3 1 0 0 0 "" 0 0 0 0 0 0 0 0 0 0 0 0 0 0.000 0.000 0.000 0
66 "0CH5220K618" 0 "ohm" 302161 302481 337561 338361 350961 0 0 0 0 0 1 0 66 66 0 0 0 0 0.000 0 0 0 3 3 0 0 0 0 0 0 0 0 0 "C1005_T0.5" 0 2 "" 0 3 1 0 0 0 "" 0 0 0 0 0 0 0 0 0 0 0 0 0 0.000 0.000 0.000 0
68 "0RJ2002C478" 0 "ohm" 302161 302481 337561 338361 350961 0 0 0 0 0 1 0 68 68 0 0 0 0 0.000 0 0 0 3 3 0 0 0 0 0 0 0 0 0 "R1005_T0.35" 0 2 "" 0 3 1 0 0 0 "" 0 0 0 0 0 0 0 0 0 0 0 0 0 0.000 0.000 0.000 0
69 "0RJ2701C478" 0 "ohm" 302161 302481 337561 338361 350961 0 0 0 0 0 1 0 69 69 0 0 0 0 0.000 0 0 0 3 3 0 0 0 0 0 0 0 0 0 "R1005_T0.35" 0 2 "" 0 3 1 0 0 0 "" 0 0 0 0 0 0 0 0 0 0 0 0 0 0.000 0.000 0.000 0
70 "EBC32260401" 0 "ohm" 302161 302481 337561 338361 350961 0 0 0 0 0 1 0 70 70 0 0 0 0 0.000 0 0 0 3 3 0 0 0 0 0 0 0 0 0 "ARRAY2010_T0.35" 0 2 "" 0 3 1 0 0 0 "" 0 0 0 0 0 0 0 0 0 0 0 0 0 0.000 0.000 0.000 0
71 "0CK222BKG6A" 0 "ohm" 302161 302481 337561 338361 350961 0 0 0 0 0 1 0 71 71 0 0 0 0 0.000 0 0 0 3 3 0 0 0 0 0 0 0 0 0 "C1005_T0.5" 0 2 "" 0 3 1 0 0 0 "" 0 0 0 0 0 0 0 0 0 0 0 0 0 0.000 0.000 0.000 0
72 "0RJ0332C478" 0 "ohm" 302161 302481 337561 338361 350961 0 0 0 0 0 1 0 72 72 0 0 0 0 0.000 0 0 0 3 3 0 0 0 0 0 0 0 0 0 "R1005_T0.35" 0 2 "" 0 3 1 0 0 0 "" 0 0 0 0 0 0 0 0 0 0 0 0 0 0.000 0.000 0.000 0
73 "0RJ2702C478" 0 "ohm" 302161 302481 337561 338361 350961 0 0 0 0 0 1 0 73 73 0 0 0 0 0.000 0 0 0 3 3 0 0 0 0 0 0 0 0 0 "R1005_T0.35" 0 2 "" 0 3 1 0 0 0 "" 0 0 0 0 0 0 0 0 0 0 0 0 0 0.000 0.000 0.000 0
74 "EAE33831901" 0 "ohm" 302182 302502 337582 338382 0 0 0 0 0 0 1 0 74 74 0 0 0 0 0.000 0 0 0 3 3 0 0 0 0 0 0 0 0 0 "C2012_T1.25" 0 2 "" 0 3 1 0 0 0 "" 0 0 0 0 0 0 0 0 0 0 0 0 0 0.000 0.000 0.000 0
75 "0RJ6801C678" 0 "ohm" 302161 302481 337561 338361 350961 0 0 0 0 0 1 0 75 75 0 0 0 0 0.000 0 0 0 3 3 0 0 0 0 0 0 0 0 0 "R1005_T0.35" 0 2 "" 0 3 1 0 0 0 "" 0 0 0 0 0 0 0 0 0 0 0 0 0 0.000 0.000 0.000 0
76 "0RJ0221C678" 0 "ohm" 302161 302481 337561 338361 350961 0 0 0 0 0 1 0 76 76 0 0 0 0 0.000 0 0 0 3 3 0 0 0 0 0 0 0 0 0 "R1005_T0.35" 0 2 "" 0 3 1 0 0 0 "" 0 0 0 0 0 0 0 0 0 0 0 0 0 0.000 0.000 0.000 0
77 "0RJ1402C478" 0 "ohm" 302161 302481 337561 338361 350961 0 0 0 0 0 1 0 77 77 0 0 0 0 0.000 0 0 0 3 3 0 0 0 0 0 0 0 0 0 "R1005_T0.35" 0 2 "" 0 3 1 0 0 0 "" 0 0 0 0 0 0 0 0 0 0 0 0 0 0.000 0.000 0.000 0
78 "0RJ3301D677" 0 "ohm" 302162 302482 337562 338362 350962 360092 361092 0 0 0 1 9 78 78 0 0 0 0 0.000 90 0 0 3 3 0 0 0 0 0 0 0 0 0 "R1608_T0.45" 0 2 "" 0 3 1 0 0 0 "" 0 0 0 0 0 0 0 0 0 0 0 0 0 0.000 0.000 0.000 0
79 "0RJ6201C478" 0 "ohm" 302161 302481 337561 338361 350961 0 0 0 0 0 1 0 79 79 0 0 0 0 0.000 0 0 0 3 3 0 0 0 0 0 0 0 0 0 "R1005_T0.35" 0 2 "" 0 3 1 0 0 0 "" 0 0 0 0 0 0 0 0 0 0 0 0 0 0.000 0.000 0.000 0
80 "0TR390609DC" 0 "ohm" 302182 302502 337582 338382 0 0 0 0 0 0 1 0 80 80 0 0 0 0 90.000 0 0 0 3 3 0 0 0 0 0 0 0 0 0 "MINI TR 3PIN" 0 2 "" 0 3 1 0 0 0 "" 0 0 0 0 0 0 0 0 0 0 0 0 0 0.000 0.000 0.000 0
83 "EBC62582701" 0 "ohm" 302161 302481 337561 338361 350961 0 0 0 0 0 1 0 83 83 0 0 0 0 0.000 0 0 0 3 3 0 0 0 0 0 0 0 0 0 "ARRAY1010_T0.32" 0 2 "" 0 3 1 0 0 0 "" 0 0 0 0 0 0 0 0 0 0 0 0 0 0.000 0.000 0.000 0
84 "EBC62582702" 0 "ohm" 302161 302481 337561 338361 350961 0 0 0 0 0 1 0 84 84 0 0 0 0 0.000 0 0 0 3 3 0 0 0 0 0 0 0 0 0 "ARRAY1010_T0.32" 0 2 "" 0 3 1 0 0 0 "" 0 0 0 0 0 0 0 0 0 0 0 0 0 0.000 0.000 0.000 0
85 "EBC62582703" 0 "ohm" 302161 302481 337561 338361 350961 0 0 0 0 0 1 0 85 85 0 0 0 0 0.000 0 0 0 3 3 0 0 0 0 0 0 0 0 0 "ARRAY1010_T0.32" 0 2 "" 0 3 1 0 0 0 "" 0 0 0 0 0 0 0 0 0 0 0 0 0 0.000 0.000 0.000 0
86 "EAN62871401" 0 "ohm" 302182 302502 337582 338382 0 0 0 0 0 0 1 0 86 86 0 0 0 0 90.000 0 0 0 3 3 0 0 0 0 0 0 0 0 0 "minitr_6P" 0 2 "" 0 1 1 0 0 0 "" 0 0 0 0 0 0 0 0 0 0 0 0 0 0.000 0.000 0.000 0
87 "EAN62945801" 0 "ohm" 302182 302502 337582 338382 0 0 0 0 0 0 1 0 87 87 0 0 0 0 90.000 0 0 0 3 3 0 0 0 0 0 0 0 0 0 "MINI TR 3PIN" 0 2 "" 0 1 1 0 0 0 "" 0 0 0 0 0 0 0 0 0 0 0 0 0 0.000 0.000 0.000 0
89 "EBK61913702" 0 "ohm" 302182 302502 337582 338382 0 0 0 0 0 0 1 0 89 89 0 0 0 0 90.000 0 0 0 3 3 0 0 0 0 0 0 0 0 0 "minitr-3pin" 0 2 "" 0 3 1 0 0 0 "" 0 0 0 0 0 0 0 0 0 0 0 0 0 0.000 0.000 0.000 0
90 "0DTKE00018A" 0 "ohm" 302182 302502 337582 338382 0 0 0 0 0 0 1 0 90 90 0 0 0 0 0.000 0 0 0 3 3 0 0 0 0 0 0 0 0 0 "sminidiode-2pin" 0 2 "" 0 3 1 0 0 0 "" 0 0 0 0 0 0 0 0 0 0 0 0 0 0.000 0.000 0.000 0
91 "EBC62582706" 0 "ohm" 302161 302481 337561 338361 350961 0 0 0 0 0 1 0 91 91 0 0 0 0 0.000 0 0 0 3 3 0 0 0 0 0 0 0 0 0 "ARRAY1010_T0.35" 0 2 "" 0 3 1 0 0 0 "" 0 0 0 0 0 0 0 0 0 0 0 0 0 0.000 0.000 0.000 0
92 "EBC62798406" 0 "ohm" 302161 302481 337561 338361 350961 0 0 0 0 0 1 0 92 92 0 0 0 0 0.000 0 0 0 3 3 0 0 0 0 0 0 0 0 0 "ARRAY2010_T0.35" 0 2 "" 0 3 1 0 0 0 "" 0 0 0 0 0 0 0 0 0 0 0 0 0 0.000 0.000 0.000 0
94 "ERHY0000124" 0 "ohm" 302161 302481 337561 338361 350961 0 0 0 0 0 1 0 94 94 0 0 0 0 0.000 0 0 0 3 3 0 0 0 0 0 0 0 0 0 "R1005_T0.35" 0 2 "" 0 3 1 0 0 0 "" 0 0 0 0 0 0 0 0 0 0 0 0 0 0.000 0.000 0.000 0
95 "MDS65793801" 0 "ohm" 302822 0 0 0 0 0 0 0 0 0 1 0 95 95 0 0 0 0 0.000 0 0 0 3 3 0 0 0 0 0 0 0 0 0 "Gasket_3t" 0 2 "" 0 2 1 0 0 0 "" 0 0 0 0 0 0 1 0 0 0 0 0 0 0.000 0.000 0.000 0
97 "0RJ0752C478" 0 "ohm" 302161 302481 337561 338361 350961 0 0 0 0 0 1 0 97 97 0 0 0 0 0.000 0 0 0 3 3 0 0 0 0 0 0 0 0 0 "R1005_T0.35" 0 2 "" 0 3 1 0 0 0 "" 0 0 0 0 0 0 0 0 0 0 0 0 0 0.000 0.000 0.000 0
98 "0RJ1201C678" 0 "ohm" 302161 302481 337561 338361 350961 0 0 0 0 0 1 0 98 98 0 0 0 0 0.000 0 0 0 3 3 0 0 0 0 0 0 0 0 0 "R1005_T0.35" 0 2 "" 0 3 1 0 0 0 "" 0 0 0 0 0 0 0 0 0 0 0 0 0 0.000 0.000 0.000 0
100 "EBC32260601" 0 "ohm" 302161 302481 337561 338361 350961 0 0 0 0 0 1 0 100 100 0 0 0 0 0.000 0 0 0 3 3 0 0 0 0 0 0 0 0 0 "ARRAY2010_T0.35" 0 2 "" 0 3 1 0 0 0 "" 0 0 0 0 0 0 0 0 0 0 0 0 0 0.000 0.000 0.000 0
101 "0CK272BKF6A" 0 "ohm" 302161 302481 337561 338361 350961 0 0 0 0 0 1 0 101 101 0 0 0 0 0.000 0 0 0 3 3 0 0 0 0 0 0 0 0 0 "C1005_T0.5" 0 2 "" 0 3 1 0 0 0 "" 0 0 0 0 0 0 0 0 0 0 0 0 0 0.000 0.000 0.000 0
102 "0RJ0471C678" 0 "ohm" 302161 302481 337561 338361 350961 0 0 0 0 0 1 0 102 102 0 0 0 0 0.000 0 0 0 3 3 0 0 0 0 0 0 0 0 0 "R1005_T0.35" 0 2 "" 0 3 1 0 0 0 "" 0 0 0 0 0 0 0 0 0 0 0 0 0 0.000 0.000 0.000 0
103 "EAF61630102" 0 "ohm" 302161 302481 337561 338361 350961 0 0 0 0 0 1 0 103 103 0 0 0 0 0.000 0 0 0 3 3 0 0 0 0 0 0 0 0 0 "C1005_T0.5" 0 2 "" 0 3 1 0 0 0 "" 0 0 0 0 0 0 0 0 0 0 0 0 0 0.000 0.000 0.000 0
104 "EAF61530102" 0 "ohm" 302161 302481 337561 338361 350961 0 0 0 0 0 1 0 104 104 0 0 0 0 0.000 0 0 0 3 3 0 0 0 0 0 0 0 0 0 "C1005_T0.5" 0 2 "" 0 3 1 0 0 0 "" 0 0 0 0 0 0 0 0 0 0 0 0 0 0.000 0.000 0.000 0
107 "0RJ3301C478" 0 "ohm" 302161 302481 337561 338361 350961 0 0 0 0 0 1 0 107 107 0 0 0 0 0.000 0 0 0 3 3 0 0 0 0 0 0 0 0 0 "R1005_T0.35" 0 2 "" 0 3 1 0 0 0 "" 0 0 0 0 0 0 0 0 0 0 0 0 0 0.000 0.000 0.000 0
108 "0RJ5101C478" 0 "ohm" 302161 302481 337561 338361 350961 0 0 0 0 0 1 0 108 108 0 0 0 0 0.000 0 0 0 3 3 0 0 0 0 0 0 0 0 0 "R1005_T0.35" 0 2 "" 0 3 1 0 0 0 "" 0 0 0 0 0 0 0 0 0 0 0 0 0 0.000 0.000 0.000 0
109 "0CC221BKFAA" 0 "ohm" 302161 302481 337561 338361 350961 0 0 0 0 0 1 0 109 109 0 0 0 0 0.000 0 0 0 3 3 0 0 0 0 0 0 0 0 0 "C1005_T0.5" 0 2 "" 0 3 1 0 0 0 "" 0 0 0 0 0 0 0 0 0 0 0 0 0 0.000 0.000 0.000 0
110 "0DD184009AA" 0 "ohm" 302182 302502 337582 338382 0 0 0 0 0 0 1 12 110 110 0 0 0 0 90.000 180 0 0 3 3 0 0 0 0 0 0 0 0 0 "minitr-3pin" 0 2 "" 0 1 1 0 0 0 "" 0 0 0 0 0 0 0 0 0 0 0 0 0 0.000 0.000 0.000 0
111 "EBC33408101" 0 "ohm" 302161 302481 337561 338361 350961 0 0 0 0 0 1 0 111 111 0 0 0 0 0.000 0 0 0 3 3 0 0 0 0 0 0 0 0 0 "R1005_T0.35" 0 2 "" 0 3 1 0 0 0 "" 0 0 0 0 0 0 0 0 0 0 0 0 0 0.000 0.000 0.000 0
112 "0RJ1802C478" 0 "ohm" 302161 302481 337561 338361 350961 0 0 0 0 0 1 0 112 112 0 0 0 0 0.000 0 0 0 3 3 0 0 0 0 0 0 0 0 0 "R1005_T0.35" 0 2 "" 0 3 1 0 0 0 "" 0 0 0 0 0 0 0 0 0 0 0 0 0 0.000 0.000 0.000 0
113 "EBC34656201" 0 "ohm" 302161 302481 337561 338361 350961 0 0 0 0 0 1 0 113 113 0 0 0 0 0.000 0 0 0 3 3 0 0 0 0 0 0 0 0 0 "R1005_T0.35" 0 2 "" 0 3 1 0 0 0 "" 0 0 0 0 0 0 0 0 0 0 0 0 0 0.000 0.000 0.000 0
114 "EBK61012701" 0 "ohm" 302182 302502 337582 338382 0 0 0 0 0 0 1 0 114 114 0 0 0 0 90.000 0 0 0 3 3 0 0 0 0 0 0 0 0 0 "minitr-3pin" 0 2 "" 0 3 1 0 0 0 "" 0 0 0 0 0 0 0 0 0 0 0 0 0 0.000 0.000 0.000 0
116 "EAN63491301" 0 "ohm" 302182 302502 337582 338382 0 0 0 0 0 0 1 0 116 116 0 0 0 0 90.000 0 0 0 3 3 0 0 0 0 0 0 0 0 0 "minitr-3pin" 0 2 "" 0 1 1 0 0 0 "" 0 0 0 0 0 0 0 0 0 0 0 0 0 0.000 0.000 0.000 0
119 "0RJ2002C678" 0 "ohm" 302161 302481 337561 338361 350961 0 0 0 0 0 1 0 119 119 0 0 0 0 0.000 0 0 0 3 3 0 0 0 0 0 0 0 0 0 "R1005_T0.35" 0 2 "" 0 3 1 0 0 0 "" 0 0 0 0 0 0 0 0 0 0 0 0 0 0.000 0.000 0.000 0
120 "0RJ5602C478" 0 "ohm" 302161 302481 337561 338361 350961 0 0 0 0 0 1 0 120 120 0 0 0 0 0.000 0 0 0 3 3 0 0 0 0 0 0 0 0 0 "R1005_T0.35" 0 2 "" 0 3 1 0 0 0 "" 0 0 0 0 0 0 0 0 0 0 0 0 0 0.000 0.000 0.000 0
121 "0TRKE80046A" 0 "ohm" 302182 302502 337582 338382 0 0 0 0 0 0 1 0 121 121 0 0 0 0 90.000 0 0 0 3 3 0 0 0 0 0 0 0 0 0 "MINI TR 3PIN" 0 2 "" 0 3 1 0 0 0 "" 0 0 0 0 0 0 0 0 0 0 0 0 0 0.000 0.000 0.000 0
127 "EAH62135001" 0 "ohm" 302182 302502 337582 338382 0 0 0 0 0 0 1 15 127 127 0 0 0 0 0.000 90 0 0 3 3 0 0 0 0 0 0 0 0 0 "ARRAY2010_T0.48" 0 2 "" 0 3 1 0 0 0 "" 0 0 0 0 0 0 0 0 0 0 0 0 0 0.000 0.000 0.000 0
128 "0RJ4701D677" 0 "ohm" 302162 302482 337562 338362 350962 360092 361092 0 0 0 1 16 128 128 0 0 0 0 0.000 90 0 0 3 3 0 0 0 0 0 0 0 0 0 "R1608_T0.45" 0 2 "" 0 3 1 0 0 0 "" 0 0 0 0 0 0 0 0 0 0 0 0 0 0.000 0.000 0.000 0
129 "0RJ4301C478" 0 "ohm" 302161 302481 337561 338361 350961 0 0 0 0 0 1 0 129 129 0 0 0 0 0.000 0 0 0 3 3 0 0 0 0 0 0 0 0 0 "R1005_T0.35" 0 2 "" 0 3 1 0 0 0 "" 0 0 0 0 0 0 0 0 0 0 0 0 0 0.000 0.000 0.000 0
130 "0RJ1201C478" 0 "ohm" 302161 302481 337561 338361 350961 0 0 0 0 0 1 0 130 130 0 0 0 0 0.000 0 0 0 3 3 0 0 0 0 0 0 0 0 0 "R1005_T0.35" 0 2 "" 0 3 1 0 0 0 "" 0 0 0 0 0 0 0 0 0 0 0 0 0 0.000 0.000 0.000 0
131 "0RJ2491C478" 0 "ohm" 302161 302481 337561 338361 350961 0 0 0 0 0 1 0 131 131 0 0 0 0 0.000 0 0 0 3 3 0 0 0 0 0 0 0 0 0 "R1005_T0.35" 0 2 "" 0 3 1 0 0 0 "" 0 0 0 0 0 0 0 0 0 0 0 0 0 0.000 0.000 0.000 0
135 "0RJ3300C678" 0 "ohm" 302161 302481 337561 338361 350961 0 0 0 0 0 1 0 135 135 0 0 0 0 0.000 0 0 0 3 3 0 0 0 0 0 0 0 0 0 "R1005_T0.35" 0 2 "" 0 3 1 0 0 0 "" 0 0 0 0 0 0 0 0 0 0 0 0 0 0.000 0.000 0.000 0
138 "0RJ3003C478" 0 "ohm" 302161 302481 337561 338361 350961 0 0 0 0 0 1 0 138 138 0 0 0 0 0.000 0 0 0 3 3 0 0 0 0 0 0 0 0 0 "R1005_T0.35" 0 2 "" 0 3 1 0 0 0 "" 0 0 0 0 0 0 0 0 0 0 0 0 0 0.000 0.000 0.000 0
139 "0RJ4701C478" 0 "ohm" 302161 302481 337561 338361 350961 0 0 0 0 0 1 0 139 139 0 0 0 0 0.000 0 0 0 3 3 0 0 0 0 0 0 0 0 0 "R1005_T0.35" 0 2 "" 0 3 1 0 0 0 "" 0 0 0 0 0 0 0 0 0 0 0 0 0 0.000 0.000 0.000 0
146 "EAN65165901" 0 "ohm" 302182 302502 337582 338382 0 0 0 0 0 0 1 0 146 146 0 0 0 0 90.000 0 0 0 3 3 0 0 0 0 0 0 0 0 0 "minitr_6P" 0 2 "" 0 1 1 0 0 0 "" 0 0 0 0 0 0 0 0 0 0 0 0 0 0.000 0.000 0.000 0
147 "ERHZ0000219" 0 "ohm" 302161 302481 337561 338361 350961 0 0 0 0 0 1 0 147 147 0 0 0 0 0.000 0 0 0 3 3 0 0 0 0 0 0 0 0 0 "R1005_T0.35" 0 2 "" 0 3 1 0 0 0 "" 0 0 0 0 0 0 0 0 0 0 0 0 0 0.000 0.000 0.000 0
149 "0RJ1802D477" 0 "ohm" 302162 302482 337562 338362 350962 360092 361092 0 0 0 1 18 149 149 0 0 0 0 0.000 90 0 0 3 3 0 0 0 0 0 0 0 0 0 "R1608_T0.45" 0 2 "" 0 3 1 0 0 0 "" 0 0 0 0 0 0 0 0 0 0 0 0 0 0.000 0.000 0.000 0
152 "0RJ1003D477" 0 "ohm" 302162 302482 337562 338362 350962 360092 361092 0 0 0 1 19 152 152 0 0 0 0 0.000 90 0 0 3 3 0 0 0 0 0 0 0 0 0 "R1608_T0.45" 0 2 "" 0 3 1 0 0 0 "" 0 0 0 0 0 0 0 0 0 0 0 0 0 0.000 0.000 0.000 0
157 "EBC40092901" 0 "ohm" 302161 302481 337561 338361 350961 0 0 0 0 0 1 0 157 157 0 0 0 0 0.000 0 0 0 3 3 0 0 0 0 0 0 0 0 0 "R1005_T0.35" 0 2 "" 0 3 1 0 0 0 "" 0 0 0 0 0 0 0 0 0 0 0 0 0 0.000 0.000 0.000 0
160 "EBK64051601" 0 "ohm" 302182 302502 337582 338382 0 0 0 0 0 0 1 0 160 160 0 0 0 0 90.000 0 0 0 3 3 0 0 0 0 0 0 0 0 0 "minitr-3pin" 0 2 "" 0 3 1 0 0 0 "" 0 0 0 0 0 0 0 0 0 0 0 0 0 0.000 0.000 0.000 0
170 "EAN65566701" 0 "ohm" 302182 302502 337582 338382 0 0 0 0 0 0 1 0 170 170 0 0 0 0 0.000 0 0 0 3 3 0 0 0 0 0 0 0 0 0 "QFN 8PIN" 0 2 "" 0 1 1 0 0 0 "" 0 0 0 0 0 0 0 0 0 0 0 0 0 0.000 0.000 0.000 0
174 "EAW64003501" 0 "ohm" 302022 302342 337422 338222 0 0 0 0 0 0 1 0 174 174 0 0 0 0 0.000 0 0 0 3 3 0 0 0 0 0 0 0 0 0 "CRYSTAL_3225_T0.65" 0 2 "" 0 1 1 0 0 0 "" 0 0 0 0 0 0 0 0 0 0 0 0 0 0.000 0.000 0.000 0
178 "EBK64992901" 0 "ohm" 302182 302502 337582 338382 0 0 0 0 0 0 1 0 178 178 0 0 0 0 90.000 0 0 0 3 3 0 0 0 0 0 0 0 0 0 "minitr-3pin" 0 2 "" 0 3 1 0 0 0 "" 0 0 0 0 0 0 0 0 0 0 0 0 0 0.000 0.000 0.000 0
179 "EAM63070201" 0 "ohm" 302162 302482 337562 338362 350962 0 0 0 0 0 1 30 179 179 0 0 0 0 0.000 90 0 0 3 3 0 0 0 0 0 0 0 0 0 "C2125_T0.85" 0 2 "" 0 3 1 0 0 0 "" 0 0 0 0 0 0 0 0 0 0 0 0 0 0.000 0.000 0.000 0
181 "EAN66054101" 0 "ohm" 302823 0 0 0 0 0 0 0 0 0 1 0 181 181 0 0 0 0 0.000 0 0 0 3 3 0 0 0 0 0 0 0 0 0 "SOP_8PIN" 0 2 "" 2 1 1 0 0 0 "" 0 0 0 0 0 0 1 0 0 0 0 0 0 0.000 0.000 0.000 0
184 "0RH0222C622" 0 "ohm" 302162 302482 337562 338362 350962 360092 361092 0 0 0 1 31 184 184 0 0 0 0 0.000 90 0 0 3 3 0 0 0 0 0 0 0 0 0 "R1608_T0.45" 0 2 "" 0 3 1 0 0 0 "" 0 0 0 0 0 0 0 0 0 0 0 0 0 0.000 0.000 0.000 0
186 "0RH5101C422" 0 "ohm" 302162 302482 337562 338362 350962 360092 361092 0 0 0 1 32 186 186 0 0 0 0 0.000 90 0 0 3 3 0 0 0 0 0 0 0 0 0 "R1608_T0.45" 0 2 "" 0 3 1 0 0 0 "" 0 0 0 0 0 0 0 0 0 0 0 0 0 0.000 0.000 0.000 0
188 "EAE58112401" 0 "ohm" 302161 302481 337561 338361 350961 0 0 0 0 0 1 0 188 188 0 0 0 0 0.000 0 0 0 3 3 0 0 0 0 0 0 0 0 0 "C1005_T0.5" 0 2 "" 0 3 1 0 0 0 "" 0 0 0 0 0 0 0 0 0 0 0 0 0 0.000 0.000 0.000 0
191 "EAE32166601" 0 "ohm" 302161 302481 337561 338361 350961 0 0 0 0 0 1 0 191 191 0 0 0 0 0.000 0 0 0 3 3 0 0 0 0 0 0 0 0 0 "C1005_T0.5" 0 2 "" 0 3 1 0 0 0 "" 0 0 0 0 0 0 0 0 0 0 0 0 0 0.000 0.000 0.000 0
192 "0CK474DK56A" 0 "ohm" 302182 302502 337582 338382 0 0 0 0 0 0 1 0 192 192 0 0 0 0 0.000 0 0 0 3 3 0 0 0 0 0 0 0 0 0 "C2012_T1.25" 0 2 "" 0 3 1 0 0 0 "" 0 0 0 0 0 0 0 0 0 0 0 0 0 0.000 0.000 0.000 0
197 "0CC150BK4AA" 0 "ohm" 302161 302481 337561 338361 350961 0 0 0 0 0 1 0 197 197 0 0 0 0 0.000 0 0 0 3 3 0 0 0 0 0 0 0 0 0 "C1005_T0.5" 0 2 "" 0 3 1 0 0 0 "" 0 0 0 0 0 0 0 0 0 0 0 0 0 0.000 0.000 0.000 0
205 "EAE39487601" 0 "ohm" 302161 302481 337561 338361 350961 0 0 0 0 0 1 0 205 205 0 0 0 0 0.000 0 0 0 3 3 0 0 0 0 0 0 0 0 0 "C1005_T0.5" 0 2 "" 0 3 1 0 0 0 "" 0 0 0 0 0 0 0 0 0 0 0 0 0 0.000 0.000 0.000 0
208 "EAF61530101" 0 "ohm" 302161 302481 337561 338361 350961 0 0 0 0 0 1 0 208 208 0 0 0 0 0.000 0 0 0 3 3 0 0 0 0 0 0 0 0 0 "C1005_T0.5" 0 2 "" 0 3 1 0 0 0 "" 0 0 0 0 0 0 0 0 0 0 0 0 0 0.000 0.000 0.000 0
231 "0RJ0752C678" 0 "ohm" 302161 302481 337561 338361 350961 0 0 0 0 0 1 0 231 231 0 0 0 0 0.000 0 0 0 3 3 0 0 0 0 0 0 0 0 0 "R1005_T0.35" 0 2 "" 0 3 1 0 0 0 "" 0 0 0 0 0 0 0 0 0 0 0 0 0 0.000 0.000 0.000 0
232 "0RJ2701C678" 0 "ohm" 302161 302481 337561 338361 350961 0 0 0 0 0 1 0 232 232 0 0 0 0 0.000 0 0 0 3 3 0 0 0 0 0 0 0 0 0 "R1005_T0.35" 0 2 "" 0 3 1 0 0 0 "" 0 0 0 0 0 0 0 0 0 0 0 0 0 0.000 0.000 0.000 0
233 "0RJ0561C678" 0 "ohm" 302161 302481 337561 338361 350961 0 0 0 0 0 1 0 233 233 0 0 0 0 0.000 0 0 0 3 3 0 0 0 0 0 0 0 0 0 "R1005_T0.35" 0 2 "" 0 3 1 0 0 0 "" 0 0 0 0 0 0 0 0 0 0 0 0 0 0.000 0.000 0.000 0
235 "0RJ0102D677" 0 "ohm" 302162 302482 337562 338362 350962 0 0 0 0 0 1 42 235 235 0 0 0 0 0.000 90 0 0 3 3 0 0 0 0 0 0 0 0 0 "R1608_T0.45" 0 2 "" 0 3 1 0 0 0 "" 0 0 0 0 0 0 0 0 0 0 0 0 0 0.000 0.000 0.000 0
236 "0RJ4700C678" 0 "ohm" 302161 302481 337561 338361 350961 0 0 0 0 0 1 0 236 236 0 0 0 0 0.000 0 0 0 3 3 0 0 0 0 0 0 0 0 0 "R1005_T0.35" 0 2 "" 0 3 1 0 0 0 "" 0 0 0 0 0 0 0 0 0 0 0 0 0 0.000 0.000 0.000 0
241 "0RJ1601C478" 0 "ohm" 302161 302481 337561 338361 350961 0 0 0 0 0 1 0 241 241 0 0 0 0 0.000 0 0 0 3 3 0 0 0 0 0 0 0 0 0 "R1005_T0.35" 0 2 "" 0 3 1 0 0 0 "" 0 0 0 0 0 0 0 0 0 0 0 0 0 0.000 0.000 0.000 0
242 "0RJ3902C478" 0 "ohm" 302161 302481 337561 338361 350961 0 0 0 0 0 1 0 242 242 0 0 0 0 0.000 0 0 0 3 3 0 0 0 0 0 0 0 0 0 "R1005_T0.35" 0 2 "" 0 3 1 0 0 0 "" 0 0 0 0 0 0 0 0 0 0 0 0 0 0.000 0.000 0.000 0
248 "0RJ9101C478" 0 "ohm" 302161 302481 337561 338361 350961 0 0 0 0 0 1 0 248 248 0 0 0 0 0.000 0 0 0 3 3 0 0 0 0 0 0 0 0 0 "R1005_T0.35" 0 2 "" 0 3 1 0 0 0 "" 0 0 0 0 0 0 0 0 0 0 0 0 0 0.000 0.000 0.000 0
249 "0RJ4302C478" 0 "ohm" 302161 302481 337561 338361 350961 0 0 0 0 0 1 0 249 249 0 0 0 0 0.000 0 0 0 3 3 0 0 0 0 0 0 0 0 0 "R1005_T0.35" 0 2 "" 0 3 1 0 0 0 "" 0 0 0 0 0 0 0 0 0 0 0 0 0 0.000 0.000 0.000 0
251 "0RH3301D622" 0 "ohm" 302162 302482 337562 338362 350962 0 0 0 0 0 1 49 251 251 0 0 0 0 0.000 90 0 0 3 3 0 0 0 0 0 0 0 0 0 "R2012_T0.5" 0 2 "" 0 3 1 0 0 0 "" 0 0 0 0 0 0 0 0 0 0 0 0 0 0.000 0.000 0.000 0
256 "EAE62082801" 0 "ohm" 302162 302482 337562 338362 350962 0 0 0 0 0 1 50 256 256 0 0 0 0 0.000 90 0 0 3 3 0 0 0 0 0 0 0 0 0 "C1608_t0.8" 0 2 "" 0 3 1 0 0 0 "" 0 0 0 0 0 0 0 0 0 0 0 0 0 0.000 0.000 0.000 0
257 "0CH1224K512" 0 "ohm" 302162 302482 337562 338362 350962 0 0 0 0 0 1 51 257 257 0 0 0 0 0.000 90 0 0 3 3 0 0 0 0 0 0 0 0 0 "C1608_t0.8" 0 2 "" 0 3 1 0 0 0 "" 0 0 0 0 0 0 0 0 0 0 0 0 0 0.000 0.000 0.000 0
259 "EAH63512601" 0 "ohm" 302182 302502 337582 338382 0 0 0 0 0 0 1 53 259 259 0 0 0 0 0.000 -90 0 0 3 3 0 0 0 0 0 0 0 0 0 "sminidiode-2pin" 0 2 "" 0 3 1 0 0 0 "" 0 0 0 0 0 0 0 0 0 0 0 0 0 0.000 0.000 0.000 0
262 "EAN66054001" 0 "ohm" 302182 302502 337582 338382 0 0 0 0 0 0 1 0 262 262 0 0 0 0 90.000 0 0 0 3 3 0 0 0 0 0 0 0 0 0 "minitr_6P" 0 2 "" 0 1 1 0 0 0 "" 0 0 0 0 0 0 0 0 0 0 0 0 0 0.000 0.000 0.000 0
265 "0RJ1052C478" 0 "ohm" 302161 302481 337561 338361 350961 0 0 0 0 0 1 0 265 265 0 0 0 0 0.000 0 0 0 3 3 0 0 0 0 0 0 0 0 0 "R1005_T0.35" 0 2 "" 0 3 1 0 0 0 "" 0 0 0 0 0 0 0 0 0 0 0 0 0 0.000 0.000 0.000 0
266 "0RJ2001C678" 0 "ohm" 302161 302481 337561 338361 350961 0 0 0 0 0 1 0 266 266 0 0 0 0 0.000 0 0 0 3 3 0 0 0 0 0 0 0 0 0 "R1005_T0.35" 0 2 "" 0 3 1 0 0 0 "" 0 0 0 0 0 0 0 0 0 0 0 0 0 0.000 0.000 0.000 0
267 "0RH0101G622" 0 "ohm" 302162 302482 337562 338362 350962 0 0 0 0 0 1 55 267 267 0 0 0 0 0.000 90 0 0 3 3 0 0 0 0 0 0 0 0 0 "R3216_t0.55" 0 2 "" 0 3 1 0 0 0 "" 0 0 0 0 0 0 0 0 0 0 0 0 0 0.000 0.000 0.000 0
268 "0RJ3602C478" 0 "ohm" 302161 302481 337561 338361 350961 0 0 0 0 0 1 0 268 268 0 0 0 0 0.000 0 0 0 3 3 0 0 0 0 0 0 0 0 0 "R1005_T0.35" 0 2 "" 0 3 1 0 0 0 "" 0 0 0 0 0 0 0 0 0 0 0 0 0 0.000 0.000 0.000 0
269 "0RJ1503C478" 0 "ohm" 302181 302501 337581 338381 0 0 0 0 0 0 1 0 269 269 0 0 0 0 0.000 0 0 0 3 3 0 0 0 0 0 0 0 0 0 "R1005_T0.35" 0 2 "" 0 3 1 0 0 0 "" 0 0 0 0 0 0 0 0 0 0 0 0 0 0.000 0.000 0.000 0
270 "0RJ0222C692" 0 "ohm" 302161 302481 337561 338361 350961 0 0 0 0 0 1 0 270 270 0 0 0 0 0.000 0 0 0 3 3 0 0 0 0 0 0 0 0 0 "ARRAY2010_T0.35" 0 2 "" 0 3 1 0 0 0 "" 0 0 0 0 0 0 0 0 0 0 0 0 0 0.000 0.000 0.000 0
272 "EBC62582709" 0 "ohm" 302161 302481 337561 338361 350961 0 0 0 0 0 1 0 272 272 0 0 0 0 0.000 0 0 0 3 3 0 0 0 0 0 0 0 0 0 "ARRAY1010_T0.35" 0 2 "" 0 3 1 0 0 0 "" 0 0 0 0 0 0 0 0 0 0 0 0 0 0.000 0.000 0.000 0
273 "0CC180BKFAA" 0 "ohm" 302161 302481 337561 338361 350961 0 0 0 0 0 1 0 273 273 0 0 0 0 0.000 0 0 0 3 3 0 0 0 0 0 0 0 0 0 "C1005_T0.5" 0 2 "" 0 3 1 0 0 0 "" 0 0 0 0 0 0 0 0 0 0 0 0 0 0.000 0.000 0.000 0
280 "0CK471BK56A" 0 "ohm" 302161 302481 337561 338361 350961 0 0 0 0 0 1 0 280 280 0 0 0 0 0.000 0 0 0 3 3 0 0 0 0 0 0 0 0 0 "C1005_T0.5" 0 2 "" 0 3 1 0 0 0 "" 0 0 0 0 0 0 0 0 0 0 0 0 0 0.000 0.000 0.000 0
283 "EAH61714301" 0 "ohm" 302182 302502 337582 338382 0 0 0 0 0 0 1 0 283 283 0 0 0 0 90.000 0 0 0 3 3 0 0 0 0 0 0 0 0 0 "MINI TR 3PIN" 0 2 "" 0 3 1 0 0 0 "" 0 0 0 0 0 0 0 0 0 0 0 0 0 0.000 0.000 0.000 0
284 "EAN64895201" 0 "ohm" 302823 360183 361183 0 0 0 0 0 0 0 1 0 284 284 0 0 0 0 0.000 0 0 0 3 3 0 0 0 0 0 0 0 0 0 "SOP_8PIN" 0 2 "" 2 1 1 0 0 0 "" 0 0 0 0 0 0 1 0 0 0 0 0 0 0.000 0.000 0.000 0
299 "0RJ0102C678" 0 "ohm" 302161 302481 337561 338361 350961 0 0 0 0 0 1 0 299 299 0 0 0 0 0.000 0 0 0 3 3 0 0 0 0 0 0 0 0 0 "R1005_T0.35" 0 2 "" 0 3 1 0 0 0 "" 0 0 0 0 0 0 0 0 0 0 0 0 0 0.000 0.000 0.000 0
303 "0RJ2403C478" 0 "ohm" 302161 302481 337561 338361 350961 0 0 0 0 0 1 0 303 303 0 0 0 0 0.000 0 0 0 3 3 0 0 0 0 0 0 0 0 0 "R1005_T0.35" 0 2 "" 0 3 1 0 0 0 "" 0 0 0 0 0 0 0 0 0 0 0 0 0 0.000 0.000 0.000 0
305 "0RJ5601C478" 0 "ohm" 302161 302481 337561 338361 350961 0 0 0 0 0 1 0 305 305 0 0 0 0 0.000 0 0 0 3 3 0 0 0 0 0 0 0 0 0 "R1005_T0.35" 0 2 "" 0 3 1 0 0 0 "" 0 0 0 0 0 0 0 0 0 0 0 0 0 0.000 0.000 0.000 0
307 "0RJ0511D677" 0 "ohm" 302162 302482 337562 338362 350962 0 0 0 0 0 1 69 307 307 0 0 0 0 0.000 90 0 0 3 3 0 0 0 0 0 0 0 0 0 "R1608_T0.45" 0 2 "" 0 3 1 0 0 0 "" 0 0 0 0 0 0 0 0 0 0 0 0 0 0.000 0.000 0.000 0
309 "0RH1500D622" 0 "ohm" 302162 302482 337562 338362 350962 0 0 0 0 0 1 70 309 309 0 0 0 0 0.000 90 0 0 3 3 0 0 0 0 0 0 0 0 0 "R2012_T0.5" 0 2 "" 0 3 1 0 0 0 "" 0 0 0 0 0 0 0 0 0 0 0 0 0 0.000 0.000 0.000 0
313 "EBC30996801" 0 "ohm" 302161 302481 337561 338361 350961 0 0 0 0 0 1 0 313 313 0 0 0 0 0.000 0 0 0 3 3 0 0 0 0 0 0 0 0 0 "R1005_T0.35" 0 2 "" 0 3 1 0 0 0 "" 0 0 0 0 0 0 0 0 0 0 0 0 0 0.000 0.000 0.000 0
314 "EAW40110703" 0 "ohm" 302022 302342 337422 338222 360122 361122 0 0 0 0 1 0 314 314 0 0 0 0 0.000 0 0 0 3 3 0 0 0 0 0 0 0 0 0 "CRYSTAL_T0.65" 0 2 "0" 0 1 1 0 0 0 "" 0 0 0 0 0 0 0 0 0 0 0 0 0 0.000 0.000 0.000 0
317 "EAE32246001" 0 "ohm" 302161 302481 337561 338361 350961 0 0 0 0 0 1 0 317 317 0 0 0 0 0.000 0 0 0 3 3 0 0 0 0 0 0 0 0 0 "C1005_T0.5" 0 2 "" 0 3 1 0 0 0 "" 0 0 0 0 0 0 0 0 0 0 0 0 0 0.000 0.000 0.000 0
318 "EAE62771201" 0 "ohm" 302182 302502 337582 338382 0 0 0 0 0 0 1 0 318 318 0 0 0 0 0.000 0 0 0 3 3 0 0 0 0 0 0 0 0 0 "C3216_T1.6" 0 2 "" 0 3 1 0 0 0 "" 0 0 0 0 0 0 0 0 0 0 0 0 0 0.000 0.000 0.000 0
331 "0CC560BK41A" 0 "ohm" 302161 302481 337561 338361 350961 0 0 0 0 0 1 0 331 331 0 0 0 0 0.000 0 0 0 3 3 0 0 0 0 0 0 0 0 0 "C1005_T0.5" 0 2 "" 0 3 1 0 0 0 "" 0 0 0 0 0 0 0 0 0 0 0 0 0 0.000 0.000 0.000 0
332 "EAE30281901" 0 "ohm" 302161 302481 337561 338361 350961 0 0 0 0 0 1 0 332 332 0 0 0 0 0.000 0 0 0 3 3 0 0 0 0 0 0 0 0 0 "C1005_T0.5" 0 2 "" 0 3 1 0 0 0 "" 0 0 0 0 0 0 0 0 0 0 0 0 0 0.000 0.000 0.000 0
333 "0CC223BK5BA" 0 "ohm" 302161 302481 337561 338361 350961 0 0 0 0 0 1 0 333 333 0 0 0 0 0.000 0 0 0 3 3 0 0 0 0 0 0 0 0 0 "C1005_T0.5" 0 2 "" 0 3 1 0 0 0 "" 0 0 0 0 0 0 0 0 0 0 0 0 0 0.000 0.000 0.000 0
337 "EAN65566101" 0 "ohm" 302022 302342 337422 338222 0 0 0 0 0 0 1 0 337 337 0 0 0 0 0.000 0 -90 0 3 3 0 0 0 0 0 0 0 0 0 "QFN 8PIN" 0 2 "" 2 1 1 0 0 0 "" 0 0 0 0 0 0 0 0 0 0 0 0 0 0.000 0.000 0.000 0
343 "EAP39314704" 0 "ohm" 302162 302482 337562 338362 350962 0 0 0 0 0 1 0 343 343 0 0 0 0 0.000 0 0 0 3 3 0 0 0 0 0 0 0 0 0 "C2012_T0.85" 0 2 "" 0 3 1 0 0 0 "" 0 0 0 0 0 0 0 0 0 0 0 0 0 0.000 0.000 0.000 0
347 "EBK65177501" 0 "ohm" 302182 302502 337582 338382 0 0 0 0 0 0 1 78 347 347 0 0 0 0 90.000 180 0 0 3 3 0 0 0 0 0 0 0 0 0 "MINI TR 3PIN" 0 2 "" 0 3 1 0 0 0 "" 0 0 0 0 0 0 0 0 0 0 0 0 0 0.000 0.000 0.000 0
350 "0RJ1102C478" 0 "ohm" 302161 302481 337561 338361 350961 0 0 0 0 0 1 0 350 350 0 0 0 0 0.000 0 0 0 3 3 0 0 0 0 0 0 0 0 0 "R1005_T0.35" 0 2 "" 0 3 1 0 0 0 "" 0 0 0 0 0 0 0 0 0 0 0 0 0 0.000 0.000 0.000 0
351 "0RJ5101C678" 0 "ohm" 302161 302481 337561 338361 350961 0 0 0 0 0 1 0 351 351 0 0 0 0 0.000 0 0 0 3 3 0 0 0 0 0 0 0 0 0 "R1005_T0.35" 0 2 "" 0 3 1 0 0 0 "" 0 0 0 0 0 0 0 0 0 0 0 0 0 0.000 0.000 0.000 0
352 "0RJ3601D677" 0 "ohm" 302162 302482 337562 338362 350962 0 0 0 0 0 1 80 352 352 0 0 0 0 0.000 90 0 0 3 3 0 0 0 0 0 0 0 0 0 "R1608_T0.45" 0 2 "" 0 3 1 0 0 0 "" 0 0 0 0 0 0 0 0 0 0 0 0 0 0.000 0.000 0.000 0
353 "0RJ5102C678" 0 "ohm" 302161 302481 337561 338361 350961 0 0 0 0 0 1 0 353 353 0 0 0 0 0.000 0 0 0 3 3 0 0 0 0 0 0 0 0 0 "R1005_T0.35" 0 2 "" 0 3 1 0 0 0 "" 0 0 0 0 0 0 0 0 0 0 0 0 0 0.000 0.000 0.000 0
354 "EBC33932801" 0 "ohm" 302161 302481 337561 338361 350961 0 0 0 0 0 1 0 354 354 0 0 0 0 0.000 0 0 0 3 3 0 0 0 0 0 0 0 0 0 "R1005_T0.35" 0 2 "" 0 3 1 0 0 0 "" 0 0 0 0 0 0 0 0 0 0 0 0 0 0.000 0.000 0.000 0
355 "0RJ7502C478" 0 "ohm" 302161 302481 337561 338361 350961 0 0 0 0 0 1 0 355 355 0 0 0 0 0.000 0 0 0 3 3 0 0 0 0 0 0 0 0 0 "R1005_T0.35" 0 2 "" 0 3 1 0 0 0 "" 0 0 0 0 0 0 0 0 0 0 0 0 0 0.000 0.000 0.000 0
356 "0RJ2003C478" 0 "ohm" 302161 302481 337561 338361 350961 0 0 0 0 0 1 0 356 356 0 0 0 0 0.000 0 0 0 3 3 0 0 0 0 0 0 0 0 0 "R1005_T0.35" 0 2 "" 0 3 1 0 0 0 "" 0 0 0 0 0 0 0 0 0 0 0 0 0 0.000 0.000 0.000 0
357 "0RJ1803C478" 0 "ohm" 302161 302481 337561 338361 350961 0 0 0 0 0 1 0 357 357 0 0 0 0 0.000 0 0 0 3 3 0 0 0 0 0 0 0 0 0 "R1005_T0.35" 0 2 "" 0 3 1 0 0 0 "" 0 0 0 0 0 0 0 0 0 0 0 0 0 0.000 0.000 0.000 0
358 "0RJ2000C678" 0 "ohm" 302161 302481 337561 338361 350961 0 0 0 0 0 1 0 358 358 0 0 0 0 0.000 0 0 0 3 3 0 0 0 0 0 0 0 0 0 "R1005_T0.35" 0 2 "" 0 3 1 0 0 0 "" 0 0 0 0 0 0 0 0 0 0 0 0 0 0.000 0.000 0.000 0
359 "0RJ1302C478" 0 "ohm" 302161 302481 337561 338361 350961 0 0 0 0 0 1 0 359 359 0 0 0 0 0.000 0 0 0 3 3 0 0 0 0 0 0 0 0 0 "R1005_T0.35" 0 2 "" 0 3 1 0 0 0 "" 0 0 0 0 0 0 0 0 0 0 0 0 0 0.000 0.000 0.000 0
360 "EAH63274601" 0 "ohm" 302181 302501 337581 338381 0 0 0 0 0 0 1 0 360 360 0 0 0 0 0.000 0 0 0 3 3 0 0 0 0 0 0 0 0 0 "sminidiode-2pin" 0 2 "" 0 3 1 0 0 0 "" 0 0 0 0 0 0 0 0 0 0 0 0 0 0.000 0.000 0.000 0
361 "0RZZH033273" 0 "ohm" 302161 302481 337561 338361 350961 0 0 0 0 0 1 0 361 361 0 0 0 0 0.000 0 0 0 3 3 0 0 0 0 0 0 0 0 0 "ARRAY2010_T0.35" 0 2 "" 0 3 1 0 0 0 "" 0 0 0 0 0 0 0 0 0 0 0 0 0 0.000 0.000 0.000 0
362 "EBC62582708" 0 "ohm" 302161 302481 337561 338361 350961 0 0 0 0 0 1 574 362 362 0 0 0 0 0.000 90 0 0 3 3 0 0 0 0 0 0 0 0 0 "ARRAY1010_T0.35" 0 2 "" 0 3 1 0 0 0 "" 0 0 0 0 0 0 0 0 0 0 0 0 0 0.000 0.000 0.000 0
366 "EAN64387501" 0 "ohm" 302182 302502 337582 338382 0 0 0 0 0 0 1 83 366 366 0 0 0 0 90.000 180 0 0 3 3 0 0 0 0 0 0 0 0 0 "minitr_6P" 0 2 "" 0 1 1 0 0 0 "" 0 0 0 0 0 0 0 0 0 0 0 0 0 0.000 0.000 0.000 0
368 "EAN64432302" 0 "ohm" 302182 302502 337582 338382 0 0 0 0 0 0 1 85 368 368 0 0 0 0 90.000 0 0 0 3 3 0 0 0 0 0 0 0 0 0 "minitr_5P" 0 2 "" 0 1 1 0 0 0 "" 0 0 0 0 0 0 0 0 0 0 0 0 0 0.000 0.000 0.000 0
374 "EAM32500208" 0 "ohm" 302161 302481 337561 338361 350961 0 0 0 0 0 1 0 374 374 0 0 0 0 0.000 0 0 0 3 3 0 0 0 0 0 0 0 0 0 "C1005_T0.5" 0 2 "" 0 3 1 0 0 0 "" 0 0 0 0 0 0 0 0 0 0 0 0 0 0.000 0.000 0.000 0
375 "0RJ3901C478" 0 "ohm" 302161 302481 337561 338361 350961 0 0 0 0 0 1 0 375 375 0 0 0 0 0.000 0 0 0 3 3 0 0 0 0 0 0 0 0 0 "R1005_T0.35" 0 2 "" 0 3 1 0 0 0 "" 0 0 0 0 0 0 0 0 0 0 0 0 0 0.000 0.000 0.000 0
384 "EAE62772301" 0 "ohm" 302182 302502 337582 338382 0 0 0 0 0 0 2 0 384 384 0 0 0 0 0.000 0 0 0 3 3 0 0 0 0 0 0 0 0 0 "C2012_T1.25" 0 2 "" 0 3 1 0 0 0 "" 0 0 0 0 0 0 0 0 0 0 0 0 0 0.000 0.000 0.000 0
385 "0CK821BK56A" 0 "ohm" 302161 302481 337561 338361 350961 0 0 0 0 0 1 0 385 385 0 0 0 0 0.000 0 0 0 3 3 0 0 0 0 0 0 0 0 0 "C1005_T0.5" 0 2 "" 0 3 1 0 0 0 "" 0 0 0 0 0 0 0 0 0 0 0 0 0 0.000 0.000 0.000 0
386 "EAE60663801" 0 "ohm" 302182 302502 337582 338382 0 0 0 0 0 0 1 0 386 386 0 0 0 0 0.000 0 0 0 3 3 0 0 0 0 0 0 0 0 0 "C2012_T1.25" 0 2 "" 0 3 1 0 0 0 "" 0 0 0 0 0 0 0 0 0 0 0 0 0 0.000 0.000 0.000 0
387 "EAE66007201" 0 "ohm" 303624 360244 361244 0 0 0 0 0 0 0 1 92 387 387 0 0 0 0 0.000 -90 0 0 3 3 0 0 0 0 0 0 0 0 0 "ALU9085_T6.45" 0 2 "" 2 1 1 0 0 0 "" 0 0 0 0 0 0 1 0 0 0 0 0 0 0.000 0.000 0.000 0
389 "EAE32479401" 0 "ohm" 302161 302481 337561 338361 350961 0 0 0 0 0 1 0 389 389 0 0 0 0 0.000 0 0 0 3 3 0 0 0 0 0 0 0 0 0 "C1005_T0.5" 0 2 "" 0 3 1 0 0 0 "" 0 0 0 0 0 0 0 0 0 0 0 0 0 0.000 0.000 0.000 0
390 "EAE58399101" 0 "ohm" 302161 302481 337561 338361 350961 0 0 0 0 0 1 0 390 390 0 0 0 0 0.000 0 0 0 3 3 0 0 0 0 0 0 0 0 0 "C1005_T0.5" 0 2 "" 0 3 1 0 0 0 "" 0 0 0 0 0 0 0 0 0 0 0 0 0 0.000 0.000 0.000 0
391 "EAH65065001" 0 "ohm" 302182 302502 337582 338382 0 0 0 0 0 0 1 0 391 391 0 0 0 0 90.000 0 0 0 3 3 0 0 0 0 0 0 0 0 0 "MINI TR 3PIN" 0 2 "" 0 3 1 0 0 0 "" 0 0 0 0 0 0 0 0 0 0 0 0 0 0.000 0.000 0.000 0
395 "EAN65566803" 0 "ohm" 302182 302502 337582 338382 0 0 0 0 0 0 1 0 395 395 0 0 0 0 90.000 0 0 0 3 3 0 0 0 0 0 0 0 0 0 "minitr_6P" 0 2 "" 0 3 1 0 0 0 "" 0 0 0 0 0 0 0 0 0 0 0 0 0 0.000 0.000 0.000 0
402 "EAG65031501" 0 "ohm" 302823 360183 361183 0 0 0 0 0 0 0 1 0 402 402 0 0 0 0 0.000 0 0 0 3 3 0 0 0 0 0 0 0 0 0 "Gasket_3t" 0 2 "" 0 3 1 0 0 0 "" 0 0 0 0 0 0 1 0 0 0 0 0 0 0.000 0.000 0.000 0
404 "EBC59174901" 0 "ohm" 302161 302481 337561 338361 350961 0 0 0 0 0 1 0 404 404 0 0 0 0 0.000 0 0 0 3 3 0 0 0 0 0 0 0 0 0 "R1005_T0.35" 0 2 "" 0 3 1 0 0 0 "" 0 0 0 0 0 0 0 0 0 0 0 0 0 0.000 0.000 0.000 0
408 "EBC58702101" 0 "ohm" 302162 302482 337562 338362 350962 0 0 0 0 0 1 95 408 408 0 0 0 0 0.000 90 0 0 3 3 0 0 0 0 0 0 0 0 0 "R1608_T0.45" 0 2 "" 0 3 1 0 0 0 "" 0 0 0 0 0 0 0 0 0 0 0 0 0 0.000 0.000 0.000 0
409 "0RH7501D422" 0 "ohm" 302162 302482 337562 338362 350962 0 0 0 0 0 1 96 409 409 0 0 0 0 0.000 90 0 0 3 3 0 0 0 0 0 0 0 0 0 "R2012_T0.5" 0 2 "" 0 3 1 0 0 0 "" 0 0 0 0 0 0 0 0 0 0 0 0 0 0.000 0.000 0.000 0
410 "0RJ5601C477" 0 "ohm" 302162 302482 337562 338362 350962 0 0 0 0 0 1 97 410 410 0 0 0 0 0.000 90 0 0 3 3 0 0 0 0 0 0 0 0 0 "R1608_T0.45" 0 2 "" 0 3 1 0 0 0 "" 0 0 0 0 0 0 0 0 0 0 0 0 0 0.000 0.000 0.000 0
414 "0CC120BK4AA" 0 "ohm" 302161 302481 337561 338361 350961 0 0 0 0 0 1 0 414 414 0 0 0 0 0.000 0 0 0 3 3 0 0 0 0 0 0 0 0 0 "C1005_T0.5" 0 2 "" 0 3 1 0 0 0 "" 0 0 0 0 0 0 0 0 0 0 0 0 0 0.000 0.000 0.000 0
415 "EAE30276501" 0 "ohm" 302161 302481 337561 338361 350961 0 0 0 0 0 1 0 415 415 0 0 0 0 0.000 0 0 0 3 3 0 0 0 0 0 0 0 0 0 "C1005_T0.5" 0 2 "" 0 3 1 0 0 0 "" 0 0 0 0 0 0 0 0 0 0 0 0 0 0.000 0.000 0.000 0
416 "EAN64387601" 0 "ohm" 302182 302502 337582 338382 0 0 0 0 0 0 1 0 416 416 0 0 0 0 90.000 0 0 0 3 3 0 0 0 0 0 0 0 0 0 "minitr_6P" 0 2 "" 0 1 1 0 0 0 "" 0 0 0 0 0 0 0 0 0 0 0 0 0 0.000 0.000 0.000 0
417 "EAN65566301" 0 "ohm" 302182 302502 337582 338382 0 0 0 0 0 0 1 0 417 417 0 0 0 0 90.000 0 0 0 3 3 0 0 0 0 0 0 0 0 0 "minitr_6P" 0 2 "" 0 3 1 0 0 0 "" 0 0 0 0 0 0 0 0 0 0 0 0 0 0.000 0.000 0.000 0
423 "0RJ0391E472" 0 "ohm" 302162 302482 337562 338362 350962 0 0 0 0 0 1 101 423 423 0 0 0 0 0.000 90 0 0 3 3 0 0 0 0 0 0 0 0 0 "R2012_T0.5" 0 2 "" 0 3 1 0 0 0 "" 0 0 0 0 0 0 0 0 0 0 0 0 0 0.000 0.000 0.000 0
424 "0RJ3601C478" 0 "ohm" 302161 302481 337561 338361 350961 0 0 0 0 0 1 0 424 424 0 0 0 0 0.000 0 0 0 3 3 0 0 0 0 0 0 0 0 0 "R1005_T0.35" 0 2 "" 0 3 1 0 0 0 "" 0 0 0 0 0 0 0 0 0 0 0 0 0 0.000 0.000 0.000 0
425 "0RJ5103C478" 0 "ohm" 302161 302481 337561 338361 350961 0 0 0 0 0 1 0 425 425 0 0 0 0 0.000 0 0 0 3 3 0 0 0 0 0 0 0 0 0 "R1005_T0.35" 0 2 "" 0 3 1 0 0 0 "" 0 0 0 0 0 0 0 0 0 0 0 0 0 0.000 0.000 0.000 0
426 "0RJ8202C478" 0 "ohm" 302161 302481 337561 338361 350961 0 0 0 0 0 1 0 426 426 0 0 0 0 0.000 0 0 0 3 3 0 0 0 0 0 0 0 0 0 "R1005_T0.35" 0 2 "" 0 3 1 0 0 0 "" 0 0 0 0 0 0 0 0 0 0 0 0 0 0.000 0.000 0.000 0
429 "0RH0102G622" 0 "ohm" 302162 302482 337562 338362 350962 0 0 0 0 0 1 104 429 429 0 0 0 0 0.000 90 0 0 3 3 0 0 0 0 0 0 0 0 0 "R3216_t0.5" 0 2 "" 0 3 1 0 0 0 "" 0 0 0 0 0 0 0 0 0 0 0 0 0 0.000 0.000 0.000 0
430 "EBC35293401" 0 "ohm" 302161 302481 337561 338361 350961 0 0 0 0 0 1 0 430 430 0 0 0 0 0.000 0 0 0 3 3 0 0 0 0 0 0 0 0 0 "R1005_T0.35" 0 2 "" 0 3 1 0 0 0 "" 0 0 0 0 0 0 0 0 0 0 0 0 0 0.000 0.000 0.000 0
434 "EAN66374101" 0 "ohm" 302182 302502 337582 338382 0 0 0 0 0 0 1 0 434 434 0 0 0 0 90.000 0 0 0 3 3 0 0 0 0 0 0 0 0 0 "minitr_6P" 0 2 "" 0 3 1 0 0 0 "" 0 0 0 0 0 0 0 0 0 0 0 0 0 0.000 0.000 0.000 0
436 "EBK63231801" 0 "ohm" 302182 302502 337582 338382 0 0 0 0 0 0 1 0 436 436 0 0 0 0 90.000 0 0 0 3 3 0 0 0 0 0 0 0 0 0 "minitr-3pin" 0 2 "" 0 3 1 0 0 0 "" 0 0 0 0 0 0 0 0 0 0 0 0 0 0.000 0.000 0.000 0
437 "0RJ0561D677" 0 "ohm" 302162 302482 337562 338362 350962 0 0 0 0 0 1 106 437 437 0 0 0 0 0.000 90 0 0 3 3 0 0 0 0 0 0 0 0 0 "R1608_T0.45" 0 2 "" 0 3 1 0 0 0 "" 0 0 0 0 0 0 0 0 0 0 0 0 0 0.000 0.000 0.000 0
439 "EAN66321201" 0 "ohm" 302823 0 0 0 0 0 0 0 0 0 1 0 439 439 0 0 0 0 0.000 0 0 0 3 3 0 0 0 0 0 0 0 0 0 "QFN_16P" 0 2 "" 0 3 1 0 0 0 "" 0 0 0 0 0 0 1 0 0 0 0 0 0 0.000 0.000 0.000 0
448 "EAW62583501" 0 "ohm" 302022 302342 337422 338222 360122 361122 0 0 0 0 1 0 448 448 0 0 0 0 0.000 0 180 0 3 3 0 0 0 0 0 0 0 0 0 "CRYSTAL_3225_T0.65" 0 2 "" 0 1 1 0 0 0 "" 0 0 0 0 0 0 0 0 0 0 0 0 0 0.000 0.000 0.000 0
449 "0CK224DK46A" 0 "ohm" 302182 302502 337582 338382 0 0 0 0 0 0 1 0 449 449 0 0 0 0 0.000 0 0 0 3 3 0 0 0 0 0 0 0 0 0 "C2012_T1.25" 0 2 "" 0 3 1 0 0 0 "" 0 0 0 0 0 0 0 0 0 0 0 0 0 0.000 0.000 0.000 0
452 "0CC820BKFAA" 0 "ohm" 302161 302481 337561 338361 350961 0 0 0 0 0 1 0 452 452 0 0 0 0 0.000 0 0 0 3 3 0 0 0 0 0 0 0 0 0 "C1005_T0.5" 0 2 "" 0 3 1 0 0 0 "" 0 0 0 0 0 0 0 0 0 0 0 0 0 0.000 0.000 0.000 0
455 "EAE62746601" 0 "ohm" 302161 302481 337561 338361 350961 0 0 0 0 0 1 0 455 455 0 0 0 0 0.000 0 0 0 3 3 0 0 0 0 0 0 0 0 0 "C1005_T0.5" 0 2 "" 0 3 1 0 0 0 "" 0 0 0 0 0 0 0 0 0 0 0 0 0 0.000 0.000 0.000 0
458 "0CC271BK4AA" 0 "ohm" 302161 302481 337561 338361 350961 0 0 0 0 0 1 0 458 458 0 0 0 0 0.000 0 0 0 3 3 0 0 0 0 0 0 0 0 0 "C1005_T0.5" 0 2 "" 0 3 1 0 0 0 "" 0 0 0 0 0 0 0 0 0 0 0 0 0 0.000 0.000 0.000 0
460 "EAE63602101" 0 "ohm" 302182 302502 337582 338382 0 0 0 0 0 0 1 0 460 460 0 0 0 0 0.000 0 0 0 3 3 0 0 0 0 0 0 0 0 0 "C2012_T1.25" 0 2 "" 0 3 1 0 0 0 "" 0 0 0 0 0 0 0 0 0 0 0 0 0 0.000 0.000 0.000 0
482 "EBK62072501" 0 "ohm" 302182 302502 337582 338382 0 0 0 0 0 0 1 0 482 482 0 0 0 0 90.000 0 0 0 3 3 0 0 0 0 0 0 0 0 0 "MINI TR 3PIN" 0 2 "" 0 3 1 0 0 0 "" 0 0 0 0 0 0 0 0 0 0 0 0 0 0.000 0.000 0.000 0
499 "0RJ2002D477" 0 "ohm" 302162 302482 337562 338362 350962 0 0 0 0 0 1 133 499 499 0 0 0 0 0.000 90 0 0 3 3 0 0 0 0 0 0 0 0 0 "R1608_T0.45" 0 2 "" 0 3 1 0 0 0 "" 0 0 0 0 0 0 0 0 0 0 0 0 0 0.000 0.000 0.000 0
505 "EAH64532601" 0 "ohm" 302182 302502 337582 338382 0 0 0 0 0 0 1 0 505 505 0 0 0 0 0.000 0 0 0 3 3 0 0 0 0 0 0 0 0 0 "sminidiode-2pin" 0 2 "" 0 3 0 0 0 0 "" 0 0 0 0 0 0 0 0 0 0 0 0 0 0.000 0.000 0.000 0
509 "EAP65069401" 0 "ohm" 302823 360183 361183 0 0 0 0 0 0 0 1 0 509 509 0 0 0 0 0.000 0 0 0 3 3 0 0 0 0 0 0 0 0 0 "COIL_4.8t" 0 2 "" 0 1 1 0 0 0 "" 0 0 0 0 0 0 1 0 0 0 0 0 0 0.000 0.000 0.000 0
511 "EAN65566804" 0 "ohm" 302182 302502 337582 338382 0 0 0 0 0 0 1 0 511 511 0 0 0 0 90.000 0 0 0 3 3 0 0 0 0 0 0 0 0 0 "minitr_6P" 0 2 "" 0 3 1 0 0 0 "" 0 0 0 0 0 0 0 0 0 0 0 0 0 0.000 0.000 0.000 0
519 "0RJ5600C478" 0 "ohm" 302161 302481 337561 338361 350961 0 0 0 0 0 1 0 519 519 0 0 0 0 0.000 0 0 0 3 3 0 0 0 0 0 0 0 0 0 "R1005_T0.35" 0 2 "" 0 3 1 0 0 0 "" 0 0 0 0 0 0 0 0 0 0 0 0 0 0.000 0.000 0.000 0
539 "0RJ3300C478" 0 "ohm" 302161 302481 337561 338361 350961 0 0 0 0 0 1 0 539 539 0 0 0 0 0.000 0 0 0 3 3 0 0 0 0 0 0 0 0 0 "R1005_T0.35" 0 2 "" 0 3 1 0 0 0 "" 0 0 0 0 0 0 0 0 0 0 0 0 0 0.000 0.000 0.000 0
544 "0RJ1200C678" 0 "ohm" 302161 302481 337561 338361 350961 0 0 0 0 0 1 0 544 544 0 0 0 0 0.000 0 0 0 3 3 0 0 0 0 0 0 0 0 0 "R1005_T0.35" 0 2 "" 0 3 1 0 0 0 "" 0 0 0 0 0 0 0 0 0 0 0 0 0 0.000 0.000 0.000 0
545 "0RJ2700C478" 0 "ohm" 302161 302481 337561 338361 350961 0 0 0 0 0 1 0 545 545 0 0 0 0 0.000 0 0 0 3 3 0 0 0 0 0 0 0 0 0 "R1005_T0.35" 0 2 "" 0 3 1 0 0 0 "" 0 0 0 0 0 0 0 0 0 0 0 0 0 0.000 0.000 0.000 0
546 "0RJ0331D677" 0 "ohm" 302162 302482 337562 338362 350962 0 0 0 0 0 1 145 546 546 0 0 0 0 0.000 90 0 0 3 3 0 0 0 0 0 0 0 0 0 "R1608_T0.45" 0 2 "" 0 3 1 0 0 0 "" 0 0 0 0 0 0 0 0 0 0 0 0 0 0.000 0.000 0.000 0
556 "0RJ1501D477" 0 "ohm" 302162 302482 337562 338362 350962 0 0 0 0 0 1 151 556 556 0 0 0 0 0.000 90 0 0 3 3 0 0 0 0 0 0 0 0 0 "R1608_T0.45" 0 2 "" 0 3 1 0 0 0 "" 0 0 0 0 0 0 0 0 0 0 0 0 0 0.000 0.000 0.000 0
557 "0RJ3001C478" 0 "ohm" 302161 302481 337561 338361 350961 0 0 0 0 0 1 0 557 557 0 0 0 0 0.000 0 0 0 3 3 0 0 0 0 0 0 0 0 0 "R1005_T0.35" 0 2 "" 0 3 1 0 0 0 "" 0 0 0 0 0 0 0 0 0 0 0 0 0 0.000 0.000 0.000 0
576 "EAE62506501" 0 "OHM" 302161 302481 337561 338361 350961 360091 361091 0 0 0 1 0 576 576 0 0 0 0 0.000 0 0 0 3 3 0 0 0 0 0 0 0 0 0 "C1106_T0.6" 0 2 "" 0 3 1 0 0 0 "" 0 0 0 0 0 0 0 0 0 0 0 0 0 0.000 0.000 0.000 0
577 "0CZZB00055B" 0 "ohm" 302161 302481 337561 338361 350961 0 0 0 0 0 1 0 577 577 0 0 0 0 0.000 0 0 0 3 3 0 0 0 0 0 0 0 0 0 "C1005_T0.5" 0 2 "" 0 3 1 0 0 0 "" 0 0 0 0 0 0 0 0 0 0 0 0 0 0.000 0.000 0.000 0
592 "EBC60934601" 0 "ohm" 302161 302481 337561 338361 350961 0 0 0 0 0 1 0 592 592 0 0 0 0 0.000 0 0 0 3 3 0 0 0 0 0 0 0 0 0 "R1005_T0.35" 0 2 "" 0 3 1 0 0 0 "" 0 0 0 0 0 0 0 0 0 0 0 0 0 0.000 0.000 0.000 0
593 "0RJ8200C478" 0 "ohm" 302161 302481 337561 338361 350961 0 0 0 0 0 1 0 593 593 0 0 0 0 0.000 0 0 0 3 3 0 0 0 0 0 0 0 0 0 "R1005_T0.35" 0 2 "" 0 3 1 0 0 0 "" 0 0 0 0 0 0 0 0 0 0 0 0 0 0.000 0.000 0.000 0
594 "EBC62857610" 0 "ohm" 302161 302481 337561 338361 350961 0 0 0 0 0 1 0 594 594 0 0 0 0 0.000 0 0 0 3 3 0 0 0 0 0 0 0 0 0 "R1005_T0.35" 0 2 "" 0 3 1 0 0 0 "" 0 0 0 0 0 0 0 0 0 0 0 0 0 0.000 0.000 0.000 0
598 "0CK152BKG6A" 0 "ohm" 302161 302481 337561 338361 350961 0 0 0 0 0 1 0 598 598 0 0 0 0 0.000 0 0 0 3 3 0 0 0 0 0 0 0 0 0 "C1005_T0.5" 0 2 "" 0 3 1 0 0 0 "" 0 0 0 0 0 0 0 0 0 0 0 0 0 0.000 0.000 0.000 0
599 "0CK122BK56A" 0 "ohm" 302161 302481 337561 338361 350961 0 0 0 0 0 1 0 599 599 0 0 0 0 0.000 0 0 0 3 3 0 0 0 0 0 0 0 0 0 "C1005_T0.5" 0 2 "" 0 3 1 0 0 0 "" 0 0 0 0 0 0 0 0 0 0 0 0 0 0.000 0.000 0.000 0
627 "0RJ1803C678" 0 "ohm" 302161 302481 337561 338361 350961 0 0 0 0 0 1 0 627 627 0 0 0 0 0.000 0 0 0 3 3 0 0 0 0 0 0 0 0 0 "R1005_T0.35" 0 2 "" 0 3 1 0 0 0 "" 0 0 0 0 0 0 0 0 0 0 0 0 0 0.000 0.000 0.000 0
642 "EBC62582710" 0 "ohm" 302161 302481 337561 338361 350961 0 0 0 0 0 1 0 642 642 0 0 0 0 0.000 0 0 0 3 3 0 0 0 0 0 0 0 0 0 "ARRAY1010_T0.32" 0 2 "" 0 3 1 0 0 0 "" 0 0 0 0 0 0 0 0 0 0 0 0 0 0.000 0.000 0.000 0
647 "0RJ0221E472" 0 "ohm" 302162 302482 337562 338362 350962 0 0 0 0 0 1 184 647 647 0 0 0 0 0.000 90 0 0 3 3 0 0 0 0 0 0 0 0 0 "R2012_T0.5" 0 2 "" 0 3 1 0 0 0 "" 0 0 0 0 0 0 0 0 0 0 0 0 0 0.000 0.000 0.000 0
648 "0RH1002C422" 0 "ohm" 302162 302482 337562 338362 350962 360092 361092 0 0 0 1 185 648 648 0 0 0 0 0.000 90 0 0 3 3 0 0 0 0 0 0 0 0 0 "R1608_T0.45" 0 2 "" 0 3 1 0 0 0 "" 0 0 0 0 0 0 0 0 0 0 0 0 0 0.000 0.000 0.000 0
649 "0RJ1201D477" 0 "ohm" 302162 302482 337562 338362 350962 0 0 0 0 0 1 186 649 649 0 0 0 0 0.000 90 0 0 3 3 0 0 0 0 0 0 0 0 0 "R1608_T0.45" 0 2 "" 0 3 1 0 0 0 "" 0 0 0 0 0 0 0 0 0 0 0 0 0 0.000 0.000 0.000 0
650 "0RH1302C422" 0 "ohm" 302162 302482 337562 338362 350962 360092 361092 0 0 0 1 187 650 650 0 0 0 0 0.000 90 0 0 3 3 0 0 0 0 0 0 0 0 0 "R1608_T0.45" 0 2 "" 0 3 1 0 0 0 "" 0 0 0 0 0 0 0 0 0 0 0 0 0 0.000 0.000 0.000 0
652 "0RJ8201D477" 0 "ohm" 302162 302482 337562 338362 350962 0 0 0 0 0 1 189 652 652 0 0 0 0 0.000 90 0 0 3 3 0 0 0 0 0 0 0 0 0 "R1608_T0.45" 0 2 "" 0 3 1 0 0 0 "" 0 0 0 0 0 0 0 0 0 0 0 0 0 0.000 0.000 0.000 0
661 "0RJ3002D477" 0 "ohm" 302162 302482 337562 338362 350962 0 0 0 0 0 1 193 661 661 0 0 0 0 0.000 90 0 0 3 3 0 0 0 0 0 0 0 0 0 "R1608_T0.45" 0 2 "" 0 3 1 0 0 0 "" 0 0 0 0 0 0 0 0 0 0 0 0 0 0.000 0.000 0.000 0
671 "EBK64992801" 0 "ohm" 302182 302502 337582 338382 0 0 0 0 0 0 1 197 671 671 0 0 0 0 90.000 180 0 0 3 3 0 0 0 0 0 0 0 0 0 "MINI TR 3PIN" 0 2 "" 0 3 1 0 0 0 "" 0 0 0 0 0 0 0 0 0 0 0 0 0 0.000 0.000 0.000 0
695 "0CK680BK4DA" 0 "ohm" 302161 302481 337561 338361 350961 0 0 0 0 0 1 0 695 695 0 0 0 0 0.000 0 0 0 3 3 0 0 0 0 0 0 0 0 0 "C1005_T0.5" 0 2 "" 0 3 1 0 0 0 "" 0 0 0 0 0 0 0 0 0 0 0 0 0 0.000 0.000 0.000 0
705 "EBK63231701" 0 "ohm" 302182 302502 337582 338382 0 0 0 0 0 0 1 0 705 705 0 0 0 0 90.000 0 0 0 3 3 0 0 0 0 0 0 0 0 0 "minitr-3pin" 0 2 "" 0 3 1 0 0 0 "" 0 0 0 0 0 0 0 0 0 0 0 0 0 0.000 0.000 0.000 0
725 "0RJ0752D477" 0 "ohm" 302162 302482 337562 338362 350962 0 0 0 0 0 1 219 725 725 0 0 0 0 0.000 90 0 0 3 3 0 0 0 0 0 0 0 0 0 "R1608_T0.45" 0 2 "" 0 3 1 0 0 0 "" 0 0 0 0 0 0 0 0 0 0 0 0 0 0.000 0.000 0.000 0
741 "EBC32271301" 0 "ohm" 302161 302481 337561 338361 350961 0 0 0 0 0 1 0 741 741 0 0 0 0 0.000 0 0 0 3 3 0 0 0 0 0 0 0 0 0 "R1005_T0.35" 0 2 "" 0 3 1 0 0 0 "" 0 0 0 0 0 0 0 0 0 0 0 0 0 0.000 0.000 0.000 0
827 "EAV62055001" 0 "OHM" 303623 360243 361243 0 0 0 0 0 0 0 1 0 827 827 0 0 0 0 0.000 0 0 0 3 3 0 0 0 0 0 0 0 0 0 "Connector-1 Side" 0 2 "" 0 3 1 0 0 0 "" 0 0 0 0 0 0 1 0 0 0 0 0 0 0.000 0.000 0.000 0
854 "0RJ7501C477" 0 "ohm" 302162 302482 337562 338362 350962 0 0 0 0 0 1 269 854 854 0 0 0 0 0.000 90 0 0 3 3 0 0 0 0 0 0 0 0 0 "R1608_T0.45" 0 2 "" 0 3 1 0 0 0 "" 0 0 0 0 0 0 0 0 0 0 0 0 0 0.000 0.000 0.000 0
872 "0RJ1202D477" 0 "ohm" 302162 302482 337562 338362 350962 0 0 0 0 0 1 278 872 872 0 0 0 0 0.000 90 0 0 3 3 0 0 0 0 0 0 0 0 0 "R1608_T0.45" 0 2 "" 0 3 1 0 0 0 "" 0 0 0 0 0 0 0 0 0 0 0 0 0 0.000 0.000 0.000 0
881 "EBG63926101" 0 "ohm" 302162 302482 337562 338362 350962 0 0 0 0 0 1 286 881 881 0 0 0 0 0.000 90 0 0 3 3 0 0 0 0 0 0 0 0 0 "R1608_T0.45" 0 2 "" 0 3 1 0 0 0 "" 0 0 0 0 0 0 0 0 0 0 0 0 0 0.000 0.000 0.000 0
885 "EAF64547503" 0 "ohm" 302161 302481 337561 338361 350961 0 0 0 0 0 1 0 885 885 0 0 0 0 0.000 0 0 0 3 3 0 0 0 0 0 0 0 0 0 "C1005_T0.5" 0 2 "" 0 3 1 0 0 0 "" 0 0 0 0 0 0 0 0 0 0 0 0 0 0.000 0.000 0.000 0
904 "EBC63017705" 0 "ohm" 302162 302482 337562 338362 350962 0 0 0 0 0 1 295 904 904 0 0 0 0 0.000 90 0 0 3 3 0 0 0 0 0 0 0 0 0 "R1608_T0.45" 0 2 "" 0 3 1 0 0 0 "" 0 0 0 0 0 0 0 0 0 0 0 0 0 0.000 0.000 0.000 0
954 "0RJ6201C477" 0 "ohm" 302162 302482 337562 338362 350962 0 0 0 0 0 1 326 954 954 0 0 0 0 0.000 90 0 0 3 3 0 0 0 0 0 0 0 0 0 "R1608_T0.45" 0 2 "" 0 3 1 0 0 0 "" 0 0 0 0 0 0 0 0 0 0 0 0 0 0.000 0.000 0.000 0
969 "0RH5102C422" 0 "ohm" 302162 302482 337562 338362 350962 360092 361092 0 0 0 1 339 969 969 0 0 0 0 0.000 90 0 0 3 3 0 0 0 0 0 0 0 0 0 "R1608_T0.45" 0 2 "" 0 3 1 0 0 0 "" 0 0 0 0 0 0 0 0 0 0 0 0 0 0.000 0.000 0.000 0
1005 "0RH2701C422" 0 "ohm" 302162 302482 337562 338362 350962 360092 361092 0 0 0 1 370 1005 1005 0 0 0 0 0.000 90 0 0 3 3 0 0 0 0 0 0 0 0 0 "R1608_T0.45" 0 2 "" 0 3 1 0 0 0 "" 0 0 0 0 0 0 0 0 0 0 0 0 0 0.000 0.000 0.000 0
1019 "0RH3301C422" 0 "ohm" 302162 302482 337562 338362 350962 360092 361092 0 0 0 1 380 1019 1019 0 0 0 0 0.000 90 0 0 3 3 0 0 0 0 0 0 0 0 0 "R1608_T0.45" 0 2 "" 0 3 1 0 0 0 "" 0 0 0 0 0 0 0 0 0 0 0 0 0 0.000 0.000 0.000 0
1027 "0RJ3302D477" 0 "ohm" 302162 302482 337562 338362 350962 0 0 0 0 0 1 387 1027 1027 0 0 0 0 0.000 90 0 0 3 3 0 0 0 0 0 0 0 0 0 "R1608_T0.45" 0 2 "" 0 3 1 0 0 0 "" 0 0 0 0 0 0 0 0 0 0 0 0 0 0.000 0.000 0.000 0
1112 "EAH65079001" 0 "ohm" 302182 302502 337582 338382 360152 361152 0 0 0 0 1 0 1112 1112 0 0 0 0 90.000 0 0 0 3 3 0 0 0 0 0 0 0 0 0 "MINI TR 3PIN" 0 2 "" 0 3 1 0 0 0 "" 0 0 0 0 0 0 0 0 0 0 0 0 0 0.000 0.000 0.000 0
1113 "EAN66450101" 0 "ohm" 302022 302342 337422 338222 0 0 0 0 0 0 1 0 1113 1113 0 0 0 0 0.000 0 0 0 3 3 0 0 0 0 0 0 0 0 0 "QFN 12PIN" 0 2 "" 0 3 1 0 0 0 "" 0 0 0 0 0 0 0 0 0 0 0 0 0 0.000 0.000 0.000 0
1114 "EAP65276404" 0 "OHM" 303624 0 0 0 0 0 0 0 0 0 1 0 1114 1114 0 0 0 0 0.000 0 0 0 3 3 0 0 0 0 0 0 0 0 0 "Coil" 0 2 "" 0 3 1 0 0 0 "" 0 0 0 0 0 0 1 0 0 0 0 0 0 0.000 0.000 0.000 0
1115 "EAP65276501" 0 "ohm" 302182 302502 337582 338382 360152 361152 0 0 0 0 1 0 1115 1115 0 0 0 0 0.000 0 0 0 3 3 0 0 0 0 0 0 0 0 0 "C2125_t0.85" 0 2 "" 0 3 1 0 0 0 "" 0 0 0 0 0 0 0 0 0 0 0 0 0 0.000 0.000 0.000 0
1116 "EBK65195101" 0 "ohm" 302182 302502 337582 338382 360152 361152 0 0 0 0 1 0 1116 1116 0 0 0 0 0.000 0 0 0 3 3 0 0 0 0 0 0 0 0 0 "MINI TR 3PIN" 0 2 "" 0 3 1 0 0 0 "" 0 0 0 0 0 0 0 0 0 0 0 0 0 0.000 0.000 0.000 0
1117 "EAF64547501" 0 "ohm" 302161 302481 337561 338361 350961 0 0 0 0 0 1 0 1117 1117 0 0 0 0 0.000 0 0 0 3 3 0 0 0 0 0 0 0 0 0 "C1005_T0.5" 0 2 "" 0 3 1 0 0 0 "" 0 0 0 0 0 0 0 0 0 0 0 0 0 0.000 0.000 0.000 0
1118 "EAH64894901" 0 "ohm" 302182 302502 337582 338382 0 0 0 0 0 0 1 415 1118 1118 0 0 0 0 0.000 -90 0 0 3 3 0 0 0 0 0 0 0 0 0 "sminidiode-2pin" 0 2 "" 0 3 1 0 0 0 "" 0 0 0 0 0 0 0 0 0 0 0 0 0 0.000 0.000 0.000 0
1120 "EAP65276402" 0 "OHM" 302823 360183 361183 0 0 0 0 0 0 0 1 0 1120 1120 0 0 0 0 0.000 0 0 0 3 3 0 0 0 0 0 0 0 0 0 "Coil" 0 2 "" 0 3 1 0 0 0 "" 0 0 0 0 0 0 1 0 0 0 0 0 0 0.000 0.000 0.000 0
1121 "EAP65276401" 0 "ohm" 303624 0 0 0 0 0 0 0 0 0 1 0 1121 1121 0 0 0 0 0.000 0 0 0 3 3 0 0 0 0 0 0 0 0 0 "Coil" 0 2 "" 0 3 1 0 0 0 "" 0 0 0 0 0 0 1 0 0 0 0 0 0 0.000 0.000 0.000 0
1122 "EAE66302101" 0 "ohm" 302182 302502 337582 338382 360152 361152 0 0 0 0 2 0 1122 1122 0 0 0 0 0.000 0 0 0 3 3 0 0 0 0 0 0 0 0 0 "C2012_T1.25" 0 2 "" 0 3 1 0 0 0 "" 0 0 0 0 0 0 0 0 0 0 0 0 0 0.000 0.000 0.000 0
1123 "EAN66483001" 0 "ohm" 302182 302502 337582 338382 0 0 0 0 0 0 1 0 1123 1123 0 0 0 0 90.000 0 0 0 3 3 0 0 0 0 0 0 0 0 0 "minitr_6P" 0 2 "" 0 3 1 0 0 0 "" 0 0 0 0 0 0 0 0 0 0 0 0 0 0.000 0.000 0.000 0
1135 "EAH65079101" 0 "OHM" 303623 0 0 0 0 0 0 0 0 0 1 0 1135 1135 0 0 0 0 0.000 0 0 0 3 3 0 0 0 0 0 0 0 0 0 "Diode" 0 2 "" 2 1 1 0 0 0 "" 0 0 0 0 0 0 1 0 0 0 0 0 0 0.000 0.000 0.000 0
1139 "EBK65195001" 0 "ohm" 302182 302502 337582 338382 360152 361152 0 0 0 0 1 0 1139 1139 0 0 0 0 0.000 0 0 0 3 3 0 0 0 0 0 0 0 0 0 "MINI TR 3PIN" 0 2 "" 0 3 1 0 0 0 "" 0 0 0 0 0 0 0 0 0 0 0 0 0 0.000 0.000 0.000 0
1140 "EAN66454301" 0 "ohm" 302182 302502 337582 338382 360152 361152 0 0 0 0 1 0 1140 1140 0 0 0 0 0.000 0 0 0 3 3 0 0 0 0 0 0 0 0 0 "minitr_5P" 0 2 "" 0 1 1 0 0 0 "" 0 0 0 0 0 0 0 0 0 0 0 0 0 0.000 0.000 0.000 0
1154 "0RH0101C622" 0 "ohm" 302162 302482 337562 338362 350962 360092 361092 0 0 0 1 419 1154 1154 0 0 0 0 0.000 90 0 0 3 3 0 0 0 0 0 0 0 0 0 "R1608_T0.45" 0 2 "" 0 3 1 0 0 0 "" 0 0 0 0 0 0 0 0 0 0 0 0 0 0.000 0.000 0.000 0
1191 "EAN66476101" 0 "ohm" 302823 0 0 0 0 0 0 0 0 0 1 0 1191 1191 0 0 0 0 0.000 0 0 0 3 3 0 0 0 0 0 0 0 0 0 "SOP_8PIN" 0 2 "" 2 1 1 0 0 0 "" 0 0 0 0 0 0 1 0 0 0 0 0 0 0.000 0.000 0.000 0
1193 "EAP65048202" 0 "OHM" 302823 360183 361183 0 0 0 0 0 0 0 1 0 1193 1193 0 0 0 0 0.000 0 0 0 3 3 0 0 0 0 0 0 0 0 0 "COIL_4.35t" 0 2 "" 0 3 1 0 0 0 "" 0 0 0 0 0 0 1 0 0 0 0 0 0 0.000 0.000 0.000 0
1197 "EAP60778312" 0 "ohm" 302161 302481 337561 338361 350961 0 0 0 0 0 1 0 1197 1197 0 0 0 0 0.000 0 0 0 3 3 0 0 0 0 0 0 0 0 0 "C1005_T0.5" 0 2 "" 0 3 1 0 0 0 "" 0 0 0 0 0 0 0 0 0 0 0 0 0 0.000 0.000 0.000 0
1198 "EAW61645509" 0 "OHM" 302022 302342 337422 338222 360122 361122 0 0 0 0 1 0 1198 1198 0 0 0 0 0.000 0 0 0 3 3 0 0 0 0 0 0 0 0 0 "CRYSTAL_T0.65" 0 2 "" 0 1 1 0 0 0 "" 0 0 0 0 0 0 0 0 0 0 0 0 0 0.000 0.000 0.000 0
1199 "EAW61645510" 0 "ohm" 302022 302342 337422 338222 0 0 0 0 0 0 1 0 1199 1199 0 0 0 0 0.000 0 0 0 3 3 0 0 0 0 0 0 0 0 0 "CRYSTAL_T0.65" 0 2 "" 0 1 1 0 0 0 "" 0 0 0 0 0 0 0 0 0 0 0 0 0 0.000 0.000 0.000 0
1200 "EAH64895101" 0 "ohm" 302181 302501 337581 338381 0 0 0 0 0 0 1 0 1200 1200 0 0 0 0 0.000 0 0 0 3 3 0 0 0 0 0 0 0 0 0 "sminidiode-2pin" 0 2 "" 0 3 1 0 0 0 "" 0 0 0 0 0 0 0 0 0 0 0 0 0 0.000 0.000 0.000 0
1221 "EAE66279001" 0 "ohm" 302182 302502 337582 338382 360152 361152 0 0 0 0 1 434 1221 1221 0 0 0 0 0.000 90 0 0 3 3 0 0 0 0 0 0 0 0 0 "C3216_T1.15" 0 2 "" 0 3 1 0 0 0 "" 0 0 0 0 0 0 0 0 0 0 0 0 0 0.000 0.000 0.000 0
1257 "EAV61935201" 0 "OHM" 302182 302502 337582 338382 360152 361152 0 0 0 0 1 0 1257 1257 0 0 0 0 0.000 0 0 0 3 3 0 0 0 0 0 0 0 0 0 "LED-2pin" 0 2 "" 0 3 1 0 0 0 "" 0 0 0 0 0 0 0 0 0 0 0 0 0 0.000 0.000 0.000 0
1261 "0RJ2001D477" 0 "ohm" 302162 302482 337562 338362 350962 0 0 0 0 0 1 445 1261 1261 0 0 0 0 0.000 90 0 0 3 3 0 0 0 0 0 0 0 0 0 "R1608_T0.45" 0 2 "" 0 3 1 0 0 0 "" 0 0 0 0 0 0 0 0 0 0 0 0 0 0.000 0.000 0.000 0
1267 "0RH5601D422" 0 "ohm" 302162 302482 337562 338362 350962 0 0 0 0 0 1 448 1267 1267 0 0 0 0 0.000 90 0 0 3 3 0 0 0 0 0 0 0 0 0 "R2012_T0.5" 0 2 "" 0 3 1 0 0 0 "" 0 0 0 0 0 0 0 0 0 0 0 0 0 0.000 0.000 0.000 0
1282 "EAM62850301" 0 "ohm" 302162 302482 337562 338362 350962 0 0 0 0 0 1 0 1282 1282 0 0 0 0 0.000 0 0 0 3 3 0 0 0 0 0 0 0 0 0 "C2012_T0.85" 0 2 "" 0 3 1 0 0 0 "" 0 0 0 0 0 0 0 0 0 0 0 0 0 0.000 0.000 0.000 0
1283 "EAM61130603" 0 "ohm" 302161 302481 337561 338361 350961 0 0 0 0 0 1 451 1283 1283 0 0 0 0 0.000 90 0 0 3 3 0 0 0 0 0 0 0 0 0 "C1005_t0.5" 0 2 "" 0 3 1 0 0 0 "" 0 0 0 0 0 0 0 0 0 0 0 0 0 0.000 0.000 0.000 0
1285 "EAP65276405" 0 "OHM" 304425 360305 361305 0 0 0 0 0 0 0 1 0 1285 1285 0 0 0 0 0.000 0 0 0 3 3 0 0 0 0 0 0 0 0 0 "Coil" 0 2 "" 0 3 0 0 0 0 "" 0 0 0 0 0 0 1 0 0 0 0 0 0 0.000 0.000 0.000 0
1286 "EAN66482901" 0 "ohm" 302182 302502 337582 338382 0 0 0 0 0 0 1 0 1286 1286 0 0 0 0 90.000 0 0 0 3 3 0 0 0 0 0 0 0 0 0 "minitr_6P" 0 2 "" 0 1 1 0 0 0 "" 0 0 0 0 0 0 0 0 0 0 0 0 0 0.000 0.000 0.000 0
1287 "EAH65079401" 0 "OHM" 302982 0 0 0 0 0 0 0 0 0 1 0 1287 1287 0 0 0 0 0.000 0 0 0 3 3 0 0 0 0 0 0 0 0 0 "DIODE-2pin" 0 2 "" 0 3 1 0 0 0 "" 0 0 0 0 0 0 1 0 0 0 0 0 0 0.000 0.000 0.000 0
1344 "0RJ4700C478" 0 "ohm" 302161 302481 337561 338361 350961 0 0 0 0 0 1 0 1344 1344 0 0 0 0 0.000 0 0 0 3 3 0 0 0 0 0 0 0 0 0 "R1005_T0.35" 0 2 "" 0 3 1 0 0 0 "" 0 0 0 0 0 0 0 0 0 0 0 0 0 0.000 0.000 0.000 0
1369 "EAE66301001" 0 "ohm" 302182 302502 337582 338382 0 0 0 0 0 0 1 0 1369 1369 0 0 0 0 0.000 0 0 0 3 3 0 0 0 0 0 0 0 0 0 "C2012_T1.25" 0 2 "" 0 3 1 0 0 0 "" 0 0 0 0 0 0 0 0 0 0 0 0 0 0.000 0.000 0.000 0
1385 "EBK65194901" 0 "ohm" 302182 302502 337582 338382 360152 361152 0 0 0 0 1 0 1385 1385 0 0 0 0 0.000 0 0 0 3 3 0 0 0 0 0 0 0 0 0 "MINI TR 3PIN" 0 2 "" 0 3 1 0 0 0 "" 0 0 0 0 0 0 0 0 0 0 0 0 0 0.000 0.000 0.000 0
1443 "EAN66526401" 0 "ohm" 302182 302502 337582 338382 360152 361152 0 0 0 0 1 0 1443 1443 0 0 0 0 0.000 0 0 0 3 3 0 0 0 0 0 0 0 0 0 "QFN_10PIN" 0 2 "" 2 1 1 0 0 0 "" 0 0 0 0 0 0 0 0 0 0 0 0 0 0.000 0.000 0.000 0
1492 "0RH0332C622" 0 "ohm" 302162 302482 337562 338362 350962 360092 361092 0 0 0 1 494 1492 1492 0 0 0 0 0.000 90 0 0 3 3 0 0 0 0 0 0 0 0 0 "R1608_T0.45" 0 2 "" 0 3 1 0 0 0 "" 0 0 0 0 0 0 0 0 0 0 0 0 0 0.000 0.000 0.000 0
1524 "EAH65088901" 0 "ohm" 302182 302502 337582 338382 360152 361152 0 0 0 0 1 499 1524 1524 0 0 0 0 0.000 90 0 0 3 3 0 0 0 0 0 0 0 0 0 "ARRAY2010_T0.5" 0 2 "" 0 3 1 0 0 0 "" 0 0 0 0 0 0 0 0 0 0 0 0 0 0.000 0.000 0.000 0
1525 "EAN66526301" 0 "ohm" 302182 302502 337582 338382 360152 361152 0 0 0 0 1 0 1525 1525 0 0 0 0 90.000 0 0 0 3 3 0 0 0 0 0 0 0 0 0 "MINI TR 3PIN" 0 2 "" 0 3 1 0 0 0 "" 0 0 0 0 0 0 0 0 0 0 0 0 0 0.000 0.000 0.000 0
1530 "EAP65276409" 0 "OHM" 302823 0 0 0 0 0 0 0 0 0 1 0 1530 1530 0 0 0 0 0.000 0 0 0 3 3 0 0 0 0 0 0 0 0 0 "Coil_4.35t" 0 2 "" 0 1 1 0 0 0 "" 0 0 0 0 0 0 1 0 0 0 0 0 0 0.000 0.000 0.000 0
1538 "EAW64262701" 0 "OHM" 302022 302342 337422 338222 0 0 0 0 0 0 1 0 1538 1538 0 0 0 0 0.000 0 0 0 3 3 0 0 0 0 0 0 0 0 0 "CRYSTAL_3225_T0.65" 0 2 "" 0 1 1 0 0 0 "" 0 0 0 0 0 0 0 0 0 0 0 0 0 0.000 0.000 0.000 0
1544 "0RH4700C422" 0 "ohm" 302162 302482 337562 338362 350962 360092 361092 0 0 0 1 503 1544 1544 0 0 0 0 0.000 90 0 0 3 3 0 0 0 0 0 0 0 0 0 "R1608_T0.45" 0 2 "" 0 3 1 0 0 0 "" 0 0 0 0 0 0 0 0 0 0 0 0 0 0.000 0.000 0.000 0
1545 "EAN66534401" 0 "OHM" 302823 0 0 0 0 0 0 0 0 0 1 504 1545 1545 0 0 0 0 0.000 -90 0 0 3 3 0 0 0 0 0 0 0 0 0 "QFN 18PIN" 0 2 "" 2 1 1 0 0 0 "" 0 0 0 0 0 0 1 0 0 0 0 0 0 0.000 0.000 0.000 0
1546 "EAN66538001" 0 "ohm" 302182 302502 337582 338382 0 0 0 0 0 0 1 0 1546 1546 0 0 0 0 90.000 0 0 0 3 3 0 0 0 0 0 0 0 0 0 "minitr_6P" 0 2 "" 0 3 1 0 0 0 "" 0 0 0 0 0 0 0 0 0 0 0 0 0 0.000 0.000 0.000 0
1548 "EAE66332901" 0 "ohm" 302162 302482 337562 338362 350962 0 0 0 0 0 1 505 1548 1548 0 0 0 0 0.000 90 0 0 3 3 0 0 0 0 0 0 0 0 0 "C1608_t0.8" 0 2 "" 0 3 1 0 0 0 "" 0 0 0 0 0 0 0 0 0 0 0 0 0 0.000 0.000 0.000 0
1549 "EAP65276412" 0 "OHM" 303624 360244 361244 0 0 0 0 0 0 0 1 0 1549 1549 0 0 0 0 0.000 0 0 0 3 3 0 0 0 0 0 0 0 0 0 "COIL_4.35t" 0 2 "" 0 3 1 0 0 0 "" 0 0 0 0 0 0 1 0 0 0 0 0 0 0.000 0.000 0.000 0
1550 "EBC61197701" 0 "ohm" 302161 302481 337561 338361 350961 0 0 0 0 0 1 0 1550 1550 0 0 0 0 0.000 0 0 0 3 3 0 0 0 0 0 0 0 0 0 "ARRAY2010_T0.35" 0 2 "" 0 3 1 0 0 0 "" 0 0 0 0 0 0 0 0 0 0 0 0 0 0.000 0.000 0.000 0
1552 "EAH65089601" 0 "OHM" 302982 0 0 0 0 0 0 0 0 0 1 506 1552 1552 0 0 0 0 0.000 -90 0 0 3 3 0 0 0 0 0 0 0 0 0 "Diode-2pin" 0 2 "" 2 1 1 0 0 0 "" 0 0 0 0 0 0 1 0 0 0 0 0 0 0.000 0.000 0.000 0
1553 "EBC62997015" 0 "ohm" 302162 302482 337562 338362 350962 0 0 0 0 0 1 507 1553 1553 0 0 0 0 0.000 90 0 0 3 3 0 0 0 0 0 0 0 0 0 "R3216_t0.55" 0 2 "" 0 3 1 0 0 0 "" 0 0 0 0 0 0 0 0 0 0 0 0 0 0.000 0.000 0.000 0
1554 "EBC65736201" 0 "ohm" 302162 302482 337562 338362 350962 360092 361092 0 0 0 1 508 1554 1554 0 0 0 0 0.000 90 0 0 3 3 0 0 0 0 0 0 0 0 0 "R3216_t0.55" 0 2 "" 0 3 1 0 0 0 "" 0 0 0 0 0 0 0 0 0 0 0 0 0 0.000 0.000 0.000 0
1555 "EBC65736301" 0 "ohm" 302162 302482 337562 338362 350962 360092 361092 0 0 0 1 509 1555 1555 0 0 0 0 0.000 90 0 0 3 3 0 0 0 0 0 0 0 0 0 "R3216_t0.55" 0 2 "" 0 3 1 0 0 0 "" 0 0 0 0 0 0 0 0 0 0 0 0 0 0.000 0.000 0.000 0
1556 "EBK65187801" 0 "ohm" 302182 302502 337582 338382 360152 361152 0 0 0 0 1 0 1556 1556 0 0 0 0 90.000 0 0 0 3 3 0 0 0 0 0 0 0 0 0 "MINI TR 3PIN" 0 2 "" 0 3 1 0 0 0 "" 0 0 0 0 0 0 0 0 0 0 0 0 0 0.000 0.000 0.000 0
1557 "EAN66549101" 0 "ohm" 302182 302502 337582 338382 0 0 0 0 0 0 1 0 1557 1557 0 0 0 0 90.000 0 0 0 3 3 0 0 0 0 0 0 0 0 0 "minitr_5P" 0 2 "" 0 1 1 0 0 0 "" 0 0 0 0 0 0 0 0 0 0 0 0 0 0.000 0.000 0.000 0
1563 "EAE66306801" 0 "ohm" 302182 302502 337582 338382 360152 361152 0 0 0 0 1 0 1563 1563 0 0 0 0 0.000 0 0 0 3 3 0 0 0 0 0 0 0 0 0 "C2012_T1.25" 0 2 "" 0 3 1 0 0 0 "" 0 0 0 0 0 0 0 0 0 0 0 0 0 0.000 0.000 0.000 0
1565 "EAH65088801" 0 "ohm" 302182 302502 337582 338382 360152 361152 0 0 0 0 1 511 1565 1565 0 0 0 0 0.000 90 0 0 3 3 0 0 0 0 0 0 0 0 0 "ARRAY2010_T0.5" 0 2 "" 0 3 1 0 0 0 "" 0 0 0 0 0 0 0 0 0 0 0 0 0 0.000 0.000 0.000 0
1571 "EAN66538201" 0 "ohm" 302182 302502 337582 338382 0 0 0 0 0 0 1 0 1571 1571 0 0 0 0 90.000 0 0 0 3 3 0 0 0 0 0 0 0 0 0 "minitr_6P" 0 2 "" 0 3 1 0 0 0 "" 0 0 0 0 0 0 0 0 0 0 0 0 0 0.000 0.000 0.000 0
1573 "EAN66549001" 0 "ohm" 302182 302502 337582 338382 0 0 0 0 0 0 1 0 1573 1573 0 0 0 0 90.000 0 0 0 3 3 0 0 0 0 0 0 0 0 0 "minitr_5P" 0 2 "" 0 1 1 0 0 0 "" 0 0 0 0 0 0 0 0 0 0 0 0 0 0.000 0.000 0.000 0
1575 "0RJ2703C477" 0 "ohm" 302162 302482 337562 338362 350962 0 0 0 0 0 1 515 1575 1575 0 0 0 0 0.000 90 0 0 3 3 0 0 0 0 0 0 0 0 0 "R1608_T0.45" 0 2 "" 0 3 1 0 0 0 "" 0 0 0 0 0 0 0 0 0 0 0 0 0 0.000 0.000 0.000 0
1579 "0RH2402C422" 0 "ohm" 302162 302482 337562 338362 350962 0 0 0 0 0 1 516 1579 1579 0 0 0 0 0.000 90 0 0 3 3 0 0 0 0 0 0 0 0 0 "R1608_T0.45" 0 2 "" 0 3 1 0 0 0 "" 0 0 0 0 0 0 0 0 0 0 0 0 0 0.000 0.000 0.000 0
2131 "0RH9101C422" 0 "ohm" 302162 302482 337562 338362 350962 360092 361092 0 0 0 1 666 2131 2131 0 0 0 0 0.000 90 0 0 3 3 0 0 0 0 0 0 0 0 0 "R1608_T0.45" 0 2 "" 0 3 1 0 0 0 "" 0 0 0 0 0 0 0 0 0 0 0 0 0 0.000 0.000 0.000 0
2157 "EAN66583501" 0 "ohm" 302182 302502 337582 338382 0 0 0 0 0 0 1 0 2157 2157 0 0 0 0 90.000 0 0 0 3 3 0 0 0 0 0 0 0 0 0 "minitr_6P" 0 1 "" 0 3 1 0 0 0 "" 0 0 0 0 0 0 0 0 0 0 0 0 0 0.000 0.000 0.000 0
2206 "6322A00028C" 0 "ohm" 302161 302481 337561 338361 350961 0 0 0 0 0 1 0 2206 2206 0 0 0 0 0.000 0 0 0 3 3 0 0 0 0 0 0 0 0 0 "C1005_T0.5" 0 2 "" 0 3 1 0 0 0 "" 0 0 0 0 0 0 0 0 0 0 0 0 0 0.000 0.000 0.000 0
2336 "EAF64547504" 0 "OHM" 302161 302481 337561 338361 350961 0 0 0 0 0 1 0 2336 2336 0 0 0 0 0.000 0 0 0 3 3 0 0 0 0 0 0 0 0 0 "C1005_T0.5" 0 2 "" 0 3 1 0 0 0 "" 0 0 0 0 0 0 0 0 0 0 0 0 0 0.000 0.000 0.000 0
2338 "EAN66602901" 0 "OHM" 302823 0 0 0 0 0 0 0 0 0 1 0 2338 2338 0 0 0 0 0.000 0 0 0 3 3 0 0 0 0 0 0 0 0 0 "QFN 10PIN" 0 2 "" 0 3 1 0 0 0 "" 0 0 0 0 0 0 1 0 0 0 0 0 0 0.000 0.000 0.000 0
2358 "EAN66547501" 0 "OHM" 303624 303784 0 0 0 0 0 0 0 0 1 0 2358 2358 0 0 0 0 0.000 0 0 0 3 3 0 0 0 0 0 0 0 0 0 "QFN 72P" 0 2 "" 0 3 1 0 0 0 "" 0 0 0 0 0 0 1 0 0 0 0 0 0 0.000 0.000 0.000 0
2360 "EAN66482501" 0 "OHM" 302823 0 0 0 0 0 0 0 0 0 1 778 2360 2360 0 0 0 0 0.000 -90 0 0 3 3 0 0 0 0 0 0 0 0 0 "QFN 18PIN" 0 2 "" 2 1 1 0 0 0 "" 0 0 0 0 0 0 1 0 0 0 0 0 0 0.000 0.000 0.000 0
2365 "EAM65804603" 0 "OHM" 302162 302482 337562 338362 350962 0 0 0 0 0 1 0 2365 2365 0 0 0 0 0.000 0 0 0 3 3 0 0 0 0 0 0 0 0 0 "C2012_T0.85" 0 2 "" 0 3 1 0 0 0 "" 0 0 0 0 0 0 0 0 0 0 0 0 0 0.000 0.000 0.000 0
2367 "EAE66354401" 0 "OHM" 302182 302502 337582 338382 0 0 0 0 0 0 3 0 2367 2367 0 0 0 0 0.000 0 0 0 3 3 0 0 0 0 0 0 0 0 0 "C2012_T1.25" 0 2 "" 0 3 1 0 0 0 "" 0 0 0 0 0 0 0 0 0 0 0 0 0 0.000 0.000 0.000 0
2368 "EBK65212101" 0 "OHM" 302182 302502 337582 338382 0 0 0 0 0 0 1 0 2368 2368 0 0 0 0 90.000 0 0 0 3 3 0 0 0 0 0 0 0 0 0 "MINI TR 3PIN" 0 2 "" 0 3 1 0 0 0 "" 0 0 0 0 0 0 0 0 0 0 0 0 0 0.000 0.000 0.000 0
2369 "EAH65098401" 0 "OHM" 303623 0 0 0 0 0 0 0 0 0 1 0 2369 2369 0 0 0 0 0.000 0 0 0 3 3 0 0 0 0 0 0 0 0 0 "Diode 2P" 0 2 "" 2 1 1 0 0 0 "" 0 0 0 0 0 0 1 0 0 0 0 0 0 0.000 0.000 0.000 0
2370 "EBK65214001" 0 "OHM" 302182 302502 337582 338382 360152 361152 0 0 0 0 1 0 2370 2370 0 0 0 0 90.000 0 0 0 3 3 0 0 0 0 0 0 0 0 0 "MINI TR 3PIN" 0 2 "" 0 3 1 0 0 0 "" 0 0 0 0 0 0 0 0 0 0 0 0 0 0.000 0.000 0.000 0
2371 "EBK65220701" 0 "OHM" 303623 360243 361243 0 0 0 0 0 0 0 1 0 2371 2371 0 0 0 0 0.000 0 0 0 3 3 0 0 0 0 0 0 0 0 0 "Power Tr_3P" 0 2 "" 2 1 1 0 0 0 "" 0 0 0 0 0 0 1 0 0 0 0 0 0 0.000 0.000 0.000 0
2372 "EAE60659102" 0 "OHM" 302824 360184 361184 0 0 0 0 0 0 0 1 0 2372 2372 0 0 0 0 0.000 0 0 0 3 3 0 0 0 0 0 0 0 0 0 "ALU5353_T5.5" 0 2 "" 0 0 1 0 0 0 "" 0 0 0 0 0 0 1 0 0 0 0 0 0 0.000 0.000 0.000 0
2374 "EAE66354501" 0 "OHM" 302162 302482 337562 338362 350962 0 0 0 0 0 1 779 2374 2374 0 0 0 0 0.000 90 0 0 3 3 0 0 0 0 0 0 0 0 0 "C1608_t0.8" 0 2 "" 0 3 1 0 0 0 "" 0 0 0 0 0 0 0 0 0 0 0 0 0 0.000 0.000 0.000 0
2375 "EAH65098301" 0 "OHM" 303623 0 0 0 0 0 0 0 0 0 1 0 2375 2375 0 0 0 0 0.000 0 0 0 3 3 0 0 0 0 0 0 0 0 0 "Diode 2P" 0 2 "" 2 1 1 0 0 0 "" 0 0 0 0 0 0 0 0 0 0 0 0 0 0.000 0.000 0.000 0
2377 "EAM65804601" 0 "OHM" 302161 302481 337561 338361 350961 360091 361091 0 0 0 1 0 2377 2377 0 0 0 0 0.000 0 0 0 3 3 0 0 0 0 0 0 0 0 0 "C1005_T0.5" 0 2 "" 0 3 1 0 0 0 "" 0 0 0 0 0 0 0 0 0 0 0 0 0 0.000 0.000 0.000 0
2378 "EAP65289001" 0 "OHM" 303624 0 0 0 0 0 0 0 0 0 1 0 2378 2378 0 0 0 0 0.000 0 0 0 3 3 0 0 0 0 0 0 0 0 0 "COIL" 0 2 "" 0 3 1 0 0 0 "" 0 0 0 0 0 0 0 0 0 0 0 0 0 0.000 0.000 0.000 0
2381 "EAN66551602" 0 "OHM" 303624 303784 0 0 0 0 0 0 0 0 1 0 2381 2381 0 0 0 0 0.000 0 0 0 3 3 0 0 0 0 0 0 0 0 0 "QFN 72P" 0 2 "" 0 3 1 0 0 0 "" 0 0 0 0 0 0 0 0 0 0 0 0 0 0.000 0.000 0.000 0
2512 "EAM00023901" 0 "OHM" 302182 302502 337582 338382 360152 361152 0 0 0 0 1 0 2512 2512 0 0 0 0 0.000 0 0 0 3 3 0 0 0 0 0 0 0 0 0 "FILTER 4PIN" 0 2 "" 0 1 1 0 0 0 "" 0 0 0 0 0 0 0 0 0 0 0 0 0 0.000 0.000 0.000 0
2515 "EAN66586401" 0 "ohm" 302182 302502 337582 338382 360152 361152 0 0 0 0 1 0 2515 2515 0 0 0 0 0.000 0 0 0 3 3 0 0 0 0 0 0 0 0 0 "ic-6pin" 0 2 "" 0 3 1 0 0 0 "" 0 0 0 0 0 0 0 0 0 0 0 0 0 0.000 0.000 0.000 0
2516 "EAP65289602" 0 "ohm" 302182 302502 337582 338382 360152 361152 0 0 0 0 1 0 2516 2516 0 0 0 0 0.000 0 0 0 3 3 0 0 0 0 0 0 0 0 0 "L2520" 0 2 "" 0 3 1 0 0 0 "" 0 0 0 0 0 0 0 0 0 0 0 0 0 0.000 0.000 0.000 0
2523 "EAN66603501" 0 "OHM" 302982 360212 361212 0 0 0 0 0 0 0 1 0 2523 2523 0 0 0 0 0.000 0 0 0 3 3 0 0 0 0 0 0 0 0 0 "IC4P" 0 2 "" 0 3 1 0 0 0 "" 0 0 0 0 0 0 0 0 0 0 0 0 0 0.000 0.000 0.000 0
2524 "EAP65276418" 0 "ohm" 303623 0 0 0 0 0 0 0 0 0 1 0 2524 2524 0 0 0 0 0.000 0 0 0 3 3 0 0 0 0 0 0 0 0 0 "Coil" 0 2 "" 0 3 1 0 0 0 "" 0 0 0 0 0 0 0 0 0 0 0 0 0 0.000 0.000 0.000 0
2525 "EAP65276429" 0 "ohm" 303623 0 0 0 0 0 0 0 0 0 1 0 2525 2525 0 0 0 0 0.000 0 0 0 3 3 0 0 0 0 0 0 0 0 0 "Coil" 0 2 "" 0 3 1 0 0 0 "" 0 0 0 0 0 0 0 0 0 0 0 0 0 0.000 0.000 0.000 0
2526 "EAP65289605" 0 "ohm" 302182 302502 337582 338382 360152 361152 0 0 0 0 1 0 2526 2526 0 0 0 0 0.000 0 0 0 3 3 0 0 0 0 0 0 0 0 0 "L2520" 0 2 "" 0 3 1 0 0 0 "" 0 0 0 0 0 0 0 0 0 0 0 0 0 0.000 0.000 0.000 0
2529 "EAM00023902" 0 "ohm" 302182 302502 337582 338382 360152 361152 0 0 0 0 1 0 2529 2529 0 0 0 0 0.000 0 0 0 3 3 0 0 0 0 0 0 0 0 0 "FILTER 4PIN" 0 2 "" 0 1 1 0 0 0 "" 0 0 0 0 0 0 0 0 0 0 0 0 0 0.000 0.000 0.000 0
2530 "EBJ30065002" 0 "ohm" 302983 360213 361213 0 0 0 0 0 0 0 1 0 2530 2530 0 0 0 0 0.000 0 0 0 3 3 0 0 0 0 0 0 0 0 0 "FILTER 6PIN" 0 2 "" 0 1 1 0 0 0 "" 0 0 0 0 0 0 0 0 0 0 0 0 0 0.000 0.000 0.000 0
2531 "EAN00967601" 0 "ohm" 303624 360244 361244 0 0 0 0 0 0 0 1 0 2531 2531 0 0 0 0 0.000 0 0 0 3 3 0 0 0 0 0 0 0 0 0 "SOP_28P" 0 2 "" 2 1 1 0 0 0 "" 0 0 0 0 0 0 0 0 0 0 0 0 0 0.000 0.000 0.000 0
2533 "EAP60778315" 0 "ohm" 302161 302481 337561 338361 350961 0 0 0 0 0 1 0 2533 2533 0 0 0 0 0.000 0 0 0 3 3 0 0 0 0 0 0 0 0 0 "C1005_T0.5" 0 2 "" 0 3 1 0 0 0 "" 0 0 0 0 0 0 0 0 0 0 0 0 0 0.000 0.000 0.000 0
2536 "6322A00028B" 0 "OHM" 302161 302481 337561 338361 350961 0 0 0 0 0 1 0 2536 2536 0 0 0 0 0.000 0 0 0 3 3 0 0 0 0 0 0 0 0 0 "C1005_T0.5" 0 2 "" 0 3 1 0 0 0 "" 0 0 0 0 0 0 0 0 0 0 0 0 0 0.000 0.000 0.000 0
2538 "EAN66600401" 0 "OHM" 302182 302502 337582 338382 360152 361152 0 0 0 0 1 0 2538 2538 0 0 0 0 0.000 0 0 0 3 3 0 0 0 0 0 0 0 0 0 "DFN 6P" 0 1 "" 0 3 1 0 0 0 "" 0 0 0 0 0 0 0 0 0 0 0 0 0 0.000 0.000 0.000 0
2539 "EAN00951601" 0 "ohm" 302182 302502 337582 338382 0 0 0 0 0 0 1 0 2539 2539 0 0 0 0 90.000 0 0 0 3 3 0 0 0 0 0 0 0 0 0 "minitr_6P" 0 2 "" 0 3 1 0 0 0 "" 0 0 0 0 0 0 0 0 0 0 0 0 0 0.000 0.000 0.000 0
2543 "EAF64547506" 0 "ohm" 302161 302481 337561 338361 350961 360091 361091 0 0 0 1 0 2543 2543 0 0 0 0 0.000 0 0 0 3 3 0 0 0 0 0 0 0 0 0 "C1005_T0.5" 0 2 "" 0 3 1 0 0 0 "" 0 0 0 0 0 0 0 0 0 0 0 0 0 0.000 0.000 0.000 0
2554 "EAH30119201" 0 "ohm" 302182 302502 337582 338382 360152 361152 0 0 0 0 1 0 2554 2554 0 0 0 0 0.000 0 0 0 3 3 0 0 0 0 0 0 0 0 0 "sminidiode-2pin" 0 2 "" 0 3 1 0 0 0 "" 0 0 0 0 0 0 0 0 0 0 0 0 0 0.000 0.000 0.000 0

[WaferData]
IDNUM SIZE T StartPointActionMode SPX SPY PitchX PitchY PT SearchWay SearchDir SearchSwitchDir BefLCSearchNum AftLCSearchNum PickupPosRecMode InspectDieMode BlockMatchMode PickupPosRecTiming CompBadMarkChk ErrorStopSkipNum LMPA LMPB LMPC LMPD AMarkPosX AMarkPosY BMarkPosX BMarkPosY PatNoA PatNoB WaferMap

[PartsInspectSkipKind]
IDNUM PARTS KIND
1 1 0
2 2 0
3 3 0
4 4 0
5 5 0
6 6 0
7 7 0
8 8 0
9 9 0
10 10 0
11 11 0
12 12 0
13 13 0
15 15 0
16 16 0
17 17 0
18 18 0
19 19 0
20 20 0
21 21 0
22 22 0
23 23 0
24 24 0
25 25 0
26 26 0
27 27 0
28 28 0
29 29 0
30 30 0
31 31 0
32 32 0
33 33 0
34 34 0
35 35 0
36 36 0
37 37 0
38 38 0
39 39 0
40 40 0
41 41 0
44 44 0
45 45 0
46 46 0
47 47 0
48 48 0
49 49 0
50 50 0
51 51 0
52 52 0
53 53 0
54 54 0
55 55 0
56 56 0
57 57 0
58 58 0
59 59 0
61 61 0
62 62 0
63 63 0
64 64 0
65 65 0
66 66 0
68 68 0
69 69 0
70 70 0
71 71 0
72 72 0
73 73 0
74 74 0
75 75 0
76 76 0
77 77 0
78 78 0
79 79 0
80 80 0
83 83 0
84 84 0
85 85 0
86 86 0
87 87 0
89 89 0
90 90 0
91 91 0
92 92 0
94 94 0
95 95 0
97 97 0
98 98 0
100 100 0
101 101 0
102 102 0
103 103 0
104 104 0
107 107 0
108 108 0
109 109 0
110 110 0
111 111 0
112 112 0
113 113 0
114 114 0
116 116 0
119 119 0
120 120 0
121 121 0
127 127 0
128 128 0
129 129 0
130 130 0
131 131 0
135 135 0
138 138 0
139 139 0
146 146 0
147 147 0
149 149 0
152 152 0
157 157 0
160 160 0
170 170 0
174 174 0
178 178 0
179 179 0
181 181 0
184 184 0
186 186 0
188 188 0
191 191 0
192 192 0
197 197 0
205 205 0
208 208 0
231 231 0
232 232 0
233 233 0
235 235 0
236 236 0
241 241 0
242 242 0
248 248 0
249 249 0
251 251 0
256 256 0
257 257 0
259 259 0
262 262 0
265 265 0
266 266 0
267 267 0
268 268 0
269 269 0
270 270 0
272 272 0
273 273 0
280 280 0
283 283 0
284 284 0
299 299 0
303 303 0
305 305 0
307 307 0
309 309 0
313 313 0
314 314 0
317 317 0
318 318 0
331 331 0
332 332 0
333 333 0
337 337 0
343 343 0
347 347 0
350 350 0
351 351 0
352 352 0
353 353 0
354 354 0
355 355 0
356 356 0
357 357 0
358 358 0
359 359 0
360 360 0
361 361 0
362 362 0
366 366 0
368 368 0
374 374 0
375 375 0
384 384 0
385 385 0
386 386 0
387 387 0
389 389 0
390 390 0
391 391 0
395 395 0
402 402 0
404 404 0
408 408 0
409 409 0
410 410 0
414 414 0
415 415 0
416 416 0
417 417 0
423 423 0
424 424 0
425 425 0
426 426 0
429 429 0
430 430 0
434 434 0
436 436 0
437 437 0
439 439 0
448 448 0
449 449 0
452 452 0
455 455 0
458 458 0
460 460 0
482 482 0
499 499 0
505 505 0
509 509 0
511 511 0
519 519 0
539 539 0
544 544 0
545 545 0
546 546 0
556 556 0
557 557 0
576 576 0
577 577 0
592 592 0
593 593 0
594 594 0
598 598 0
599 599 0
627 627 0
642 642 0
647 647 0
648 648 0
649 649 0
650 650 0
652 652 0
661 661 0
671 671 0
695 695 0
705 705 0
725 725 0
741 741 0
827 827 0
854 854 0
872 872 0
881 881 0
885 885 0
904 904 0
954 954 0
969 969 0
1005 1005 0
1019 1019 0
1027 1027 0
1112 1112 0
1113 1113 0
1114 1114 0
1115 1115 0
1116 1116 0
1117 1117 0
1118 1118 0
1120 1120 0
1121 1121 0
1122 1122 0
1123 1123 0
1135 1135 0
1139 1139 0
1140 1140 0
1154 1154 0
1191 1191 0
1193 1193 0
1197 1197 0
1198 1198 0
1199 1199 0
1200 1200 0
1221 1221 0
1257 1257 0
1261 1261 0
1267 1267 0
1282 1282 0
1283 1283 0
1285 1285 0
1286 1286 0
1287 1287 0
1344 1344 0
1369 1369 0
1385 1385 0
1443 1443 0
1492 1492 0
1524 1524 0
1525 1525 0
1530 1530 0
1538 1538 0
1544 1544 0
1545 1545 0
1546 1546 0
1548 1548 0
1549 1549 0
1550 1550 0
1552 1552 0
1553 1553 0
1554 1554 0
1555 1555 0
1556 1556 0
1557 1557 0
1563 1563 0
1565 1565 0
1571 1571 0
1573 1573 0
1575 1575 0
1579 1579 0
2131 2131 0
2157 2157 0
2206 2206 0
2336 2336 0
2338 2338 0
2358 2358 0
2360 2360 0
2365 2365 0
2367 2367 0
2368 2368 0
2369 2369 0
2370 2370 0
2371 2371 0
2372 2372 0
2374 2374 0
2375 2375 0
2377 2377 0
2378 2378 0
2381 2381 0
2512 2512 0
2515 2515 0
2516 2516 0
2523 2523 0
2524 2524 0
2525 2525 0
2526 2526 0
2529 2529 0
2530 2530 0
2531 2531 0
2533 2533 0
2536 2536 0
2538 2538 0
2539 2539 0
2543 2543 0
2554 2554 0

[NozzleMaxData]
IDNUM NozzleNo Nsize Maxs
1 10001 12 0
2 1001 0 999
3 1002 0 999
4 1003 0 999
5 1004 0 999
6 1005 0 999
7 1006 0 999
8 101G 4 999
9 102G 4 999
10 103 0 999
11 104 0 999
12 110 0 999
13 110 4 999
14 11001 13 0
15 111 0 999
16 113 0 999
17 114 0 999
18 115 0 999
19 115 4 999
20 120 0 999
21 120 4 999
22 12001 14 0
23 12002 14 0
24 130 0 999
25 130 4 999
26 1385 0 999
27 140 0 999
28 140 4 999
29 1421 0 999
30 1582 0 999
31 1599 0 999
32 185 0 999
33 196 0 999
34 199 0 999
35 203 0 999
36 203 4 999
37 205 0 999
38 205 4 999
39 206 0 999
40 206 4 999
41 212 0 999
42 225 0 999
43 225 4 999
44 226 0 999
45 226 4 999
46 230 0 999
47 230 4 999
48 235 0 999
49 235 4 999
50 240 0 999
51 240 4 999
52 2405 0 999
53 2467 0 999
54 256 0 999
55 256 4 999
56 275 4 999
57 276 4 999
58 281 4 999
59 286 4 999
60 291 4 999
61 3451 0 999
62 3484 0 999
63 3485 0 999
64 3486 0 999
65 3487 0 999
66 360 0 999
67 4444 0 999
68 450 1 999
69 4528 0 999
70 460 1 999
71 6617 0 999
72 766 4 999
73 769 4 999
74 777 0 999
75 7777 1 999
76 888 0 999
77 8888 1 999
78 999 0 999
79 9999 1 999

[NozzleDataNPM]
IDNUM NozzleNo Size TUPH MAXH X Y TX TY NAME NH CO LO TO VU VD TT MT RcgMode Fb VSMC AdhChk SN
1 230 0 13.800 13.800 1.000 0.900 1.000 0.600 "1005-1608" 1 1 1 1 5 -5 6 5 0 -65 0 0 0
2 120 0 13.800 13.800 1.300 1.300 1.300 1.300 "2125MM" 1 1 1 1 5 -5 6 8 0 -76 0 0 0
3 140 4 13.800 13.800 4.000 4.000 4.000 4.000 "D040MM" 0 0 0 0 2 -7 6 8 0 -68 0 0 0
4 240 4 13.800 13.800 2.000 2.000 2.100 2.100 "3216MM" 1 1 1 1 2 -7 6 8 0 -60 0 0 0
5 230 4 13.800 13.800 1.000 0.900 1.000 0.600 "1005-1608" 1 0 1 1 0 -12 3 4 0 -45 0 0 0
6 120 4 13.800 13.800 1.300 1.300 1.300 1.300 "2125MM" 1 1 1 1 2 -7 6 8 0 -67 0 0 0
7 235 0 13.800 13.800 2.000 2.000 1.600 0.800 "1608-2125" 1 1 1 1 5 -5 6 5 0 -69 0 0 0
8 235 4 13.800 13.800 2.000 2.000 1.600 0.800 "1608-2125" 1 0 1 1 2 -12 6 4 0 -51 0 2 0
9 140 0 13.800 13.800 4.000 4.000 4.000 4.000 "D040MM" 0 0 0 0 5 -5 6 8 0 -79 0 0 0
10 240 0 13.800 13.800 2.000 2.000 2.100 2.100 "3216MM" 1 0 1 1 5 -5 6 8 0 -76 0 0 0
11 104 0 13.800 13.800 5.400 5.400 5.400 5.400 "VR1004A" 0 0 0 0 5 -5 6 8 0 -76 0 0 0
12 1001 0 22.500 22.500 1.300 0.900 1.300 0.900 "D013MM" 1 1 1 0 -10 -25 20 10 0 -41 0 0 0
13 110 4 13.800 13.800 0.600 0.600 0.600 0.600 "1005MM" 1 0 1 1 2 -7 6 8 0 -42 0 0 0
14 1002 0 22.500 22.500 3.000 3.000 3.000 2.200 "D030MM" 1 1 1 0 -10 -25 20 10 0 -75 0 0 0
15 225 0 13.800 13.800 1.000 0.900 0.600 0.350 "0603MM" 1 0 1 1 5 -5 6 5 0 -41 0 0 0
16 203 0 13.800 13.800 1.250 1.250 0.450 0.300 "203Z" 1 1 1 1 5 -5 6 5 0 -25 0 0 0
17 115 0 13.800 13.800 0.900 0.900 0.900 0.900 "1608MM" 1 0 1 1 5 -5 6 8 0 -72 0 0 0
18 1003 0 22.500 22.500 6.000 4.000 6.000 4.000 "D060MM" 1 0 1 0 -10 -25 20 10 0 -79 0 0 0
19 226 0 13.800 13.800 1.000 0.900 0.600 0.500 "0603-1005" 1 0 1 1 5 -5 6 5 0 -45 0 0 0
20 1004 0 22.500 22.500 8.000 8.000 8.000 8.000 "D080MM" 0 0 1 0 -10 -25 20 10 0 -79 0 0 0
21 256 4 13.800 13.800 0.950 0.950 0.450 0.300 "0402MM" 1 1 1 1 0 -12 3 4 0 -10 0 0 0
22 205 0 13.800 13.800 1.250 1.250 0.650 0.350 "0603MM" 1 0 1 1 5 -5 6 5 0 -35 0 0 0
23 1005 0 22.500 22.500 10.000 10.000 10.000 10.000 "D100MM" 0 0 0 0 -10 -25 20 10 0 -77 0 0 0
24 206 0 13.800 13.800 1.250 1.250 0.600 0.500 "0603-1005" 1 1 1 1 5 -5 6 5 0 -37 0 0 0
25 1006 0 22.500 22.500 0.000 0.000 0.000 0.000 "DUMMY" 0 0 0 0 -10 -25 20 10 0 100 0 0 0
26 225 4 13.800 13.800 1.000 0.900 0.600 0.350 "0603MM" 1 0 1 1 0 -12 3 4 0 -24 0 0 0
27 203 4 13.800 13.800 1.250 1.250 0.450 0.300 "203ZS" 1 1 1 1 0 -12 3 4 0 -10 0 0 0
28 115 4 13.800 13.800 0.900 0.900 0.900 0.900 "1608MM" 1 0 1 1 2 -7 6 8 0 -63 0 0 0
29 226 4 13.800 13.800 1.000 0.900 0.600 0.500 "0603-1005" 1 0 1 1 0 -12 3 4 0 -26 0 0 0
30 205 4 13.800 13.800 1.250 1.250 0.650 0.350 "0603MM" 1 0 1 1 0 -12 3 4 0 -21 0 0 0
31 206 4 13.800 13.800 1.250 1.250 0.600 0.500 "0603-1005" 1 1 1 1 0 -12 3 4 0 -17 0 0 0
32 185 0 13.800 13.800 6.000 6.000 6.000 6.000 "PAD6" 0 0 0 0 5 -5 6 8 0 -79 0 0 0
33 130 0 13.800 13.800 2.400 2.400 2.400 2.400 "D024MM" 1 0 1 1 5 -5 6 8 0 -76 0 0 0
34 114 0 13.800 13.800 4.100 3.900 4.100 3.900 "SW" 0 0 0 0 5 -5 6 8 0 -76 0 0 0
35 111 0 13.800 13.800 3.450 1.300 3.450 1.300 "WAFER" 1 0 1 1 5 -5 6 8 0 -72 0 0 0
36 777 0 13.800 13.800 7.000 1.500 7.000 1.500 "WAFER" 1 0 1 1 5 -5 6 8 0 -76 0 0 0
37 888 0 13.800 13.800 9.000 1.500 9.000 1.500 "WAFER" 0 0 0 0 5 -5 6 8 0 -76 0 0 0
38 999 0 13.800 13.800 9.000 4.500 6.000 1.500 "WAFER" 0 0 0 0 5 -5 6 8 0 -76 1 0 0
39 103 0 13.800 13.800 5.000 4.000 5.000 4.000 "HDMI" 0 0 0 0 5 -5 6 8 0 -83 0 0 0
40 113 0 13.800 13.800 8.000 3.400 8.000 3.400 "SW-1" 0 1 0 0 5 -5 6 8 0 -76 0 0 0
41 276 4 13.800 13.800 1.000 1.000 0.280 0.180 "03015MM" 1 0 1 1 -1 -12 3 4 0 -10 1 0 0
42 766 4 13.000 13.800 1.000 1.000 0.300 0.240 "0201MM" 1 0 1 1 -2 -6 3 4 0 -4 0 0 0
44 1599 0 22.500 22.500 1.300 1.300 0.600 0.350 "0603MM" 1 0 1 0 -10 -25 20 10 0 -15 0 0 0
45 275 4 13.800 13.800 3.300 3.300 0.600 0.500 "0603-1005" 1 0 1 1 -5 -12 3 4 0 -26 0 0 1
46 281 4 13.800 13.800 3.300 3.300 0.390 0.300 "0402MM" 1 0 1 1 0 -12 3 4 0 -10 0 0 1
47 286 4 13.800 13.800 3.300 3.300 1.000 0.600 "1005-1608" 1 0 1 1 0 -12 3 4 0 -36 0 0 1
48 291 4 13.800 13.800 3.300 3.300 0.600 0.350 "0603MM" 1 0 1 1 -5 -12 3 4 0 -24 0 0 1
49 3484 0 22.500 23.500 6.000 6.000 6.000 6.000 "D060MM" 0 0 1 0 -10 -25 20 10 0 -72 0 0 0
50 3485 0 22.500 23.500 10.000 10.000 8.000 8.000 "D080MM" 0 0 1 0 -10 -25 20 10 0 -72 0 0 0
51 3486 0 22.500 23.500 10.000 10.000 10.000 10.000 "D100MM" 0 0 1 0 -10 -25 20 10 0 -72 0 0 0
52 3487 0 22.500 23.500 15.000 15.000 15.000 15.000 "D150MM" 0 0 0 0 -10 -25 20 10 0 -72 0 0 0
53 256 0 13.800 13.800 0.950 0.950 0.450 0.300 "0402MM" 1 1 1 1 5 -5 6 5 0 -25 0 0 0
54 7777 1 22.500 22.500 7.000 1.500 6.000 0.500 "SPECIAL" 1 0 0 0 -10 -25 20 10 0 -79 0 0 0
55 9999 1 22.500 22.500 9.000 4.500 6.000 1.500 "SPECIAL" 0 0 0 0 -10 -25 20 10 0 -79 0 0 0
56 8888 1 22.500 22.500 9.000 1.500 8.000 0.800 "WAFWR" 1 0 0 0 -10 -25 20 10 0 -41 0 0 0
57 110 0 13.800 13.800 0.600 0.600 0.600 0.600 "1005MM" 1 0 1 1 5 -5 6 8 0 -57 0 0 0
58 130 4 13.800 13.800 2.400 2.400 2.400 2.400 "D024MM" 1 0 1 1 2 -7 6 8 0 -68 0 0 0
59 1582 0 22.500 22.500 0.650 0.350 0.650 0.350 "0603MM" 1 1 1 0 -10 -25 20 10 0 -12 0 0 0
60 196 0 13.800 13.800 10.000 1.200 10.000 1.200 "64651212" 0 0 0 0 5 -5 6 8 0 -72 0 0 0
61 199 0 13.800 13.800 10.000 10.000 10.000 10.000 "PAD10" 0 0 0 0 5 -5 6 8 0 -83 0 0 0
62 212 0 13.800 13.800 3.450 1.300 3.450 1.300 "64651212" 0 0 0 0 5 -5 6 8 0 -76 0 0 0
63 450 1 13.800 13.800 6.000 6.000 6.000 6.000 "D060MM" 1 0 0 0 5 -2 10 0 0 -79 0 0 0
64 460 1 13.800 13.800 10.000 10.000 10.000 10.000 "D100MM" 1 0 0 0 5 -2 10 0 0 -79 0 0 0
65 769 4 13.800 13.800 3.300 3.300 0.300 0.240 "0201-03015" 1 0 1 1 -2 -6 3 4 0 -4 1 0 1
67 101G 4 11.800 11.300 3.000 3.000 3.000 3.000 "SHORT3" 1 0 0 0 2 -7 6 8 0 -67 0 0 0
68 102G 4 11.800 11.300 4.000 4.000 4.000 4.000 "SHORT4" 1 0 0 0 2 -7 6 8 0 -67 0 0 0
69 3451 0 22.500 22.800 20.000 20.000 20.000 20.000 "PAD20" 0 0 0 0 -8 -25 30 20 0 -70 0 0 0
70 6617 0 22.500 26.000 49.000 34.000 35.000 35.000 "PD35" 0 0 0 0 -8 -25 30 30 0 -70 0 0 0
71 4444 0 22.500 22.500 7.000 7.000 4.500 4.500 "BGA" 0 0 1 0 -10 -25 20 10 0 -60 0 0 0
72 1421 0 22.500 22.500 10.000 4.000 10.000 4.000 "DUMMY" 0 1 0 0 -8 -25 30 20 0 -70 0 0 0
73 2405 0 22.500 22.500 5.000 2.000 5.000 2.000 "DUMMY" 0 1 0 0 -8 -25 30 20 0 -70 0 0 0
74 2467 0 22.500 22.500 12.000 2.000 12.000 2.000 "DUMMY" 0 1 0 0 -8 -25 30 20 0 -70 0 0 0
75 1385 0 22.500 22.500 3.000 3.000 3.000 2.200 "D030MM" 1 0 1 0 -10 -25 20 10 0 -70 0 0 0
76 360 0 13.800 13.800 11.000 11.000 11.000 11.000 "UR11" 0 0 0 0 5 -5 6 8 0 -83 0 0 0
77 4528 0 22.500 22.500 1.300 0.900 1.300 0.900 "D013MM" 1 0 1 0 -10 -25 20 10 0 -36 0 0 0

[NozzleDataCM]
IDNUM NozzleNo Size TUPH MAXH X Y TX TY NAME NH CO LO TO VU VD TT MT RcgMode Fb VSMC AdhChk SN

[FeederMaxData]
IDNUM Name Maxs
3001 "FA0010" 999
3002 "FA0020" 999
3003 "FA0030" 999
3004 "FA0040" 999
3005 "FA0050" 999
3006 "FC0030" 999
3011 "STK0XXTK8" 999
3012 "FA0360" 999
3013 "FA0370" 999
3018 "FA0005" 999
3022 "FA0480" 0
3026 "FA0204" 999
3027 "FA0002" 0
3028 "FA0001" 0
3030 "FA0501" 0
3034 "FE0020" 999
3041 "FE0060" 999
3042 "FE0070" 999
3043 "FE0072" 999
3045 "FE0100" 999
3061 "EF0010" 999
3062 "EF0020" 999
3063 "EF0030" 999
3064 "EF0040" 999
3065 "EF0014" 0
3066 "EF0024" 0
3067 "EF0034" 0
3068 "EF0044" 0
3071 "AF0010" 0
3072 "AF0020" 0
3073 "AF0030" 0
3074 "AF0040" 0
3081 "EF0016" 999
3082 "EF0026" 999
3083 "EF0036" 999
3084 "EF0046" 999
3091 "CE0020" 999
4013 "DF0020" 0
4023 "FA0007" 999
4066 "AT0010" 0
4071 "Tray Lifter Feeder" 0
4072 "Multi Column Tape Feeder" 0
4073 "Bowl Feeder 01" 0
4074 "Bowl Feeder 02" 0
4075 "SANKI-TAI Bowl 230L" 999
5001 "CF0010" 0
5002 "CF0020" 0
5003 "CF0030" 0
5004 "CF0040" 0
5005 "CF0050" 0
5006 "CF0060" 0
5007 "CF0070" 0
5008 "CF0080" 0
5009 "CF0090" 0
5010 "CF0100" 0
5011 "CF0110" 0
5012 "CF0120" 0
5021 "CF001A" 0
5022 "CF002A" 0
5023 "CF003A" 0
5024 "CF004A" 0
5025 "CF005A" 0
5026 "CF006A" 0
5027 "CF007A" 0
5028 "CF008A" 0
5029 "CF009A" 0
5030 "CF010A" 0
5031 "CF011A" 0
5032 "CF012A" 0

[FeederData]
IDNUM Ftype Pitch Feed FeedLen Quantity Xa Ya Xb Yb Xc Yc Width Kind REELTYPE ReelSize SHEIGHT ControlType Compact
302001 302001 1 1 2.000 3018 -4.000 2.500 0.000 0.000 0.000 0.000 8 1 0 1 0 1 0
302002 302002 1 1 4.000 3018 -4.000 2.500 0.000 0.000 0.000 0.000 8 1 0 1 0 1 0
302003 302003 1 1 8.000 3018 -4.000 2.500 0.000 0.000 0.000 0.000 8 1 0 1 0 1 0
302004 302004 1 1 12.000 3018 -4.000 2.500 0.000 0.000 0.000 0.000 8 1 0 1 0 1 0
302005 302005 1 1 16.000 3018 -4.000 2.500 0.000 0.000 0.000 0.000 8 1 0 1 0 1 0
302006 302006 1 1 20.000 3018 -4.000 2.500 0.000 0.000 0.000 0.000 8 1 0 1 0 1 0
302007 302007 1 1 24.000 3018 -4.000 2.500 0.000 0.000 0.000 0.000 8 1 0 1 0 1 0
302008 302008 1 1 28.000 3018 -4.000 2.500 0.000 0.000 0.000 0.000 8 1 0 1 0 1 0
302009 302009 1 1 32.000 3018 -4.000 2.500 0.000 0.000 0.000 0.000 8 1 0 1 0 1 0
302010 302010 1 1 36.000 3018 -4.000 2.500 0.000 0.000 0.000 0.000 8 1 0 1 0 1 0
302011 302011 1 1 40.000 3018 -4.000 2.500 0.000 0.000 0.000 0.000 8 1 0 1 0 1 0
302012 302012 1 1 1.000 3018 -4.000 1.500 0.000 0.000 0.000 0.000 8 1 0 1 0 1 0
302021 302021 1 1 2.000 3018 -4.000 2.500 0.000 0.000 0.000 0.000 8 1 1 1 0 1 0
302022 302022 1 1 4.000 3018 -4.000 2.500 0.000 0.000 0.000 0.000 8 1 1 1 0 1 0
302023 302023 1 2 8.000 3018 -4.000 2.500 0.000 0.000 0.000 0.000 8 1 1 1 0 1 0
302024 302024 1 1 12.000 3018 -4.000 2.500 0.000 0.000 0.000 0.000 8 1 1 1 0 1 0
302025 302025 1 1 16.000 3018 -4.000 2.500 0.000 0.000 0.000 0.000 8 1 1 1 0 1 0
302026 302026 1 1 20.000 3018 -4.000 2.500 0.000 0.000 0.000 0.000 8 1 1 1 0 1 0
302027 302027 1 1 24.000 3018 -4.000 2.500 0.000 0.000 0.000 0.000 8 1 1 1 0 1 0
302028 302028 1 1 28.000 3018 -4.000 2.500 0.000 0.000 0.000 0.000 8 1 1 1 0 1 0
302029 302029 1 1 32.000 3018 -4.000 2.500 0.000 0.000 0.000 0.000 8 1 1 1 0 1 0
302030 302030 1 1 36.000 3018 -4.000 2.500 0.000 0.000 0.000 0.000 8 1 1 1 0 1 0
302031 302031 1 1 40.000 3018 -4.000 2.500 0.000 0.000 0.000 0.000 8 1 1 1 0 1 0
302032 302032 1 1 1.000 3018 -4.000 1.500 0.000 0.000 0.000 0.000 8 1 1 1 0 1 0
302161 302161 1 1 2.000 3018 -4.000 2.500 0.000 0.000 0.000 0.000 8 1 0 2 0 1 0
302162 302162 1 1 4.000 3018 -4.000 2.500 0.000 0.000 0.000 0.000 8 1 0 2 0 1 0
302163 302163 1 2 8.000 3018 -4.000 2.500 0.000 0.000 0.000 0.000 8 1 0 2 0 1 0
302164 302164 1 1 12.000 3018 -4.000 2.500 0.000 0.000 0.000 0.000 8 1 0 2 0 1 0
302165 302165 1 1 16.000 3018 -4.000 2.500 0.000 0.000 0.000 0.000 8 1 0 2 0 1 0
302166 302166 1 1 20.000 3018 -4.000 2.500 0.000 0.000 0.000 0.000 8 1 0 2 0 1 0
302167 302167 1 1 24.000 3018 -4.000 2.500 0.000 0.000 0.000 0.000 8 1 0 2 0 1 0
302168 302168 1 1 28.000 3018 -4.000 2.500 0.000 0.000 0.000 0.000 8 1 0 2 0 1 0
302169 302169 1 1 32.000 3018 -4.000 2.500 0.000 0.000 0.000 0.000 8 1 0 2 0 1 0
302170 302170 1 1 36.000 3018 -4.000 2.500 0.000 0.000 0.000 0.000 8 1 0 2 0 1 0
302171 302171 1 1 40.000 3018 -4.000 2.500 0.000 0.000 0.000 0.000 8 1 0 2 0 1 0
302172 302172 1 1 1.000 3018 -4.000 1.500 0.000 0.000 0.000 0.000 8 1 0 2 0 1 0
302181 302181 1 1 2.000 3018 -4.000 2.500 0.000 0.000 0.000 0.000 8 1 1 2 0 1 0
302182 302182 1 1 4.000 3018 -4.000 2.500 0.000 0.000 0.000 0.000 8 1 1 2 0 1 0
302183 302183 1 2 8.000 3018 -4.000 2.500 0.000 0.000 0.000 0.000 8 1 1 2 0 1 0
302184 302184 1 1 12.000 3018 -4.000 2.500 0.000 0.000 0.000 0.000 8 1 1 2 0 1 0
302185 302185 1 1 16.000 3018 -4.000 2.500 0.000 0.000 0.000 0.000 8 1 1 2 0 1 0
302186 302186 1 1 20.000 3018 -4.000 2.500 0.000 0.000 0.000 0.000 8 1 1 2 0 1 0
302187 302187 1 1 24.000 3018 -4.000 2.500 0.000 0.000 0.000 0.000 8 1 1 2 0 1 0
302188 302188 1 1 28.000 3018 -4.000 2.500 0.000 0.000 0.000 0.000 8 1 1 2 0 1 0
302189 302189 1 1 32.000 3018 -4.000 2.500 0.000 0.000 0.000 0.000 8 1 1 2 0 1 0
302190 302190 1 1 36.000 3018 -4.000 2.500 0.000 0.000 0.000 0.000 8 1 1 2 0 1 0
302191 302191 1 1 40.000 3018 -4.000 2.500 0.000 0.000 0.000 0.000 8 1 1 2 0 1 0
302192 302192 1 1 1.000 3018 -4.000 1.500 0.000 0.000 0.000 0.000 8 1 1 2 0 1 0
302321 302321 1 1 2.000 3001 -4.000 2.500 6.500 2.500 0.000 0.000 8 2 0 1 0 1 0
302322 302322 1 1 4.000 3001 -4.000 2.500 6.500 2.500 0.000 0.000 8 2 0 1 0 1 0
302323 302323 1 1 8.000 3001 -4.000 2.500 6.500 2.500 0.000 0.000 8 2 0 1 0 1 0
302324 302324 1 1 12.000 3001 -4.000 2.500 6.500 2.500 0.000 0.000 8 2 0 1 0 1 0
302325 302325 1 1 16.000 3001 -4.000 2.500 6.500 2.500 0.000 0.000 8 2 0 1 0 1 0
302326 302326 1 1 20.000 3001 -4.000 2.500 6.500 2.500 0.000 0.000 8 2 0 1 0 1 0
302327 302327 1 1 24.000 3001 -4.000 2.500 6.500 2.500 0.000 0.000 8 2 0 1 0 1 0
302328 302328 1 1 28.000 3001 -4.000 2.500 6.500 2.500 0.000 0.000 8 2 0 1 0 1 0
302329 302329 1 1 32.000 3001 -4.000 2.500 6.500 2.500 0.000 0.000 8 2 0 1 0 1 0
302330 302330 1 1 36.000 3001 -4.000 2.500 6.500 2.500 0.000 0.000 8 2 0 1 0 1 0
302331 302331 1 1 40.000 3001 -4.000 2.500 6.500 2.500 0.000 0.000 8 2 0 1 0 1 0
302335 302335 1 1 1.000 3001 -4.000 1.500 6.500 1.500 0.000 0.000 8 2 0 1 0 1 0
302341 302341 1 1 2.000 3001 -4.000 2.500 6.500 2.500 0.000 0.000 8 2 1 1 0 1 0
302342 302342 1 1 4.000 3001 -4.000 2.500 6.500 2.500 0.000 0.000 8 2 1 1 0 1 0
302343 302343 1 1 8.000 3001 -4.000 2.500 6.500 2.500 0.000 0.000 8 2 1 1 0 1 0
302344 302344 1 1 12.000 3001 -4.000 2.500 6.500 2.500 0.000 0.000 8 2 1 1 0 1 0
302345 302345 1 1 16.000 3001 -4.000 2.500 6.500 2.500 0.000 0.000 8 2 1 1 0 1 0
302346 302346 1 1 20.000 3001 -4.000 2.500 6.500 2.500 0.000 0.000 8 2 1 1 0 1 0
302347 302347 1 1 24.000 3001 -4.000 2.500 6.500 2.500 0.000 0.000 8 2 1 1 0 1 0
302348 302348 1 1 28.000 3001 -4.000 2.500 6.500 2.500 0.000 0.000 8 2 1 1 0 1 0
302349 302349 1 1 32.000 3001 -4.000 2.500 6.500 2.500 0.000 0.000 8 2 1 1 0 1 0
302350 302350 1 1 36.000 3001 -4.000 2.500 6.500 2.500 0.000 0.000 8 2 1 1 0 1 0
302351 302351 1 1 40.000 3001 -4.000 2.500 6.500 2.500 0.000 0.000 8 2 1 1 0 1 0
302355 302355 1 1 1.000 3001 -4.000 1.500 6.500 1.500 0.000 0.000 8 2 1 1 0 1 0
302481 302481 1 1 2.000 3001 -4.000 2.500 6.500 2.500 0.000 0.000 8 2 0 2 0 1 0
302482 302482 1 1 4.000 3001 -4.000 2.500 6.500 2.500 0.000 0.000 8 2 0 2 0 1 0
302483 302483 1 1 8.000 3001 -4.000 2.500 6.500 2.500 0.000 0.000 8 2 0 2 0 1 0
302484 302484 1 1 12.000 3001 -4.000 2.500 6.500 2.500 0.000 0.000 8 2 0 2 0 1 0
302485 302485 1 1 16.000 3001 -4.000 2.500 6.500 2.500 0.000 0.000 8 2 0 2 0 1 0
302486 302486 1 1 20.000 3001 -4.000 2.500 6.500 2.500 0.000 0.000 8 2 0 2 0 1 0
302487 302487 1 1 24.000 3001 -4.000 2.500 6.500 2.500 0.000 0.000 8 2 0 2 0 1 0
302488 302488 1 1 28.000 3001 -4.000 2.500 6.500 2.500 0.000 0.000 8 2 0 2 0 1 0
302489 302489 1 1 32.000 3001 -4.000 2.500 6.500 2.500 0.000 0.000 8 2 0 2 0 1 0
302490 302490 1 1 36.000 3001 -4.000 2.500 6.500 2.500 0.000 0.000 8 2 0 2 0 1 0
302491 302491 1 1 40.000 3001 -4.000 2.500 6.500 2.500 0.000 0.000 8 2 0 2 0 1 0
302495 302495 1 1 1.000 3001 -4.000 1.500 6.500 1.500 0.000 0.000 8 2 0 2 0 1 0
302501 302501 1 1 2.000 3001 -4.000 2.500 6.500 2.500 0.000 0.000 8 2 1 2 0 1 0
302502 302502 1 1 4.000 3001 -4.000 2.500 6.500 2.500 0.000 0.000 8 2 1 2 0 1 0
302503 302503 1 1 8.000 3001 -4.000 2.500 6.500 2.500 0.000 0.000 8 2 1 2 0 1 0
302504 302504 1 1 12.000 3001 -4.000 2.500 6.500 2.500 0.000 0.000 8 2 1 2 0 1 0
302505 302505 1 1 16.000 3001 -4.000 2.500 6.500 2.500 0.000 0.000 8 2 1 2 0 1 0
302506 302506 1 1 20.000 3001 -4.000 2.500 6.500 2.500 0.000 0.000 8 2 1 2 0 1 0
302507 302507 1 1 24.000 3001 -4.000 2.500 6.500 2.500 0.000 0.000 8 2 1 2 0 1 0
302508 302508 1 1 28.000 3001 -4.000 2.500 6.500 2.500 0.000 0.000 8 2 1 2 0 1 0
302509 302509 1 1 32.000 3001 -4.000 2.500 6.500 2.500 0.000 0.000 8 2 1 2 0 1 0
302510 302510 1 1 36.000 3001 -4.000 2.500 6.500 2.500 0.000 0.000 8 2 1 2 0 1 0
302511 302511 1 1 40.000 3001 -4.000 2.500 6.500 2.500 0.000 0.000 8 2 1 2 0 1 0
302515 302515 1 1 1.000 3001 -4.000 1.500 6.500 1.500 0.000 0.000 8 2 1 2 0 1 0
302821 302821 1 1 2.000 3002 -0.750 -13.500 0.000 0.000 0.000 0.000 12 3 1 1 0 1 0
302822 302822 1 1 4.000 3002 -0.750 -13.500 0.000 0.000 0.000 0.000 12 3 1 1 0 1 0
302823 302823 1 1 8.000 3002 -0.750 -13.500 0.000 0.000 0.000 0.000 12 3 1 1 0 1 0
302824 302824 1 1 12.000 3002 -0.750 -13.500 0.000 0.000 0.000 0.000 12 3 1 1 0 1 0
302825 302825 1 2 16.000 3002 -0.750 -13.500 0.000 0.000 0.000 0.000 12 3 1 1 0 1 0
302826 302826 1 1 20.000 3002 -0.750 -13.500 0.000 0.000 0.000 0.000 12 3 1 1 0 1 0
302827 302827 1 1 24.000 3002 -0.750 -13.500 0.000 0.000 0.000 0.000 12 3 1 1 0 1 0
302828 302828 1 1 28.000 3002 -0.750 -13.500 0.000 0.000 0.000 0.000 12 3 1 1 0 1 0
302829 302829 1 1 32.000 3002 -0.750 -13.500 0.000 0.000 0.000 0.000 12 3 1 1 0 1 0
302830 302830 1 1 36.000 3002 -0.750 -13.500 0.000 0.000 0.000 0.000 12 3 1 1 0 1 0
302831 302831 1 1 40.000 3002 -0.750 -13.500 0.000 0.000 0.000 0.000 12 3 1 1 0 1 0
302845 302845 1 2 16.000 3002 -0.750 -13.500 0.000 0.000 0.000 0.000 12 3 3 1 0 1 0
302961 302961 1 1 2.000 3002 -0.750 -13.500 0.000 0.000 0.000 0.000 12 3 0 2 0 1 0
302962 302962 1 1 4.000 3002 -0.750 -13.500 0.000 0.000 0.000 0.000 12 3 0 2 0 1 0
302963 302963 1 1 8.000 3002 -0.750 -13.500 0.000 0.000 0.000 0.000 12 3 0 2 0 1 0
302964 302964 1 1 12.000 3002 -0.750 -13.500 0.000 0.000 0.000 0.000 12 3 0 2 0 1 0
302965 302965 1 1 16.000 3002 -0.750 -13.500 0.000 0.000 0.000 0.000 12 3 0 2 0 1 0
302966 302966 1 1 20.000 3002 -0.750 -13.500 0.000 0.000 0.000 0.000 12 3 0 2 0 1 0
302967 302967 1 1 24.000 3002 -0.750 -13.500 0.000 0.000 0.000 0.000 12 3 0 2 0 1 0
302968 302968 1 1 28.000 3002 -0.750 -13.500 0.000 0.000 0.000 0.000 12 3 0 2 0 1 0
302969 302969 1 1 32.000 3002 -0.750 -13.500 0.000 0.000 0.000 0.000 12 3 0 2 0 1 0
302970 302970 1 1 36.000 3002 -0.750 -13.500 0.000 0.000 0.000 0.000 12 3 0 2 0 1 0
302971 302971 1 1 40.000 3002 -0.750 -13.500 0.000 0.000 0.000 0.000 12 3 0 2 0 1 0
302981 302981 1 1 2.000 3002 -0.750 -13.500 0.000 0.000 0.000 0.000 12 3 1 2 0 1 0
302982 302982 1 1 4.000 3002 -0.750 -13.500 0.000 0.000 0.000 0.000 12 3 1 2 0 1 0
302983 302983 1 1 8.000 3002 -0.750 -13.500 0.000 0.000 0.000 0.000 12 3 1 2 0 1 0
302984 302984 1 1 12.000 3002 -0.750 -13.500 0.000 0.000 0.000 0.000 12 3 1 2 0 1 0
302985 302985 1 2 16.000 3002 -0.750 -13.500 0.000 0.000 0.000 0.000 12 3 1 2 0 1 0
302986 302986 1 1 20.000 3002 -0.750 -13.500 0.000 0.000 0.000 0.000 12 3 1 2 0 1 0
302987 302987 1 1 24.000 3002 -0.750 -13.500 0.000 0.000 0.000 0.000 12 3 1 2 0 1 0
302988 302988 1 1 28.000 3002 -0.750 -13.500 0.000 0.000 0.000 0.000 12 3 1 2 0 1 0
302989 302989 1 1 32.000 3002 -0.750 -13.500 0.000 0.000 0.000 0.000 12 3 1 2 0 1 0
302990 302990 1 1 36.000 3002 -0.750 -13.500 0.000 0.000 0.000 0.000 12 3 1 2 0 1 0
302991 302991 1 1 40.000 3002 -0.750 -13.500 0.000 0.000 0.000 0.000 12 3 1 2 0 1 0
303005 303005 1 2 16.000 3002 -0.750 -13.500 0.000 0.000 0.000 0.000 12 3 3 2 0 1 0
303621 303621 1 1 2.000 3002 1.250 -13.500 0.000 0.000 0.000 0.000 16 3 1 1 0 1 0
303622 303622 1 1 4.000 3002 1.250 -13.500 0.000 0.000 0.000 0.000 16 3 1 1 0 1 0
303623 303623 1 1 8.000 3002 1.250 -13.500 0.000 0.000 0.000 0.000 16 3 1 1 0 1 0
303624 303624 1 1 12.000 3002 1.250 -13.500 0.000 0.000 0.000 0.000 16 3 1 1 0 1 0
303625 303625 1 2 16.000 3002 1.250 -13.500 0.000 0.000 0.000 0.000 16 3 1 1 0 1 0
303626 303626 1 1 20.000 3002 1.250 -13.500 0.000 0.000 0.000 0.000 16 3 1 1 0 1 0
303627 303627 1 1 24.000 3002 1.250 -13.500 0.000 0.000 0.000 0.000 16 3 1 1 0 1 0
303628 303628 1 1 28.000 3002 1.250 -13.500 0.000 0.000 0.000 0.000 16 3 1 1 0 1 0
303629 303629 1 1 32.000 3002 1.250 -13.500 0.000 0.000 0.000 0.000 16 3 1 1 0 1 0
303630 303630 1 1 36.000 3002 1.250 -13.500 0.000 0.000 0.000 0.000 16 3 1 1 0 1 0
303631 303631 1 1 40.000 3002 1.250 -13.500 0.000 0.000 0.000 0.000 16 3 1 1 0 1 0
303641 303641 1 1 2.000 3002 1.250 -13.500 0.000 0.000 0.000 0.000 16 3 3 1 0 1 0
303642 303642 1 1 4.000 3002 1.250 -13.500 0.000 0.000 0.000 0.000 16 3 3 1 0 1 0
303643 303643 1 1 8.000 3002 1.250 -13.500 0.000 0.000 0.000 0.000 16 3 3 1 0 1 0
303644 303644 1 1 12.000 3002 1.250 -13.500 0.000 0.000 0.000 0.000 16 3 3 1 0 1 0
303645 303645 1 2 16.000 3002 1.250 -13.500 0.000 0.000 0.000 0.000 16 3 3 1 0 1 0
303646 303646 1 1 20.000 3002 1.250 -13.500 0.000 0.000 0.000 0.000 16 3 3 1 0 1 0
303647 303647 1 1 24.000 3002 1.250 -13.500 0.000 0.000 0.000 0.000 16 3 3 1 0 1 0
303648 303648 1 1 28.000 3002 1.250 -13.500 0.000 0.000 0.000 0.000 16 3 3 1 0 1 0
303649 303649 1 1 32.000 3002 1.250 -13.500 0.000 0.000 0.000 0.000 16 3 3 1 0 1 0
303650 303650 1 1 36.000 3002 1.250 -13.500 0.000 0.000 0.000 0.000 16 3 3 1 0 1 0
303651 303651 1 1 40.000 3002 1.250 -13.500 0.000 0.000 0.000 0.000 16 3 3 1 0 1 0
303781 303781 1 1 2.000 3002 1.250 -13.500 0.000 0.000 0.000 0.000 16 3 1 2 0 1 0
303782 303782 1 1 4.000 3002 1.250 -13.500 0.000 0.000 0.000 0.000 16 3 1 2 0 1 0
303783 303783 1 1 8.000 3002 1.250 -13.500 0.000 0.000 0.000 0.000 16 3 1 2 0 1 0
303784 303784 1 1 12.000 3002 1.250 -13.500 0.000 0.000 0.000 0.000 16 3 1 2 0 1 0
303785 303785 1 2 16.000 3002 1.250 -13.500 0.000 0.000 0.000 0.000 16 3 1 2 0 1 0
303786 303786 1 1 20.000 3002 1.250 -13.500 0.000 0.000 0.000 0.000 16 3 1 2 0 1 0
303787 303787 1 1 24.000 3002 1.250 -13.500 0.000 0.000 0.000 0.000 16 3 1 2 0 1 0
303788 303788 1 1 28.000 3002 1.250 -13.500 0.000 0.000 0.000 0.000 16 3 1 2 0 1 0
303789 303789 1 1 32.000 3002 1.250 -13.500 0.000 0.000 0.000 0.000 16 3 1 2 0 1 0
303790 303790 1 1 36.000 3002 1.250 -13.500 0.000 0.000 0.000 0.000 16 3 1 2 0 1 0
303791 303791 1 1 40.000 3002 1.250 -13.500 0.000 0.000 0.000 0.000 16 3 1 2 0 1 0
303801 303801 1 1 2.000 3002 1.250 -13.500 0.000 0.000 0.000 0.000 16 3 3 2 0 1 0
303802 303802 1 1 4.000 3002 1.250 -13.500 0.000 0.000 0.000 0.000 16 3 3 2 0 1 0
303803 303803 1 1 8.000 3002 1.250 -13.500 0.000 0.000 0.000 0.000 16 3 3 2 0 1 0
303804 303804 1 1 12.000 3002 1.250 -13.500 0.000 0.000 0.000 0.000 16 3 3 2 0 1 0
303805 303805 1 2 16.000 3002 1.250 -13.500 0.000 0.000 0.000 0.000 16 3 3 2 0 1 0
303806 303806 1 1 20.000 3002 1.250 -13.500 0.000 0.000 0.000 0.000 16 3 3 2 0 1 0
303807 303807 1 1 24.000 3002 1.250 -13.500 0.000 0.000 0.000 0.000 16 3 3 2 0 1 0
303808 303808 1 1 28.000 3002 1.250 -13.500 0.000 0.000 0.000 0.000 16 3 3 2 0 1 0
303809 303809 1 1 32.000 3002 1.250 -13.500 0.000 0.000 0.000 0.000 16 3 3 2 0 1 0
303810 303810 1 1 36.000 3002 1.250 -13.500 0.000 0.000 0.000 0.000 16 3 3 2 0 1 0
303811 303811 1 1 40.000 3002 1.250 -13.500 0.000 0.000 0.000 0.000 16 3 3 2 0 1 0
304421 304421 2 1 2.000 3003 6.750 -13.500 0.000 0.000 0.000 0.000 24 4 1 1 0 1 0
304422 304422 2 1 4.000 3003 6.750 -13.500 0.000 0.000 0.000 0.000 24 4 1 1 0 1 0
304423 304423 2 1 8.000 3003 6.750 -13.500 0.000 0.000 0.000 0.000 24 4 1 1 0 1 0
304424 304424 2 1 12.000 3003 6.750 -13.500 0.000 0.000 0.000 0.000 24 4 1 1 0 1 0
304425 304425 2 2 16.000 3003 6.750 -13.500 0.000 0.000 0.000 0.000 24 4 1 1 0 1 0
304426 304426 2 2 20.000 3003 6.750 -13.500 0.000 0.000 0.000 0.000 24 4 1 1 0 1 0
304427 304427 2 2 24.000 3003 6.750 -13.500 0.000 0.000 0.000 0.000 24 4 1 1 0 1 0
304428 304428 2 1 28.000 3003 6.750 -13.500 0.000 0.000 0.000 0.000 24 4 1 1 0 1 0
304429 304429 2 4 32.000 3003 6.750 -13.500 0.000 0.000 0.000 0.000 24 4 1 1 0 1 0
304430 304430 2 1 36.000 3003 6.750 -13.500 0.000 0.000 0.000 0.000 24 4 1 1 0 1 0
304431 304431 2 1 40.000 3003 6.750 -13.500 0.000 0.000 0.000 0.000 24 4 1 1 0 1 0
304432 304432 2 1 44.000 3003 6.750 -13.500 0.000 0.000 0.000 0.000 24 4 1 1 0 1 0
304433 304433 2 1 48.000 3003 6.750 -13.500 0.000 0.000 0.000 0.000 24 4 1 1 0 1 0
304441 304441 2 1 2.000 3003 6.750 -13.500 0.000 0.000 0.000 0.000 24 4 3 1 0 1 0
304442 304442 2 1 4.000 3003 6.750 -13.500 0.000 0.000 0.000 0.000 24 4 3 1 0 1 0
304443 304443 2 1 8.000 3003 6.750 -13.500 0.000 0.000 0.000 0.000 24 4 3 1 0 1 0
304444 304444 2 1 12.000 3003 6.750 -13.500 0.000 0.000 0.000 0.000 24 4 3 1 0 1 0
304445 304445 2 2 16.000 3003 6.750 -13.500 0.000 0.000 0.000 0.000 24 4 3 1 0 1 0
304446 304446 2 2 20.000 3003 6.750 -13.500 0.000 0.000 0.000 0.000 24 4 3 1 0 1 0
304447 304447 2 2 24.000 3003 6.750 -13.500 0.000 0.000 0.000 0.000 24 4 3 1 0 1 0
304448 304448 2 1 28.000 3003 6.750 -13.500 0.000 0.000 0.000 0.000 24 4 3 1 0 1 0
304449 304449 2 4 32.000 3003 6.750 -13.500 0.000 0.000 0.000 0.000 24 4 3 1 0 1 0
304450 304450 2 1 36.000 3003 6.750 -13.500 0.000 0.000 0.000 0.000 24 4 3 1 0 1 0
304451 304451 2 1 40.000 3003 6.750 -13.500 0.000 0.000 0.000 0.000 24 4 3 1 0 1 0
304461 304461 2 1 2.000 3003 6.750 -13.500 0.000 0.000 0.000 0.000 24 4 4 1 0 1 0
304462 304462 2 1 4.000 3003 6.750 -13.500 0.000 0.000 0.000 0.000 24 4 4 1 0 1 0
304463 304463 2 1 8.000 3003 6.750 -13.500 0.000 0.000 0.000 0.000 24 4 4 1 0 1 0
304464 304464 2 1 12.000 3003 6.750 -13.500 0.000 0.000 0.000 0.000 24 4 4 1 0 1 0
304465 304465 2 2 16.000 3003 6.750 -13.500 0.000 0.000 0.000 0.000 24 4 4 1 0 1 0
304466 304466 2 5 20.000 3003 6.750 -13.500 0.000 0.000 0.000 0.000 24 4 4 1 0 1 0
304467 304467 2 2 24.000 3003 6.750 -13.500 0.000 0.000 0.000 0.000 24 4 4 1 0 1 0
304468 304468 2 7 28.000 3003 6.750 -13.500 0.000 0.000 0.000 0.000 24 4 4 1 0 1 0
304469 304469 2 1 32.000 3003 6.750 -13.500 0.000 0.000 0.000 0.000 24 4 4 1 0 1 0
304470 304470 2 3 36.000 3003 6.750 -13.500 0.000 0.000 0.000 0.000 24 4 4 1 0 1 0
304471 304471 2 5 40.000 3003 6.750 -13.500 0.000 0.000 0.000 0.000 24 4 4 1 0 1 0
305221 305221 2 1 2.000 3003 9.450 -13.500 0.000 0.000 0.000 0.000 32 4 1 1 0 1 0
305222 305222 2 1 4.000 3003 9.450 -13.500 0.000 0.000 0.000 0.000 32 4 1 1 0 1 0
305223 305223 2 1 8.000 3003 9.450 -13.500 0.000 0.000 0.000 0.000 32 4 1 1 0 1 0
305224 305224 2 1 12.000 3003 9.450 -13.500 0.000 0.000 0.000 0.000 32 4 1 1 0 1 0
305225 305225 2 2 16.000 3003 9.450 -13.500 0.000 0.000 0.000 0.000 32 4 1 1 0 1 0
305226 305226 2 2 20.000 3003 9.450 -13.500 0.000 0.000 0.000 0.000 32 4 1 1 0 1 0
305227 305227 2 2 24.000 3003 9.450 -13.500 0.000 0.000 0.000 0.000 32 4 1 1 0 1 0
305228 305228 2 2 28.000 3003 9.450 -13.500 0.000 0.000 0.000 0.000 32 4 1 1 0 1 0
305229 305229 2 4 32.000 3003 9.450 -13.500 0.000 0.000 0.000 0.000 32 4 1 1 0 1 0
305230 305230 2 1 36.000 3003 9.450 -13.500 0.000 0.000 0.000 0.000 32 4 1 1 0 1 0
305231 305231 2 1 40.000 3003 9.450 -13.500 0.000 0.000 0.000 0.000 32 4 1 1 0 1 0
305232 305232 2 1 44.000 3003 9.450 -13.500 0.000 0.000 0.000 0.000 32 4 1 1 0 1 0
305233 305233 2 1 48.000 3003 9.450 -13.500 0.000 0.000 0.000 0.000 32 4 1 1 0 1 0
305241 305241 2 1 2.000 3003 9.450 -13.500 0.000 0.000 0.000 0.000 32 4 3 1 0 1 0
305242 305242 2 1 4.000 3003 9.450 -13.500 0.000 0.000 0.000 0.000 32 4 3 1 0 1 0
305243 305243 2 1 8.000 3003 9.450 -13.500 0.000 0.000 0.000 0.000 32 4 3 1 0 1 0
305244 305244 2 1 12.000 3003 9.450 -13.500 0.000 0.000 0.000 0.000 32 4 3 1 0 1 0
305245 305245 2 2 16.000 3003 9.450 -13.500 0.000 0.000 0.000 0.000 32 4 3 1 0 1 0
305246 305246 2 2 20.000 3003 9.450 -13.500 0.000 0.000 0.000 0.000 32 4 3 1 0 1 0
305247 305247 2 2 24.000 3003 9.450 -13.500 0.000 0.000 0.000 0.000 32 4 3 1 0 1 0
305248 305248 2 2 28.000 3003 9.450 -13.500 0.000 0.000 0.000 0.000 32 4 3 1 0 1 0
305249 305249 2 4 32.000 3003 9.450 -13.500 0.000 0.000 0.000 0.000 32 4 3 1 0 1 0
305250 305250 2 1 36.000 3003 9.450 -13.500 0.000 0.000 0.000 0.000 32 4 3 1 0 1 0
305251 305251 2 1 40.000 3003 9.450 -13.500 0.000 0.000 0.000 0.000 32 4 3 1 0 1 0
305261 305261 2 1 2.000 3003 9.450 -13.500 0.000 0.000 0.000 0.000 32 4 4 1 0 1 0
305262 305262 2 1 4.000 3003 9.450 -13.500 0.000 0.000 0.000 0.000 32 4 4 1 0 1 0
305263 305263 2 1 8.000 3003 9.450 -13.500 0.000 0.000 0.000 0.000 32 4 4 1 0 1 0
305264 305264 2 1 12.000 3003 9.450 -13.500 0.000 0.000 0.000 0.000 32 4 4 1 0 1 0
305265 305265 2 2 16.000 3003 9.450 -13.500 0.000 0.000 0.000 0.000 32 4 4 1 0 1 0
305266 305266 2 2 20.000 3003 9.450 -13.500 0.000 0.000 0.000 0.000 32 4 4 1 0 1 0
305267 305267 2 2 24.000 3003 9.450 -13.500 0.000 0.000 0.000 0.000 32 4 4 1 0 1 0
305268 305268 2 7 28.000 3003 9.450 -13.500 0.000 0.000 0.000 0.000 32 4 4 1 0 1 0
305269 305269 2 1 32.000 3003 9.450 -13.500 0.000 0.000 0.000 0.000 32 4 4 1 0 1 0
305270 305270 2 3 36.000 3003 9.450 -13.500 0.000 0.000 0.000 0.000 32 4 4 1 0 1 0
305271 305271 2 5 40.000 3003 9.450 -13.500 0.000 0.000 0.000 0.000 32 4 4 1 0 1 0
305284 305284 3 1 12.000 3006 16.000 -13.500 0.000 0.000 0.000 0.000 32 11 5 1 0 4 0
305287 305287 3 2 24.000 3006 16.000 -13.500 0.000 0.000 0.000 0.000 32 11 5 1 0 4 0
306021 306021 3 1 2.000 3004 15.450 -13.500 0.000 0.000 0.000 0.000 44 5 1 1 0 1 0
306022 306022 3 1 4.000 3004 15.450 -13.500 0.000 0.000 0.000 0.000 44 5 1 1 0 1 0
306023 306023 3 1 8.000 3004 15.450 -13.500 0.000 0.000 0.000 0.000 44 5 1 1 0 1 0
306024 306024 3 1 12.000 3004 15.450 -13.500 0.000 0.000 0.000 0.000 44 5 1 1 0 1 0
306025 306025 3 2 16.000 3004 15.450 -13.500 0.000 0.000 0.000 0.000 44 5 1 1 0 1 0
306026 306026 3 2 20.000 3004 15.450 -13.500 0.000 0.000 0.000 0.000 44 5 1 1 0 1 0
306027 306027 3 2 24.000 3004 15.450 -13.500 0.000 0.000 0.000 0.000 44 5 1 1 0 1 0
306028 306028 3 1 28.000 3004 15.450 -13.500 0.000 0.000 0.000 0.000 44 5 1 1 0 1 0
306029 306029 3 4 32.000 3004 15.450 -13.500 0.000 0.000 0.000 0.000 44 5 1 1 0 1 0
306030 306030 3 3 36.000 3004 15.450 -13.500 0.000 0.000 0.000 0.000 44 5 1 1 0 1 0
306031 306031 3 1 40.000 3004 15.450 -13.500 0.000 0.000 0.000 0.000 44 5 1 1 0 1 0
306032 306032 3 1 44.000 3004 15.450 -13.500 0.000 0.000 0.000 0.000 44 5 1 1 0 1 0
306033 306033 3 1 48.000 3004 15.450 -13.500 0.000 0.000 0.000 0.000 44 5 1 1 0 1 0
306034 306034 3 1 52.000 3004 15.450 -13.500 0.000 0.000 0.000 0.000 44 5 1 1 0 1 0
306035 306035 3 1 56.000 3004 15.450 -13.500 0.000 0.000 0.000 0.000 44 5 1 1 0 1 0
306041 306041 3 1 2.000 3004 15.450 -13.500 0.000 0.000 0.000 0.000 44 5 3 1 0 1 0
306042 306042 3 1 4.000 3004 15.450 -13.500 0.000 0.000 0.000 0.000 44 5 3 1 0 1 0
306043 306043 3 1 8.000 3004 15.450 -13.500 0.000 0.000 0.000 0.000 44 5 3 1 0 1 0
306044 306044 3 1 12.000 3004 15.450 -13.500 0.000 0.000 0.000 0.000 44 5 3 1 0 1 0
306045 306045 3 2 16.000 3004 15.450 -13.500 0.000 0.000 0.000 0.000 44 5 3 1 0 1 0
306046 306046 3 2 20.000 3004 15.450 -13.500 0.000 0.000 0.000 0.000 44 5 3 1 0 1 0
306047 306047 3 2 24.000 3004 15.450 -13.500 0.000 0.000 0.000 0.000 44 5 3 1 0 1 0
306048 306048 3 1 28.000 3004 15.450 -13.500 0.000 0.000 0.000 0.000 44 5 3 1 0 1 0
306049 306049 3 4 32.000 3004 15.450 -13.500 0.000 0.000 0.000 0.000 44 5 3 1 0 1 0
306050 306050 3 3 36.000 3004 15.450 -13.500 0.000 0.000 0.000 0.000 44 5 3 1 0 1 0
306051 306051 3 1 40.000 3004 15.450 -13.500 0.000 0.000 0.000 0.000 44 5 3 1 0 1 0
306052 306052 3 1 44.000 3004 15.450 -13.500 0.000 0.000 0.000 0.000 44 5 3 1 0 1 0
306053 306053 3 1 48.000 3004 15.450 -13.500 0.000 0.000 0.000 0.000 44 5 3 1 0 1 0
306054 306054 3 1 52.000 3004 15.450 -13.500 0.000 0.000 0.000 0.000 44 5 3 1 0 1 0
306055 306055 3 1 56.000 3004 15.450 -13.500 0.000 0.000 0.000 0.000 44 5 3 1 0 1 0
306061 306061 3 1 2.000 3004 15.450 -13.500 0.000 0.000 0.000 0.000 44 5 4 1 0 1 0
306062 306062 3 1 4.000 3004 15.450 -13.500 0.000 0.000 0.000 0.000 44 5 4 1 0 1 0
306063 306063 3 1 8.000 3004 15.450 -13.500 0.000 0.000 0.000 0.000 44 5 4 1 0 1 0
306064 306064 3 1 12.000 3004 15.450 -13.500 0.000 0.000 0.000 0.000 44 5 4 1 0 1 0
306065 306065 3 2 16.000 3004 15.450 -13.500 0.000 0.000 0.000 0.000 44 5 4 1 0 1 0
306066 306066 3 2 20.000 3004 15.450 -13.500 0.000 0.000 0.000 0.000 44 5 4 1 0 1 0
306067 306067 3 2 24.000 3004 15.450 -13.500 0.000 0.000 0.000 0.000 44 5 4 1 0 1 0
306068 306068 3 7 28.000 3004 15.450 -13.500 0.000 0.000 0.000 0.000 44 5 4 1 0 1 0
306069 306069 3 4 32.000 3004 15.450 -13.500 0.000 0.000 0.000 0.000 44 5 4 1 0 1 0
306070 306070 3 3 36.000 3004 15.450 -13.500 0.000 0.000 0.000 0.000 44 5 4 1 0 1 0
306071 306071 3 5 40.000 3004 15.450 -13.500 0.000 0.000 0.000 0.000 44 5 4 1 0 1 0
306072 306072 3 5 44.000 3004 15.450 -13.500 0.000 0.000 0.000 0.000 44 5 4 1 0 1 0
306073 306073 3 5 48.000 3004 15.450 -13.500 0.000 0.000 0.000 0.000 44 5 4 1 0 1 0
306074 306074 3 5 52.000 3004 15.450 -13.500 0.000 0.000 0.000 0.000 44 5 4 1 0 1 0
306075 306075 3 5 56.000 3004 15.450 -13.500 0.000 0.000 0.000 0.000 44 5 4 1 0 1 0
306821 306821 3 1 2.000 3004 21.450 -13.500 0.000 0.000 0.000 0.000 56 5 1 1 0 1 0
306822 306822 3 1 4.000 3004 21.450 -13.500 0.000 0.000 0.000 0.000 56 5 1 1 0 1 0
306823 306823 3 1 8.000 3004 21.450 -13.500 0.000 0.000 0.000 0.000 56 5 1 1 0 1 0
306824 306824 3 1 12.000 3004 21.450 -13.500 0.000 0.000 0.000 0.000 56 5 1 1 0 1 0
306825 306825 3 1 16.000 3004 21.450 -13.500 0.000 0.000 0.000 0.000 56 5 1 1 0 1 0
306826 306826 3 1 20.000 3004 21.450 -13.500 0.000 0.000 0.000 0.000 56 5 1 1 0 1 0
306827 306827 3 1 24.000 3004 21.450 -13.500 0.000 0.000 0.000 0.000 56 5 1 1 0 1 0
306828 306828 3 1 28.000 3004 21.450 -13.500 0.000 0.000 0.000 0.000 56 5 1 1 0 1 0
306829 306829 3 1 32.000 3004 21.450 -13.500 0.000 0.000 0.000 0.000 56 5 1 1 0 1 0
306830 306830 3 1 36.000 3004 21.450 -13.500 0.000 0.000 0.000 0.000 56 5 1 1 0 1 0
306831 306831 3 1 40.000 3004 21.450 -13.500 0.000 0.000 0.000 0.000 56 5 1 1 0 1 0
306832 306832 3 4 44.000 3004 21.450 -13.500 0.000 0.000 0.000 0.000 56 5 1 1 0 1 0
306833 306833 3 1 48.000 3004 21.450 -13.500 0.000 0.000 0.000 0.000 56 5 1 1 0 1 0
306834 306834 3 4 52.000 3004 21.450 -13.500 0.000 0.000 0.000 0.000 56 5 1 1 0 1 0
306835 306835 3 1 56.000 3004 21.450 -13.500 0.000 0.000 0.000 0.000 56 5 1 1 0 1 0
306841 306841 3 1 2.000 3004 21.450 -13.500 0.000 0.000 0.000 0.000 56 5 3 1 0 1 0
306842 306842 3 1 4.000 3004 21.450 -13.500 0.000 0.000 0.000 0.000 56 5 3 1 0 1 0
306843 306843 3 1 8.000 3004 21.450 -13.500 0.000 0.000 0.000 0.000 56 5 3 1 0 1 0
306844 306844 3 1 12.000 3004 21.450 -13.500 0.000 0.000 0.000 0.000 56 5 3 1 0 1 0
306845 306845 3 2 16.000 3004 21.450 -13.500 0.000 0.000 0.000 0.000 56 5 3 1 0 1 0
306846 306846 3 2 20.000 3004 21.450 -13.500 0.000 0.000 0.000 0.000 56 5 3 1 0 1 0
306847 306847 3 2 24.000 3004 21.450 -13.500 0.000 0.000 0.000 0.000 56 5 3 1 0 1 0
306848 306848 3 1 28.000 3004 21.450 -13.500 0.000 0.000 0.000 0.000 56 5 3 1 0 1 0
306849 306849 3 4 32.000 3004 21.450 -13.500 0.000 0.000 0.000 0.000 56 5 3 1 0 1 0
306850 306850 3 3 36.000 3004 21.450 -13.500 0.000 0.000 0.000 0.000 56 5 3 1 0 1 0
306851 306851 3 4 40.000 3004 21.450 -13.500 0.000 0.000 0.000 0.000 56 5 3 1 0 1 0
306852 306852 3 4 44.000 3004 21.450 -13.500 0.000 0.000 0.000 0.000 56 5 3 1 0 1 0
306853 306853 3 1 48.000 3004 21.450 -13.500 0.000 0.000 0.000 0.000 56 5 3 1 0 1 0
306854 306854 3 4 52.000 3004 21.450 -13.500 0.000 0.000 0.000 0.000 56 5 3 1 0 1 0
306855 306855 3 1 56.000 3004 21.450 -13.500 0.000 0.000 0.000 0.000 56 5 3 1 0 1 0
306861 306861 3 1 2.000 3004 21.450 -13.500 0.000 0.000 0.000 0.000 56 5 4 1 0 1 0
306862 306862 3 1 4.000 3004 21.450 -13.500 0.000 0.000 0.000 0.000 56 5 4 1 0 1 0
306863 306863 3 1 8.000 3004 21.450 -13.500 0.000 0.000 0.000 0.000 56 5 4 1 0 1 0
306864 306864 3 1 12.000 3004 21.450 -13.500 0.000 0.000 0.000 0.000 56 5 4 1 0 1 0
306865 306865 3 2 16.000 3004 21.450 -13.500 0.000 0.000 0.000 0.000 56 5 4 1 0 1 0
306866 306866 3 2 20.000 3004 21.450 -13.500 0.000 0.000 0.000 0.000 56 5 4 1 0 1 0
306867 306867 3 2 24.000 3004 21.450 -13.500 0.000 0.000 0.000 0.000 56 5 4 1 0 1 0
306868 306868 3 7 28.000 3004 21.450 -13.500 0.000 0.000 0.000 0.000 56 5 4 1 0 1 0
306869 306869 3 1 32.000 3004 21.450 -13.500 0.000 0.000 0.000 0.000 56 5 4 1 0 1 0
306870 306870 3 3 36.000 3004 21.450 -13.500 0.000 0.000 0.000 0.000 56 5 4 1 0 1 0
306871 306871 3 5 40.000 3004 21.450 -13.500 0.000 0.000 0.000 0.000 56 5 4 1 0 1 0
306872 306872 3 4 44.000 3004 21.450 -13.500 0.000 0.000 0.000 0.000 56 5 4 1 0 1 0
306873 306873 3 4 48.000 3004 21.450 -13.500 0.000 0.000 0.000 0.000 56 5 4 1 0 1 0
306874 306874 3 4 52.000 3004 21.450 -13.500 0.000 0.000 0.000 0.000 56 5 4 1 0 1 0
306875 306875 3 5 56.000 3004 21.450 -13.500 0.000 0.000 0.000 0.000 56 5 4 1 0 1 0
307621 307621 4 1 2.000 3005 30.950 -13.500 0.000 0.000 0.000 0.000 72 6 1 1 0 1 0
307622 307622 4 1 4.000 3005 30.950 -13.500 0.000 0.000 0.000 0.000 72 6 1 1 0 1 0
307623 307623 4 2 8.000 3005 30.950 -13.500 0.000 0.000 0.000 0.000 72 6 1 1 0 1 0
307624 307624 4 3 12.000 3005 30.950 -13.500 0.000 0.000 0.000 0.000 72 6 1 1 0 1 0
307625 307625 4 4 16.000 3005 30.950 -13.500 0.000 0.000 0.000 0.000 72 6 1 1 0 1 0
307626 307626 4 5 20.000 3005 30.950 -13.500 0.000 0.000 0.000 0.000 72 6 1 1 0 1 0
307627 307627 4 6 24.000 3005 30.950 -13.500 0.000 0.000 0.000 0.000 72 6 1 1 0 1 0
307628 307628 4 7 28.000 3005 30.950 -13.500 0.000 0.000 0.000 0.000 72 6 1 1 0 1 0
307629 307629 4 8 32.000 3005 30.950 -13.500 0.000 0.000 0.000 0.000 72 6 1 1 0 1 0
307630 307630 4 9 36.000 3005 30.950 -13.500 0.000 0.000 0.000 0.000 72 6 1 1 0 1 0
307631 307631 4 1 40.000 3005 30.950 -13.500 0.000 0.000 0.000 0.000 72 6 1 1 0 1 0
307632 307632 4 1 44.000 3005 30.950 -13.500 0.000 0.000 0.000 0.000 72 6 1 1 0 1 0
307633 307633 4 1 48.000 3005 30.950 -13.500 0.000 0.000 0.000 0.000 72 6 1 1 0 1 0
307634 307634 4 1 52.000 3005 30.950 -13.500 0.000 0.000 0.000 0.000 72 6 1 1 0 1 0
307635 307635 4 1 56.000 3005 30.950 -13.500 0.000 0.000 0.000 0.000 72 6 1 1 0 1 0
307636 307636 4 1 60.000 3005 30.950 -13.500 0.000 0.000 0.000 0.000 72 6 1 1 0 1 0
307637 307637 4 1 64.000 3005 30.950 -13.500 0.000 0.000 0.000 0.000 72 6 1 1 0 1 0
307638 307638 4 1 68.000 3005 30.950 -13.500 0.000 0.000 0.000 0.000 72 6 1 1 0 1 0
307639 307639 4 1 72.000 3005 30.950 -13.500 0.000 0.000 0.000 0.000 72 6 1 1 0 1 0
307640 307640 4 1 76.000 3005 30.950 -13.500 0.000 0.000 0.000 0.000 72 6 1 1 0 1 0
307641 307641 4 1 2.000 3005 30.950 -13.500 0.000 0.000 0.000 0.000 72 6 3 1 0 1 0
307642 307642 4 1 4.000 3005 30.950 -13.500 0.000 0.000 0.000 0.000 72 6 3 1 0 1 0
307643 307643 4 2 8.000 3005 30.950 -13.500 0.000 0.000 0.000 0.000 72 6 3 1 0 1 0
307644 307644 4 4 12.000 3005 30.950 -13.500 0.000 0.000 0.000 0.000 72 6 3 1 0 1 0
307645 307645 4 4 16.000 3005 30.950 -13.500 0.000 0.000 0.000 0.000 72 6 3 1 0 1 0
307646 307646 4 5 20.000 3005 30.950 -13.500 0.000 0.000 0.000 0.000 72 6 3 1 0 1 0
307647 307647 4 6 24.000 3005 30.950 -13.500 0.000 0.000 0.000 0.000 72 6 3 1 0 1 0
307648 307648 4 7 28.000 3005 30.950 -13.500 0.000 0.000 0.000 0.000 72 6 3 1 0 1 0
307649 307649 4 8 32.000 3005 30.950 -13.500 0.000 0.000 0.000 0.000 72 6 3 1 0 1 0
307650 307650 4 9 36.000 3005 30.950 -13.500 0.000 0.000 0.000 0.000 72 6 3 1 0 1 0
307651 307651 4 1 40.000 3005 30.950 -13.500 0.000 0.000 0.000 0.000 72 6 3 1 0 1 0
307652 307652 4 1 44.000 3005 30.950 -13.500 0.000 0.000 0.000 0.000 72 6 3 1 0 1 0
307653 307653 4 1 48.000 3005 30.950 -13.500 0.000 0.000 0.000 0.000 72 6 3 1 0 1 0
307654 307654 4 1 52.000 3005 30.950 -13.500 0.000 0.000 0.000 0.000 72 6 3 1 0 1 0
307655 307655 4 1 56.000 3005 30.950 -13.500 0.000 0.000 0.000 0.000 72 6 3 1 0 1 0
307656 307656 4 1 60.000 3005 30.950 -13.500 0.000 0.000 0.000 0.000 72 6 3 1 0 1 0
307657 307657 4 1 64.000 3005 30.950 -13.500 0.000 0.000 0.000 0.000 72 6 3 1 0 1 0
307658 307658 4 1 68.000 3005 30.950 -13.500 0.000 0.000 0.000 0.000 72 6 3 1 0 1 0
307659 307659 4 1 72.000 3005 30.950 -13.500 0.000 0.000 0.000 0.000 72 6 3 1 0 1 0
307660 307660 4 1 76.000 3005 30.950 -13.500 0.000 0.000 0.000 0.000 72 6 3 1 0 1 0
307661 307661 4 1 2.000 3005 30.950 -13.500 0.000 0.000 0.000 0.000 72 6 4 1 0 1 0
307662 307662 4 1 4.000 3005 30.950 -13.500 0.000 0.000 0.000 0.000 72 6 4 1 0 1 0
307663 307663 4 1 8.000 3005 30.950 -13.500 0.000 0.000 0.000 0.000 72 6 4 1 0 1 0
307664 307664 4 1 12.000 3005 30.950 -13.500 0.000 0.000 0.000 0.000 72 6 4 1 0 1 0
307665 307665 4 1 16.000 3005 30.950 -13.500 0.000 0.000 0.000 0.000 72 6 4 1 0 1 0
307666 307666 4 5 20.000 3005 30.950 -13.500 0.000 0.000 0.000 0.000 72 6 4 1 0 1 0
307667 307667 4 2 24.000 3005 30.950 -13.500 0.000 0.000 0.000 0.000 72 6 4 1 0 1 0
307668 307668 4 7 28.000 3005 30.950 -13.500 0.000 0.000 0.000 0.000 72 6 4 1 0 1 0
307669 307669 4 2 32.000 3005 30.950 -13.500 0.000 0.000 0.000 0.000 72 6 4 1 0 1 0
307670 307670 4 3 36.000 3005 30.950 -13.500 0.000 0.000 0.000 0.000 72 6 4 1 0 1 0
307671 307671 4 5 40.000 3005 30.950 -13.500 0.000 0.000 0.000 0.000 72 6 4 1 0 1 0
307672 307672 4 5 44.000 3005 30.950 -13.500 0.000 0.000 0.000 0.000 72 6 4 1 0 1 0
307673 307673 4 5 48.000 3005 30.950 -13.500 0.000 0.000 0.000 0.000 72 6 4 1 0 1 0
307674 307674 4 5 52.000 3005 30.950 -13.500 0.000 0.000 0.000 0.000 72 6 4 1 0 1 0
307675 307675 4 5 56.000 3005 30.950 -13.500 0.000 0.000 0.000 0.000 72 6 4 1 0 1 0
307676 307676 4 5 60.000 3005 30.950 -13.500 0.000 0.000 0.000 0.000 72 6 4 1 0 1 0
307677 307677 4 5 64.000 3005 30.950 -13.500 0.000 0.000 0.000 0.000 72 6 4 1 0 1 0
307678 307678 4 5 68.000 3005 30.950 -13.500 0.000 0.000 0.000 0.000 72 6 4 1 0 1 0
307679 307679 4 5 72.000 3005 30.950 -13.500 0.000 0.000 0.000 0.000 72 6 4 1 0 1 0
307680 307680 4 5 76.000 3005 30.950 -13.500 0.000 0.000 0.000 0.000 72 6 4 1 0 1 0
308461 308461 5 1 2.000 3012 37.450 -13.500 0.000 0.000 0.000 0.000 88 7 4 1 0 1 0
308462 308462 5 1 4.000 3012 37.450 -13.500 0.000 0.000 0.000 0.000 88 7 4 1 0 1 0
308463 308463 5 1 8.000 3012 37.450 -13.500 0.000 0.000 0.000 0.000 88 7 4 1 0 1 0
308464 308464 5 1 12.000 3012 37.450 -13.500 0.000 0.000 0.000 0.000 88 7 4 1 0 1 0
308465 308465 5 1 16.000 3012 37.450 -13.500 0.000 0.000 0.000 0.000 88 7 4 1 0 1 0
308466 308466 5 1 20.000 3012 37.450 -13.500 0.000 0.000 0.000 0.000 88 7 4 1 0 1 0
308467 308467 5 1 24.000 3012 37.450 -13.500 0.000 0.000 0.000 0.000 88 7 4 1 0 1 0
308468 308468 5 1 28.000 3012 37.450 -13.500 0.000 0.000 0.000 0.000 88 7 4 1 0 1 0
308469 308469 5 1 32.000 3012 37.450 -13.500 0.000 0.000 0.000 0.000 88 7 4 1 0 1 0
308470 308470 5 1 36.000 3012 37.450 -13.500 0.000 0.000 0.000 0.000 88 7 4 1 0 1 0
308471 308471 5 1 40.000 3012 37.450 -13.500 0.000 0.000 0.000 0.000 88 7 4 1 0 1 0
308472 308472 5 1 44.000 3012 37.450 -13.500 0.000 0.000 0.000 0.000 88 7 4 1 0 1 0
308473 308473 5 1 48.000 3012 37.450 -13.500 0.000 0.000 0.000 0.000 88 7 4 1 0 1 0
308474 308474 5 1 52.000 3012 37.450 -13.500 0.000 0.000 0.000 0.000 88 7 4 1 0 1 0
308475 308475 5 1 56.000 3012 37.450 -13.500 0.000 0.000 0.000 0.000 88 7 4 1 0 1 0
308476 308476 5 1 60.000 3012 37.450 -13.500 0.000 0.000 0.000 0.000 88 7 4 1 0 1 0
308477 308477 5 1 64.000 3012 37.450 -13.500 0.000 0.000 0.000 0.000 88 7 4 1 0 1 0
308478 308478 5 1 68.000 3012 37.450 -13.500 0.000 0.000 0.000 0.000 88 7 4 1 0 1 0
308479 308479 5 1 72.000 3012 37.450 -13.500 0.000 0.000 0.000 0.000 88 7 4 1 0 1 0
308480 308480 5 1 76.000 3012 37.450 -13.500 0.000 0.000 0.000 0.000 88 7 4 1 0 1 0
309261 309261 6 1 2.000 3013 45.450 -13.500 0.000 0.000 0.000 0.000 104 8 4 1 0 1 0
309262 309262 6 1 4.000 3013 45.450 -13.500 0.000 0.000 0.000 0.000 104 8 4 1 0 1 0
309263 309263 6 1 8.000 3013 45.450 -13.500 0.000 0.000 0.000 0.000 104 8 4 1 0 1 0
309264 309264 6 1 12.000 3013 45.450 -13.500 0.000 0.000 0.000 0.000 104 8 4 1 0 1 0
309265 309265 6 1 16.000 3013 45.450 -13.500 0.000 0.000 0.000 0.000 104 8 4 1 0 1 0
309266 309266 6 1 20.000 3013 45.450 -13.500 0.000 0.000 0.000 0.000 104 8 4 1 0 1 0
309267 309267 6 1 24.000 3013 45.450 -13.500 0.000 0.000 0.000 0.000 104 8 4 1 0 1 0
309268 309268 6 1 28.000 3013 45.450 -13.500 0.000 0.000 0.000 0.000 104 8 4 1 0 1 0
309269 309269 6 1 32.000 3013 45.450 -13.500 0.000 0.000 0.000 0.000 104 8 4 1 0 1 0
309270 309270 6 1 36.000 3013 45.450 -13.500 0.000 0.000 0.000 0.000 104 8 4 1 0 1 0
309271 309271 6 1 40.000 3013 45.450 -13.500 0.000 0.000 0.000 0.000 104 8 4 1 0 1 0
309272 309272 6 1 44.000 3013 45.450 -13.500 0.000 0.000 0.000 0.000 104 8 4 1 0 1 0
309273 309273 6 1 48.000 3013 45.450 -13.500 0.000 0.000 0.000 0.000 104 8 4 1 0 1 0
309274 309274 6 1 52.000 3013 45.450 -13.500 0.000 0.000 0.000 0.000 104 8 4 1 0 1 0
309275 309275 6 1 56.000 3013 45.450 -13.500 0.000 0.000 0.000 0.000 104 8 4 1 0 1 0
309276 309276 6 1 60.000 3013 45.450 -13.500 0.000 0.000 0.000 0.000 104 8 4 1 0 1 0
309277 309277 6 1 64.000 3013 45.450 -13.500 0.000 0.000 0.000 0.000 104 8 4 1 0 1 0
309278 309278 6 1 68.000 3013 45.450 -13.500 0.000 0.000 0.000 0.000 104 8 4 1 0 1 0
309279 309279 6 1 72.000 3013 45.450 -13.500 0.000 0.000 0.000 0.000 104 8 4 1 0 1 0
309280 309280 6 1 76.000 3013 45.450 -13.500 0.000 0.000 0.000 0.000 104 8 4 1 0 1 0
310021 310021 4 0 0.000 3011 10.500 -13.500 31.500 -13.500 52.500 -13.500 0 10 0 0 1 3 0
310022 310022 4 0 0.000 3011 10.500 -13.500 31.500 -13.500 52.500 -13.500 0 10 0 0 2 3 0
310023 310023 4 0 0.000 3011 10.500 -13.500 31.500 -13.500 52.500 -13.500 0 10 0 0 3 3 0
310024 310024 4 0 0.000 3011 10.500 -13.500 31.500 -13.500 52.500 -13.500 0 10 0 0 4 3 0
310025 310025 2 0 0.000 3034 10.500 -13.500 0.000 0.000 0.000 0.000 0 52 0 0 1 3 0
310026 310026 2 0 0.000 3034 10.500 -13.500 0.000 0.000 0.000 0.000 0 52 0 0 2 3 0
310027 310027 2 0 0.000 3034 10.500 -13.500 0.000 0.000 0.000 0.000 0 52 0 0 3 3 0
310028 310028 2 0 0.000 3034 10.500 -13.500 0.000 0.000 0.000 0.000 0 52 0 0 4 3 0
310041 310041 2 1 0.000 3041 10.500 -13.500 0.000 0.000 0.000 0.000 0 42 0 0 0 14 0
310042 310042 4 1 0.000 3042 31.500 -13.500 0.000 0.000 0.000 0.000 0 43 0 0 0 14 0
310043 310043 6 0 0.000 3045 52.500 -13.500 0.000 0.000 0.000 0.000 0 51 0 0 0 14 0
310044 310044 4 0 0.000 3043 31.500 -4.500 0.000 0.000 0.000 0.000 0 43 0 0 0 14 0
310061 310061 8 0 0.000 3091 15.750 -48.000 36.750 -48.000 57.750 -48.000 0 91 0 0 1 3 1
310062 310062 8 0 0.000 3091 15.750 -48.000 36.750 -48.000 57.750 -48.000 0 91 0 0 2 3 1
310063 310063 8 0 0.000 3091 15.750 -48.000 36.750 -48.000 57.750 -48.000 0 91 0 0 3 3 1
310064 310064 8 0 0.000 3091 15.750 -48.000 36.750 -48.000 57.750 -48.000 0 91 0 0 4 3 1
316001 316001 3 1 0.000 3061 29.000 -13.500 0.000 0.000 0.000 0.000 0 46 0 0 0 16 0
316002 316002 3 2 0.000 3061 29.000 -13.500 0.000 0.000 0.000 0.000 0 46 0 0 0 16 0
316003 316003 3 3 0.000 3061 29.000 -13.500 0.000 0.000 0.000 0.000 0 46 0 0 0 16 0
316004 316004 3 4 0.000 3061 29.000 -13.500 0.000 0.000 0.000 0.000 0 46 0 0 0 16 0
316011 316011 3 1 0.000 3062 29.000 -13.500 0.000 0.000 0.000 0.000 0 47 0 0 0 16 0
316012 316012 3 2 0.000 3062 29.000 -13.500 0.000 0.000 0.000 0.000 0 47 0 0 0 16 0
316013 316013 3 3 0.000 3062 29.000 -13.500 0.000 0.000 0.000 0.000 0 47 0 0 0 16 0
316014 316014 3 4 0.000 3062 29.000 -13.500 0.000 0.000 0.000 0.000 0 47 0 0 0 16 0
316021 316021 3 1 0.000 3063 29.000 -13.500 0.000 0.000 0.000 0.000 0 48 0 0 0 16 0
316022 316022 3 2 0.000 3063 29.000 -13.500 0.000 0.000 0.000 0.000 0 48 0 0 0 16 0
316023 316023 3 3 0.000 3063 29.000 -13.500 0.000 0.000 0.000 0.000 0 48 0 0 0 16 0
316024 316024 3 4 0.000 3063 29.000 -13.500 0.000 0.000 0.000 0.000 0 48 0 0 0 16 0
316031 316031 3 1 0.000 3064 29.000 -13.500 0.000 0.000 0.000 0.000 0 49 0 0 0 16 0
316032 316032 3 2 0.000 3064 29.000 -13.500 0.000 0.000 0.000 0.000 0 49 0 0 0 16 0
316033 316033 3 3 0.000 3064 29.000 -13.500 0.000 0.000 0.000 0.000 0 49 0 0 0 16 0
316034 316034 3 4 0.000 3064 29.000 -13.500 0.000 0.000 0.000 0.000 0 49 0 0 0 16 0
316041 316041 3 1 0.000 3065 29.000 -13.500 0.000 0.000 0.000 0.000 0 58 0 0 0 20 0
316042 316042 3 2 0.000 3065 29.000 -13.500 0.000 0.000 0.000 0.000 0 58 0 0 0 20 0
316043 316043 3 3 0.000 3065 29.000 -13.500 0.000 0.000 0.000 0.000 0 58 0 0 0 20 0
316044 316044 3 4 0.000 3065 29.000 -13.500 0.000 0.000 0.000 0.000 0 58 0 0 0 20 0
316051 316051 3 1 0.000 3066 29.000 -13.500 0.000 0.000 0.000 0.000 0 59 0 0 0 20 0
316052 316052 3 2 0.000 3066 29.000 -13.500 0.000 0.000 0.000 0.000 0 59 0 0 0 20 0
316053 316053 3 3 0.000 3066 29.000 -13.500 0.000 0.000 0.000 0.000 0 59 0 0 0 20 0
316054 316054 3 4 0.000 3066 29.000 -13.500 0.000 0.000 0.000 0.000 0 59 0 0 0 20 0
316061 316061 3 1 0.000 3067 29.000 -13.500 0.000 0.000 0.000 0.000 0 60 0 0 0 20 0
316062 316062 3 2 0.000 3067 29.000 -13.500 0.000 0.000 0.000 0.000 0 60 0 0 0 20 0
316063 316063 3 3 0.000 3067 29.000 -13.500 0.000 0.000 0.000 0.000 0 60 0 0 0 20 0
316064 316064 3 4 0.000 3067 29.000 -13.500 0.000 0.000 0.000 0.000 0 60 0 0 0 20 0
316071 316071 3 1 0.000 3068 29.000 -13.500 0.000 0.000 0.000 0.000 0 61 0 0 0 20 0
316072 316072 3 2 0.000 3068 29.000 -13.500 0.000 0.000 0.000 0.000 0 61 0 0 0 20 0
316073 316073 3 3 0.000 3068 29.000 -13.500 0.000 0.000 0.000 0.000 0 61 0 0 0 20 0
316074 316074 3 4 0.000 3068 29.000 -13.500 0.000 0.000 0.000 0.000 0 61 0 0 0 20 0
316081 316081 3 1 0.000 3081 29.000 -13.500 0.000 0.000 0.000 0.000 0 62 0 0 0 16 0
316082 316082 3 2 0.000 3081 29.000 -13.500 0.000 0.000 0.000 0.000 0 62 0 0 0 16 0
316083 316083 3 3 0.000 3081 29.000 -13.500 0.000 0.000 0.000 0.000 0 62 0 0 0 16 0
316084 316084 3 4 0.000 3081 29.000 -13.500 0.000 0.000 0.000 0.000 0 62 0 0 0 16 0
316091 316091 3 1 0.000 3082 29.000 -13.500 0.000 0.000 0.000 0.000 0 63 0 0 0 16 0
316092 316092 3 2 0.000 3082 29.000 -13.500 0.000 0.000 0.000 0.000 0 63 0 0 0 16 0
316093 316093 3 3 0.000 3082 29.000 -13.500 0.000 0.000 0.000 0.000 0 63 0 0 0 16 0
316094 316094 3 4 0.000 3082 29.000 -13.500 0.000 0.000 0.000 0.000 0 63 0 0 0 16 0
316101 316101 3 1 0.000 3083 29.000 -13.500 0.000 0.000 0.000 0.000 0 64 0 0 0 16 0
316102 316102 3 2 0.000 3083 29.000 -13.500 0.000 0.000 0.000 0.000 0 64 0 0 0 16 0
316103 316103 3 3 0.000 3083 29.000 -13.500 0.000 0.000 0.000 0.000 0 64 0 0 0 16 0
316104 316104 3 4 0.000 3083 29.000 -13.500 0.000 0.000 0.000 0.000 0 64 0 0 0 16 0
316111 316111 3 1 0.000 3084 29.000 -13.500 0.000 0.000 0.000 0.000 0 65 0 0 0 16 0
316112 316112 3 2 0.000 3084 29.000 -13.500 0.000 0.000 0.000 0.000 0 65 0 0 0 16 0
316113 316113 3 3 0.000 3084 29.000 -13.500 0.000 0.000 0.000 0.000 0 65 0 0 0 16 0
316114 316114 3 4 0.000 3084 29.000 -13.500 0.000 0.000 0.000 0.000 0 65 0 0 0 16 0
326001 326001 3 1 0.000 3071 21.000 -13.500 0.000 0.000 0.000 0.000 0 53 0 0 0 18 0
326002 326002 3 2 0.000 3071 21.000 -13.500 0.000 0.000 0.000 0.000 0 53 0 0 0 18 0
326011 326011 5 1 0.000 3072 42.000 -13.500 0.000 0.000 0.000 0.000 0 54 0 0 0 18 0
326012 326012 5 2 0.000 3072 42.000 -13.500 0.000 0.000 0.000 0.000 0 54 0 0 0 18 0
326021 326021 5 1 0.000 3073 39.500 -13.500 0.000 0.000 0.000 0.000 0 55 0 0 0 18 0
326022 326022 5 2 0.000 3073 39.500 -13.500 0.000 0.000 0.000 0.000 0 55 0 0 0 18 0
326031 326031 6 1 0.000 3074 45.500 -13.500 0.000 0.000 0.000 0.000 0 56 0 0 0 18 0
326032 326032 6 2 0.000 3074 45.500 -13.500 0.000 0.000 0.000 0.000 0 56 0 0 0 18 0
335061 335061 7 1 2.000 3022 53.450 -13.500 0.000 0.000 0.000 0.000 120 9 4 1 0 1 0
335062 335062 7 1 4.000 3022 53.450 -13.500 0.000 0.000 0.000 0.000 120 9 4 1 0 1 0
335063 335063 7 1 8.000 3022 53.450 -13.500 0.000 0.000 0.000 0.000 120 9 4 1 0 1 0
335064 335064 7 1 12.000 3022 53.450 -13.500 0.000 0.000 0.000 0.000 120 9 4 1 0 1 0
335065 335065 7 1 16.000 3022 53.450 -13.500 0.000 0.000 0.000 0.000 120 9 4 1 0 1 0
335066 335066 7 1 20.000 3022 53.450 -13.500 0.000 0.000 0.000 0.000 120 9 4 1 0 1 0
335067 335067 7 1 24.000 3022 53.450 -13.500 0.000 0.000 0.000 0.000 120 9 4 1 0 1 0
335068 335068 7 1 28.000 3022 53.450 -13.500 0.000 0.000 0.000 0.000 120 9 4 1 0 1 0
335069 335069 7 1 32.000 3022 53.450 -13.500 0.000 0.000 0.000 0.000 120 9 4 1 0 1 0
335070 335070 7 1 36.000 3022 53.450 -13.500 0.000 0.000 0.000 0.000 120 9 4 1 0 1 0
335071 335071 7 1 40.000 3022 53.450 -13.500 0.000 0.000 0.000 0.000 120 9 4 1 0 1 0
335072 335072 7 1 44.000 3022 53.450 -13.500 0.000 0.000 0.000 0.000 120 9 4 1 0 1 0
335073 335073 7 1 48.000 3022 53.450 -13.500 0.000 0.000 0.000 0.000 120 9 4 1 0 1 0
335074 335074 7 1 52.000 3022 53.450 -13.500 0.000 0.000 0.000 0.000 120 9 4 1 0 1 0
335075 335075 7 1 56.000 3022 53.450 -13.500 0.000 0.000 0.000 0.000 120 9 4 1 0 1 0
335076 335076 7 1 60.000 3022 53.450 -13.500 0.000 0.000 0.000 0.000 120 9 4 1 0 1 0
335077 335077 7 1 64.000 3022 53.450 -13.500 0.000 0.000 0.000 0.000 120 9 4 1 0 1 0
335078 335078 7 1 68.000 3022 53.450 -13.500 0.000 0.000 0.000 0.000 120 9 4 1 0 1 0
335079 335079 7 1 72.000 3022 53.450 -13.500 0.000 0.000 0.000 0.000 120 9 4 1 0 1 0
335080 335080 7 1 76.000 3022 53.450 -13.500 0.000 0.000 0.000 0.000 120 9 4 1 0 1 0
336632 336632 1 1 1.000 3026 -5.300 2.500 5.200 2.500 0.000 0.000 4 32 1 1 0 1 0
336792 336792 1 1 1.000 3026 -5.300 2.500 5.200 2.500 0.000 0.000 4 32 1 2 0 1 0
336952 336952 1 1 1.000 3027 -4.000 2.500 6.500 2.500 0.000 0.000 4 33 1 1 0 1 0
337112 337112 1 1 1.000 3027 -4.000 2.500 6.500 2.500 0.000 0.000 4 33 1 2 0 1 0
337401 337401 1 1 2.000 4023 -4.000 2.500 0.000 0.000 0.000 0.000 8 26 0 1 0 5 0
337402 337402 1 1 4.000 4023 -4.000 2.500 0.000 0.000 0.000 0.000 8 26 0 1 0 5 0
337421 337421 1 1 2.000 4023 -4.000 2.500 0.000 0.000 0.000 0.000 8 26 1 1 0 5 0
337422 337422 1 1 4.000 4023 -4.000 2.500 0.000 0.000 0.000 0.000 8 26 1 1 0 5 0
337561 337561 1 1 2.000 4023 -4.000 2.500 0.000 0.000 0.000 0.000 8 26 0 2 0 5 0
337562 337562 1 1 4.000 4023 -4.000 2.500 0.000 0.000 0.000 0.000 8 26 0 2 0 5 0
337581 337581 1 1 2.000 4023 -4.000 2.500 0.000 0.000 0.000 0.000 8 26 1 2 0 5 0
337582 337582 1 1 4.000 4023 -4.000 2.500 0.000 0.000 0.000 0.000 8 26 1 2 0 5 0
338201 338201 1 1 2.000 3028 -4.000 2.500 6.500 2.500 0.000 0.000 8 34 0 1 0 1 0
338202 338202 1 1 4.000 3028 -4.000 2.500 6.500 2.500 0.000 0.000 8 34 0 1 0 1 0
338203 338203 1 1 8.000 3028 -4.000 2.500 6.500 2.500 0.000 0.000 8 34 0 1 0 1 0
338212 338212 1 1 1.000 3028 -4.000 1.500 6.500 1.500 0.000 0.000 8 34 0 1 0 1 0
338221 338221 1 1 2.000 3028 -4.000 2.500 6.500 2.500 0.000 0.000 8 34 1 1 0 1 0
338222 338222 1 1 4.000 3028 -4.000 2.500 6.500 2.500 0.000 0.000 8 34 1 1 0 1 0
338223 338223 1 1 8.000 3028 -4.000 2.500 6.500 2.500 0.000 0.000 8 34 1 1 0 1 0
338232 338232 1 1 1.000 3028 -4.000 1.500 6.500 1.500 0.000 0.000 8 34 1 1 0 1 0
338361 338361 1 1 2.000 3028 -4.000 2.500 6.500 2.500 0.000 0.000 8 34 0 2 0 1 0
338362 338362 1 1 4.000 3028 -4.000 2.500 6.500 2.500 0.000 0.000 8 34 0 2 0 1 0
338363 338363 1 1 8.000 3028 -4.000 2.500 6.500 2.500 0.000 0.000 8 34 0 2 0 1 0
338372 338372 1 1 1.000 3028 -4.000 1.500 6.500 1.500 0.000 0.000 8 34 0 2 0 1 0
338381 338381 1 1 2.000 3028 -4.000 2.500 6.500 2.500 0.000 0.000 8 34 1 2 0 1 0
338382 338382 1 1 4.000 3028 -4.000 2.500 6.500 2.500 0.000 0.000 8 34 1 2 0 1 0
338383 338383 1 1 8.000 3028 -4.000 2.500 6.500 2.500 0.000 0.000 8 34 1 2 0 1 0
338392 338392 1 1 1.000 3028 -4.000 1.500 6.500 1.500 0.000 0.000 8 34 1 2 0 1 0
340103 340103 1 0 0.000 4013 10.000 -2.500 0.000 0.000 0.000 0.000 0 25 0 0 0 8 0
340502 340502 5 0 0.000 4073 52.500 -13.500 0.000 0.000 0.000 0.000 0 24 0 0 0 10 0
340503 340503 6 0 0.000 4074 63.000 -13.500 0.000 0.000 0.000 0.000 0 24 0 0 0 10 0
340608 340608 5 0 0.000 4075 63.000 -13.500 0.000 0.000 0.000 0.000 0 24 0 0 0 0 0
340640 340640 6 0 0.000 4071 63.000 -13.500 0.000 0.000 0.000 0.000 0 24 0 0 0 11 0
340701 340701 5 0 0.000 4066 0.000 0.000 0.000 0.000 0.000 0.000 0 35 0 0 0 8 0
340901 340901 4 0 0.000 4072 30.950 -13.500 0.000 0.000 0.000 0.000 0 57 0 0 0 119 0
350801 350801 1 1 2.000 3030 -4.000 2.500 6.500 2.500 0.000 0.000 8 38 0 1 0 1 0
350802 350802 1 1 4.000 3030 -4.000 2.500 6.500 2.500 0.000 0.000 8 38 0 1 0 1 0
350803 350803 1 1 8.000 3030 -4.000 2.500 6.500 2.500 0.000 0.000 8 38 0 1 0 1 0
350812 350812 1 1 1.000 3030 -4.000 1.500 6.500 1.500 0.000 0.000 8 38 0 1 0 1 0
350961 350961 1 1 2.000 3030 -4.000 2.500 6.500 2.500 0.000 0.000 8 38 0 2 0 1 0
350962 350962 1 1 4.000 3030 -4.000 2.500 6.500 2.500 0.000 0.000 8 38 0 2 0 1 0
350963 350963 1 1 8.000 3030 -4.000 2.500 6.500 2.500 0.000 0.000 8 38 0 2 0 1 0
350972 350972 1 1 1.000 3030 -4.000 1.500 6.500 1.500 0.000 0.000 8 38 0 2 0 1 0
360000 360000 1 1 1.000 5001 1.250 -31.000 11.750 -31.000 0.000 0.000 4 67 1 1 0 1 1
360030 360030 1 1 1.000 5001 1.250 -31.000 11.750 -31.000 0.000 0.000 4 67 1 2 0 1 1
360060 360060 1 1 1.000 5002 1.250 -32.000 11.750 -32.000 0.000 0.000 8 68 0 1 0 1 1
360061 360061 1 1 2.000 5002 1.250 -31.000 11.750 -31.000 0.000 0.000 8 68 0 1 0 1 1
360062 360062 1 1 4.000 5002 1.250 -31.000 11.750 -31.000 0.000 0.000 8 68 0 1 0 1 1
360090 360090 1 1 1.000 5002 1.250 -32.000 11.750 -32.000 0.000 0.000 8 68 0 2 0 1 1
360091 360091 1 1 2.000 5002 1.250 -31.000 11.750 -31.000 0.000 0.000 8 68 0 2 0 1 1
360092 360092 1 1 4.000 5002 1.250 -31.000 11.750 -31.000 0.000 0.000 8 68 0 2 0 1 1
360120 360120 1 1 1.000 5002 1.250 -32.000 11.750 -32.000 0.000 0.000 8 68 1 1 0 1 1
360121 360121 1 1 2.000 5002 1.250 -31.000 11.750 -31.000 0.000 0.000 8 68 1 1 0 1 1
360122 360122 1 1 4.000 5002 1.250 -31.000 11.750 -31.000 0.000 0.000 8 68 1 1 0 1 1
360150 360150 1 1 1.000 5002 1.250 -32.000 11.750 -32.000 0.000 0.000 8 68 1 2 0 1 1
360151 360151 1 1 2.000 5002 1.250 -31.000 11.750 -31.000 0.000 0.000 8 68 1 2 0 1 1
360152 360152 1 1 4.000 5002 1.250 -31.000 11.750 -31.000 0.000 0.000 8 68 1 2 0 1 1
360182 360182 2 1 4.000 5003 5.300 -48.000 0.000 0.000 0.000 0.000 12 69 1 1 0 1 1
360183 360183 2 1 8.000 5003 5.300 -44.000 0.000 0.000 0.000 0.000 12 69 1 1 0 1 1
360184 360184 2 1 12.000 5003 5.300 -40.000 0.000 0.000 0.000 0.000 12 69 1 1 0 1 1
360212 360212 2 1 4.000 5003 5.300 -48.000 0.000 0.000 0.000 0.000 12 69 1 2 0 1 1
360213 360213 2 1 8.000 5003 5.300 -44.000 0.000 0.000 0.000 0.000 12 69 1 2 0 1 1
360214 360214 2 1 12.000 5003 5.300 -40.000 0.000 0.000 0.000 0.000 12 69 1 2 0 1 1
360242 360242 2 1 4.000 5004 7.300 -48.000 0.000 0.000 0.000 0.000 16 70 1 1 0 1 1
360243 360243 2 1 8.000 5004 7.300 -44.000 0.000 0.000 0.000 0.000 16 70 1 1 0 1 1
360244 360244 2 1 12.000 5004 7.300 -40.000 0.000 0.000 0.000 0.000 16 70 1 1 0 1 1
360245 360245 2 1 16.000 5004 7.300 -40.000 0.000 0.000 0.000 0.000 16 70 1 1 0 1 1
360272 360272 2 1 4.000 5004 7.300 -48.000 0.000 0.000 0.000 0.000 16 70 1 2 0 1 1
360273 360273 2 1 8.000 5004 7.300 -44.000 0.000 0.000 0.000 0.000 16 70 1 2 0 1 1
360274 360274 2 1 12.000 5004 7.300 -40.000 0.000 0.000 0.000 0.000 16 70 1 2 0 1 1
360275 360275 2 1 16.000 5004 7.300 -40.000 0.000 0.000 0.000 0.000 16 70 1 2 0 1 1
360302 360302 3 1 4.000 5005 11.300 -48.000 0.000 0.000 0.000 0.000 24 71 1 1 0 1 1
360303 360303 3 1 8.000 5005 11.300 -44.000 0.000 0.000 0.000 0.000 24 71 1 1 0 1 1
360304 360304 3 1 12.000 5005 11.300 -40.000 0.000 0.000 0.000 0.000 24 71 1 1 0 1 1
360305 360305 3 1 16.000 5005 11.300 -40.000 0.000 0.000 0.000 0.000 24 71 1 1 0 1 1
360306 360306 3 1 20.000 5005 11.300 -36.000 0.000 0.000 0.000 0.000 24 71 1 1 0 1 1
360307 360307 3 1 24.000 5005 11.300 -36.000 0.000 0.000 0.000 0.000 24 71 1 1 0 1 1
360332 360332 4 1 4.000 5006 14.000 -48.000 0.000 0.000 0.000 0.000 32 72 1 1 0 1 1
360333 360333 4 1 8.000 5006 14.000 -44.000 0.000 0.000 0.000 0.000 32 72 1 1 0 1 1
360334 360334 4 1 12.000 5006 14.000 -40.000 0.000 0.000 0.000 0.000 32 72 1 1 0 1 1
360335 360335 4 1 16.000 5006 14.000 -40.000 0.000 0.000 0.000 0.000 32 72 1 1 0 1 1
360336 360336 4 1 20.000 5006 14.000 -36.000 0.000 0.000 0.000 0.000 32 72 1 1 0 1 1
360337 360337 4 1 24.000 5006 14.000 -36.000 0.000 0.000 0.000 0.000 32 72 1 1 0 1 1
360338 360338 4 1 28.000 5006 14.000 -32.000 0.000 0.000 0.000 0.000 32 72 1 1 0 1 1
360339 360339 4 1 32.000 5006 14.000 -32.000 0.000 0.000 0.000 0.000 32 72 1 1 0 1 1
360362 360362 5 1 4.000 5007 20.000 -48.000 0.000 0.000 0.000 0.000 44 73 1 1 0 1 1
360363 360363 5 1 8.000 5007 20.000 -48.000 0.000 0.000 0.000 0.000 44 73 1 1 0 1 1
360364 360364 5 1 12.000 5007 20.000 -44.000 0.000 0.000 0.000 0.000 44 73 1 1 0 1 1
360365 360365 5 1 16.000 5007 20.000 -44.000 0.000 0.000 0.000 0.000 44 73 1 1 0 1 1
360366 360366 5 1 20.000 5007 20.000 -40.000 0.000 0.000 0.000 0.000 44 73 1 1 0 1 1
360367 360367 5 1 24.000 5007 20.000 -40.000 0.000 0.000 0.000 0.000 44 73 1 1 0 1 1
360368 360368 5 1 28.000 5007 20.000 -36.000 0.000 0.000 0.000 0.000 44 73 1 1 0 1 1
360369 360369 5 1 32.000 5007 20.000 -36.000 0.000 0.000 0.000 0.000 44 73 1 1 0 1 1
360370 360370 5 1 36.000 5007 20.000 -44.000 0.000 0.000 0.000 0.000 44 73 1 1 0 1 1
360371 360371 5 1 40.000 5007 20.000 -44.000 0.000 0.000 0.000 0.000 44 73 1 1 0 1 1
360372 360372 5 1 44.000 5007 20.000 -40.000 0.000 0.000 0.000 0.000 44 73 1 1 0 1 1
360392 360392 6 1 4.000 5008 26.000 -48.000 0.000 0.000 0.000 0.000 56 74 1 1 0 1 1
360393 360393 6 1 8.000 5008 26.000 -48.000 0.000 0.000 0.000 0.000 56 74 1 1 0 1 1
360394 360394 6 1 12.000 5008 26.000 -44.000 0.000 0.000 0.000 0.000 56 74 1 1 0 1 1
360395 360395 6 1 16.000 5008 26.000 -44.000 0.000 0.000 0.000 0.000 56 74 1 1 0 1 1
360396 360396 6 1 20.000 5008 26.000 -40.000 0.000 0.000 0.000 0.000 56 74 1 1 0 1 1
360397 360397 6 1 24.000 5008 26.000 -40.000 0.000 0.000 0.000 0.000 56 74 1 1 0 1 1
360398 360398 6 1 28.000 5008 26.000 -36.000 0.000 0.000 0.000 0.000 56 74 1 1 0 1 1
360399 360399 6 1 32.000 5008 26.000 -36.000 0.000 0.000 0.000 0.000 56 74 1 1 0 1 1
360400 360400 6 1 36.000 5008 26.000 -44.000 0.000 0.000 0.000 0.000 56 74 1 1 0 1 1
360401 360401 6 1 40.000 5008 26.000 -44.000 0.000 0.000 0.000 0.000 56 74 1 1 0 1 1
360402 360402 6 1 44.000 5008 26.000 -40.000 0.000 0.000 0.000 0.000 56 74 1 1 0 1 1
360403 360403 6 1 48.000 5008 26.000 -40.000 0.000 0.000 0.000 0.000 56 74 1 1 0 1 1
360404 360404 6 1 52.000 5008 26.000 -36.000 0.000 0.000 0.000 0.000 56 74 1 1 0 1 1
360405 360405 6 1 56.000 5008 26.000 -36.000 0.000 0.000 0.000 0.000 56 74 1 1 0 1 1
360422 360422 8 1 4.000 5009 34.000 -48.000 0.000 0.000 0.000 0.000 72 75 1 1 0 1 1
360423 360423 8 1 8.000 5009 34.000 -48.000 0.000 0.000 0.000 0.000 72 75 1 1 0 1 1
360424 360424 8 1 12.000 5009 34.000 -44.000 0.000 0.000 0.000 0.000 72 75 1 1 0 1 1
360425 360425 8 1 16.000 5009 34.000 -44.000 0.000 0.000 0.000 0.000 72 75 1 1 0 1 1
360426 360426 8 1 20.000 5009 34.000 -40.000 0.000 0.000 0.000 0.000 72 75 1 1 0 1 1
360427 360427 8 1 24.000 5009 34.000 -40.000 0.000 0.000 0.000 0.000 72 75 1 1 0 1 1
360428 360428 8 1 28.000 5009 34.000 -36.000 0.000 0.000 0.000 0.000 72 75 1 1 0 1 1
360429 360429 8 1 32.000 5009 34.000 -36.000 0.000 0.000 0.000 0.000 72 75 1 1 0 1 1
360430 360430 8 1 36.000 5009 34.000 -44.000 0.000 0.000 0.000 0.000 72 75 1 1 0 1 1
360431 360431 8 1 40.000 5009 34.000 -44.000 0.000 0.000 0.000 0.000 72 75 1 1 0 1 1
360432 360432 8 1 44.000 5009 34.000 -40.000 0.000 0.000 0.000 0.000 72 75 1 1 0 1 1
360433 360433 8 1 48.000 5009 34.000 -40.000 0.000 0.000 0.000 0.000 72 75 1 1 0 1 1
360434 360434 8 1 52.000 5009 34.000 -36.000 0.000 0.000 0.000 0.000 72 75 1 1 0 1 1
360435 360435 8 1 56.000 5009 34.000 -36.000 0.000 0.000 0.000 0.000 72 75 1 1 0 1 1
360452 360452 9 1 4.000 5010 42.000 -48.000 0.000 0.000 0.000 0.000 88 76 4 1 0 1 1
360453 360453 9 1 8.000 5010 42.000 -48.000 0.000 0.000 0.000 0.000 88 76 4 1 0 1 1
360454 360454 9 1 12.000 5010 42.000 -44.000 0.000 0.000 0.000 0.000 88 76 4 1 0 1 1
360455 360455 9 1 16.000 5010 42.000 -44.000 0.000 0.000 0.000 0.000 88 76 4 1 0 1 1
360456 360456 9 1 20.000 5010 42.000 -40.000 0.000 0.000 0.000 0.000 88 76 4 1 0 1 1
360457 360457 9 1 24.000 5010 42.000 -40.000 0.000 0.000 0.000 0.000 88 76 4 1 0 1 1
360458 360458 9 1 28.000 5010 42.000 -36.000 0.000 0.000 0.000 0.000 88 76 4 1 0 1 1
360459 360459 9 1 32.000 5010 42.000 -36.000 0.000 0.000 0.000 0.000 88 76 4 1 0 1 1
360460 360460 9 1 36.000 5010 42.000 -44.000 0.000 0.000 0.000 0.000 88 76 4 1 0 1 1
360461 360461 9 1 40.000 5010 42.000 -44.000 0.000 0.000 0.000 0.000 88 76 4 1 0 1 1
360462 360462 9 1 44.000 5010 42.000 -40.000 0.000 0.000 0.000 0.000 88 76 4 1 0 1 1
360463 360463 9 1 48.000 5010 42.000 -40.000 0.000 0.000 0.000 0.000 88 76 4 1 0 1 1
360464 360464 9 1 52.000 5010 42.000 -36.000 0.000 0.000 0.000 0.000 88 76 4 1 0 1 1
360465 360465 9 1 56.000 5010 42.000 -36.000 0.000 0.000 0.000 0.000 88 76 4 1 0 1 1
360482 360482 11 1 4.000 5011 50.000 -48.000 0.000 0.000 0.000 0.000 104 77 4 1 0 1 1
360483 360483 11 1 8.000 5011 50.000 -48.000 0.000 0.000 0.000 0.000 104 77 4 1 0 1 1
360484 360484 11 1 12.000 5011 50.000 -44.000 0.000 0.000 0.000 0.000 104 77 4 1 0 1 1
360485 360485 11 1 16.000 5011 50.000 -44.000 0.000 0.000 0.000 0.000 104 77 4 1 0 1 1
360486 360486 11 1 20.000 5011 50.000 -40.000 0.000 0.000 0.000 0.000 104 77 4 1 0 1 1
360487 360487 11 1 24.000 5011 50.000 -40.000 0.000 0.000 0.000 0.000 104 77 4 1 0 1 1
360488 360488 11 1 28.000 5011 50.000 -36.000 0.000 0.000 0.000 0.000 104 77 4 1 0 1 1
360489 360489 11 1 32.000 5011 50.000 -36.000 0.000 0.000 0.000 0.000 104 77 4 1 0 1 1
360490 360490 11 1 36.000 5011 50.000 -44.000 0.000 0.000 0.000 0.000 104 77 4 1 0 1 1
360491 360491 11 1 40.000 5011 50.000 -44.000 0.000 0.000 0.000 0.000 104 77 4 1 0 1 1
360492 360492 11 1 44.000 5011 50.000 -40.000 0.000 0.000 0.000 0.000 104 77 4 1 0 1 1
360493 360493 11 1 48.000 5011 50.000 -40.000 0.000 0.000 0.000 0.000 104 77 4 1 0 1 1
360494 360494 11 1 52.000 5011 50.000 -36.000 0.000 0.000 0.000 0.000 104 77 4 1 0 1 1
360495 360495 11 1 56.000 5011 50.000 -36.000 0.000 0.000 0.000 0.000 104 77 4 1 0 1 1
360512 360512 13 1 4.000 5012 58.000 -48.000 0.000 0.000 0.000 0.000 120 78 4 1 0 1 1
360513 360513 13 1 8.000 5012 58.000 -48.000 0.000 0.000 0.000 0.000 120 78 4 1 0 1 1
360514 360514 13 1 12.000 5012 58.000 -44.000 0.000 0.000 0.000 0.000 120 78 4 1 0 1 1
360515 360515 13 1 16.000 5012 58.000 -44.000 0.000 0.000 0.000 0.000 120 78 4 1 0 1 1
360516 360516 13 1 20.000 5012 58.000 -40.000 0.000 0.000 0.000 0.000 120 78 4 1 0 1 1
360517 360517 13 1 24.000 5012 58.000 -40.000 0.000 0.000 0.000 0.000 120 78 4 1 0 1 1
360518 360518 13 1 28.000 5012 58.000 -36.000 0.000 0.000 0.000 0.000 120 78 4 1 0 1 1
360519 360519 13 1 32.000 5012 58.000 -36.000 0.000 0.000 0.000 0.000 120 78 4 1 0 1 1
360520 360520 13 1 36.000 5012 58.000 -32.000 0.000 0.000 0.000 0.000 120 78 4 1 0 1 1
360521 360521 13 1 40.000 5012 58.000 -32.000 0.000 0.000 0.000 0.000 120 78 4 1 0 1 1
360522 360522 13 1 44.000 5012 58.000 -28.000 0.000 0.000 0.000 0.000 120 78 4 1 0 1 1
360523 360523 13 1 48.000 5012 58.000 -40.000 0.000 0.000 0.000 0.000 120 78 4 1 0 1 1
360524 360524 13 1 52.000 5012 58.000 -36.000 0.000 0.000 0.000 0.000 120 78 4 1 0 1 1
360525 360525 13 1 56.000 5012 58.000 -36.000 0.000 0.000 0.000 0.000 120 78 4 1 0 1 1
361000 361000 1 1 1.000 5021 1.250 -31.000 11.750 -31.000 0.000 0.000 4 79 1 1 0 1 1
361030 361030 1 1 1.000 5021 1.250 -31.000 11.750 -31.000 0.000 0.000 4 79 1 2 0 1 1
361060 361060 1 1 1.000 5022 1.250 -32.000 11.750 -32.000 0.000 0.000 8 80 0 1 0 1 1
361061 361061 1 1 2.000 5022 1.250 -31.000 11.750 -31.000 0.000 0.000 8 80 0 1 0 1 1
361062 361062 1 1 4.000 5022 1.250 -31.000 11.750 -31.000 0.000 0.000 8 80 0 1 0 1 1
361090 361090 1 1 1.000 5022 1.250 -32.000 11.750 -32.000 0.000 0.000 8 80 0 2 0 1 1
361091 361091 1 1 2.000 5022 1.250 -31.000 11.750 -31.000 0.000 0.000 8 80 0 2 0 1 1
361092 361092 1 1 4.000 5022 1.250 -31.000 11.750 -31.000 0.000 0.000 8 80 0 2 0 1 1
361120 361120 1 1 1.000 5022 1.250 -32.000 11.750 -32.000 0.000 0.000 8 80 1 1 0 1 1
361121 361121 1 1 2.000 5022 1.250 -31.000 11.750 -31.000 0.000 0.000 8 80 1 1 0 1 1
361122 361122 1 1 4.000 5022 1.250 -31.000 11.750 -31.000 0.000 0.000 8 80 1 1 0 1 1
361150 361150 1 1 1.000 5022 1.250 -32.000 11.750 -32.000 0.000 0.000 8 80 1 2 0 1 1
361151 361151 1 1 2.000 5022 1.250 -31.000 11.750 -31.000 0.000 0.000 8 80 1 2 0 1 1
361152 361152 1 1 4.000 5022 1.250 -31.000 11.750 -31.000 0.000 0.000 8 80 1 2 0 1 1
361182 361182 2 1 4.000 5023 5.300 -48.000 0.000 0.000 0.000 0.000 12 81 1 1 0 1 1
361183 361183 2 1 8.000 5023 5.300 -44.000 0.000 0.000 0.000 0.000 12 81 1 1 0 1 1
361184 361184 2 1 12.000 5023 5.300 -40.000 0.000 0.000 0.000 0.000 12 81 1 1 0 1 1
361212 361212 2 1 4.000 5023 5.300 -48.000 0.000 0.000 0.000 0.000 12 81 1 2 0 1 1
361213 361213 2 1 8.000 5023 5.300 -44.000 0.000 0.000 0.000 0.000 12 81 1 2 0 1 1
361214 361214 2 1 12.000 5023 5.300 -40.000 0.000 0.000 0.000 0.000 12 81 1 2 0 1 1
361242 361242 2 1 4.000 5024 7.300 -48.000 0.000 0.000 0.000 0.000 16 82 1 1 0 1 1
361243 361243 2 1 8.000 5024 7.300 -44.000 0.000 0.000 0.000 0.000 16 82 1 1 0 1 1
361244 361244 2 1 12.000 5024 7.300 -40.000 0.000 0.000 0.000 0.000 16 82 1 1 0 1 1
361245 361245 2 1 16.000 5024 7.300 -40.000 0.000 0.000 0.000 0.000 16 82 1 1 0 1 1
361272 361272 2 1 4.000 5024 7.300 -48.000 0.000 0.000 0.000 0.000 16 82 1 2 0 1 1
361273 361273 2 1 8.000 5024 7.300 -44.000 0.000 0.000 0.000 0.000 16 82 1 2 0 1 1
361274 361274 2 1 12.000 5024 7.300 -40.000 0.000 0.000 0.000 0.000 16 82 1 2 0 1 1
361275 361275 2 1 16.000 5024 7.300 -40.000 0.000 0.000 0.000 0.000 16 82 1 2 0 1 1
361302 361302 3 1 4.000 5025 11.300 -48.000 0.000 0.000 0.000 0.000 24 83 1 1 0 1 1
361303 361303 3 1 8.000 5025 11.300 -44.000 0.000 0.000 0.000 0.000 24 83 1 1 0 1 1
361304 361304 3 1 12.000 5025 11.300 -40.000 0.000 0.000 0.000 0.000 24 83 1 1 0 1 1
361305 361305 3 1 16.000 5025 11.300 -40.000 0.000 0.000 0.000 0.000 24 83 1 1 0 1 1
361306 361306 3 1 20.000 5025 11.300 -36.000 0.000 0.000 0.000 0.000 24 83 1 1 0 1 1
361307 361307 3 1 24.000 5025 11.300 -36.000 0.000 0.000 0.000 0.000 24 83 1 1 0 1 1
361332 361332 4 1 4.000 5026 14.000 -48.000 0.000 0.000 0.000 0.000 32 84 1 1 0 1 1
361333 361333 4 1 8.000 5026 14.000 -44.000 0.000 0.000 0.000 0.000 32 84 1 1 0 1 1
361334 361334 4 1 12.000 5026 14.000 -40.000 0.000 0.000 0.000 0.000 32 84 1 1 0 1 1
361335 361335 4 1 16.000 5026 14.000 -40.000 0.000 0.000 0.000 0.000 32 84 1 1 0 1 1
361336 361336 4 1 20.000 5026 14.000 -36.000 0.000 0.000 0.000 0.000 32 84 1 1 0 1 1
361337 361337 4 1 24.000 5026 14.000 -36.000 0.000 0.000 0.000 0.000 32 84 1 1 0 1 1
361338 361338 4 1 28.000 5026 14.000 -32.000 0.000 0.000 0.000 0.000 32 84 1 1 0 1 1
361339 361339 4 1 32.000 5026 14.000 -32.000 0.000 0.000 0.000 0.000 32 84 1 1 0 1 1
361362 361362 5 1 4.000 5027 20.000 -48.000 0.000 0.000 0.000 0.000 44 85 1 1 0 1 1
361363 361363 5 1 8.000 5027 20.000 -48.000 0.000 0.000 0.000 0.000 44 85 1 1 0 1 1
361364 361364 5 1 12.000 5027 20.000 -44.000 0.000 0.000 0.000 0.000 44 85 1 1 0 1 1
361365 361365 5 1 16.000 5027 20.000 -44.000 0.000 0.000 0.000 0.000 44 85 1 1 0 1 1
361366 361366 5 1 20.000 5027 20.000 -40.000 0.000 0.000 0.000 0.000 44 85 1 1 0 1 1
361367 361367 5 1 24.000 5027 20.000 -40.000 0.000 0.000 0.000 0.000 44 85 1 1 0 1 1
361368 361368 5 1 28.000 5027 20.000 -36.000 0.000 0.000 0.000 0.000 44 85 1 1 0 1 1
361369 361369 5 1 32.000 5027 20.000 -36.000 0.000 0.000 0.000 0.000 44 85 1 1 0 1 1
361370 361370 5 1 36.000 5027 20.000 -44.000 0.000 0.000 0.000 0.000 44 85 1 1 0 1 1
361371 361371 5 1 40.000 5027 20.000 -44.000 0.000 0.000 0.000 0.000 44 85 1 1 0 1 1
361372 361372 5 1 44.000 5027 20.000 -40.000 0.000 0.000 0.000 0.000 44 85 1 1 0 1 1
361392 361392 6 1 4.000 5028 26.000 -48.000 0.000 0.000 0.000 0.000 56 86 1 1 0 1 1
361393 361393 6 1 8.000 5028 26.000 -48.000 0.000 0.000 0.000 0.000 56 86 1 1 0 1 1
361394 361394 6 1 12.000 5028 26.000 -44.000 0.000 0.000 0.000 0.000 56 86 1 1 0 1 1
361395 361395 6 1 16.000 5028 26.000 -44.000 0.000 0.000 0.000 0.000 56 86 1 1 0 1 1
361396 361396 6 1 20.000 5028 26.000 -40.000 0.000 0.000 0.000 0.000 56 86 1 1 0 1 1
361397 361397 6 1 24.000 5028 26.000 -40.000 0.000 0.000 0.000 0.000 56 86 1 1 0 1 1
361398 361398 6 1 28.000 5028 26.000 -36.000 0.000 0.000 0.000 0.000 56 86 1 1 0 1 1
361399 361399 6 1 32.000 5028 26.000 -36.000 0.000 0.000 0.000 0.000 56 86 1 1 0 1 1
361400 361400 6 1 36.000 5028 26.000 -44.000 0.000 0.000 0.000 0.000 56 86 1 1 0 1 1
361401 361401 6 1 40.000 5028 26.000 -44.000 0.000 0.000 0.000 0.000 56 86 1 1 0 1 1
361402 361402 6 1 44.000 5028 26.000 -40.000 0.000 0.000 0.000 0.000 56 86 1 1 0 1 1
361403 361403 6 1 48.000 5028 26.000 -40.000 0.000 0.000 0.000 0.000 56 86 1 1 0 1 1
361404 361404 6 1 52.000 5028 26.000 -36.000 0.000 0.000 0.000 0.000 56 86 1 1 0 1 1
361405 361405 6 1 56.000 5028 26.000 -36.000 0.000 0.000 0.000 0.000 56 86 1 1 0 1 1
361422 361422 8 1 4.000 5029 34.000 -48.000 0.000 0.000 0.000 0.000 72 87 1 1 0 1 1
361423 361423 8 1 8.000 5029 34.000 -48.000 0.000 0.000 0.000 0.000 72 87 1 1 0 1 1
361424 361424 8 1 12.000 5029 34.000 -44.000 0.000 0.000 0.000 0.000 72 87 1 1 0 1 1
361425 361425 8 1 16.000 5029 34.000 -44.000 0.000 0.000 0.000 0.000 72 87 1 1 0 1 1
361426 361426 8 1 20.000 5029 34.000 -40.000 0.000 0.000 0.000 0.000 72 87 1 1 0 1 1
361427 361427 8 1 24.000 5029 34.000 -40.000 0.000 0.000 0.000 0.000 72 87 1 1 0 1 1
361428 361428 8 1 28.000 5029 34.000 -36.000 0.000 0.000 0.000 0.000 72 87 1 1 0 1 1
361429 361429 8 1 32.000 5029 34.000 -36.000 0.000 0.000 0.000 0.000 72 87 1 1 0 1 1
361430 361430 8 1 36.000 5029 34.000 -44.000 0.000 0.000 0.000 0.000 72 87 1 1 0 1 1
361431 361431 8 1 40.000 5029 34.000 -44.000 0.000 0.000 0.000 0.000 72 87 1 1 0 1 1
361432 361432 8 1 44.000 5029 34.000 -40.000 0.000 0.000 0.000 0.000 72 87 1 1 0 1 1
361433 361433 8 1 48.000 5029 34.000 -40.000 0.000 0.000 0.000 0.000 72 87 1 1 0 1 1
361434 361434 8 1 52.000 5029 34.000 -36.000 0.000 0.000 0.000 0.000 72 87 1 1 0 1 1
361435 361435 8 1 56.000 5029 34.000 -36.000 0.000 0.000 0.000 0.000 72 87 1 1 0 1 1
361452 361452 9 1 4.000 5030 42.000 -48.000 0.000 0.000 0.000 0.000 88 88 4 1 0 1 1
361453 361453 9 1 8.000 5030 42.000 -48.000 0.000 0.000 0.000 0.000 88 88 4 1 0 1 1
361454 361454 9 1 12.000 5030 42.000 -44.000 0.000 0.000 0.000 0.000 88 88 4 1 0 1 1
361455 361455 9 1 16.000 5030 42.000 -44.000 0.000 0.000 0.000 0.000 88 88 4 1 0 1 1
361456 361456 9 1 20.000 5030 42.000 -40.000 0.000 0.000 0.000 0.000 88 88 4 1 0 1 1
361457 361457 9 1 24.000 5030 42.000 -40.000 0.000 0.000 0.000 0.000 88 88 4 1 0 1 1
361458 361458 9 1 28.000 5030 42.000 -36.000 0.000 0.000 0.000 0.000 88 88 4 1 0 1 1
361459 361459 9 1 32.000 5030 42.000 -36.000 0.000 0.000 0.000 0.000 88 88 4 1 0 1 1
361460 361460 9 1 36.000 5030 42.000 -44.000 0.000 0.000 0.000 0.000 88 88 4 1 0 1 1
361461 361461 9 1 40.000 5030 42.000 -44.000 0.000 0.000 0.000 0.000 88 88 4 1 0 1 1
361462 361462 9 1 44.000 5030 42.000 -40.000 0.000 0.000 0.000 0.000 88 88 4 1 0 1 1
361463 361463 9 1 48.000 5030 42.000 -40.000 0.000 0.000 0.000 0.000 88 88 4 1 0 1 1
361464 361464 9 1 52.000 5030 42.000 -36.000 0.000 0.000 0.000 0.000 88 88 4 1 0 1 1
361465 361465 9 1 56.000 5030 42.000 -36.000 0.000 0.000 0.000 0.000 88 88 4 1 0 1 1
361482 361482 11 1 4.000 5031 50.000 -48.000 0.000 0.000 0.000 0.000 104 89 4 1 0 1 1
361483 361483 11 1 8.000 5031 50.000 -48.000 0.000 0.000 0.000 0.000 104 89 4 1 0 1 1
361484 361484 11 1 12.000 5031 50.000 -44.000 0.000 0.000 0.000 0.000 104 89 4 1 0 1 1
361485 361485 11 1 16.000 5031 50.000 -44.000 0.000 0.000 0.000 0.000 104 89 4 1 0 1 1
361486 361486 11 1 20.000 5031 50.000 -40.000 0.000 0.000 0.000 0.000 104 89 4 1 0 1 1
361487 361487 11 1 24.000 5031 50.000 -40.000 0.000 0.000 0.000 0.000 104 89 4 1 0 1 1
361488 361488 11 1 28.000 5031 50.000 -36.000 0.000 0.000 0.000 0.000 104 89 4 1 0 1 1
361489 361489 11 1 32.000 5031 50.000 -36.000 0.000 0.000 0.000 0.000 104 89 4 1 0 1 1
361490 361490 11 1 36.000 5031 50.000 -44.000 0.000 0.000 0.000 0.000 104 89 4 1 0 1 1
361491 361491 11 1 40.000 5031 50.000 -44.000 0.000 0.000 0.000 0.000 104 89 4 1 0 1 1
361492 361492 11 1 44.000 5031 50.000 -40.000 0.000 0.000 0.000 0.000 104 89 4 1 0 1 1
361493 361493 11 1 48.000 5031 50.000 -40.000 0.000 0.000 0.000 0.000 104 89 4 1 0 1 1
361494 361494 11 1 52.000 5031 50.000 -36.000 0.000 0.000 0.000 0.000 104 89 4 1 0 1 1
361495 361495 11 1 56.000 5031 50.000 -36.000 0.000 0.000 0.000 0.000 104 89 4 1 0 1 1
361512 361512 13 1 4.000 5032 58.000 -48.000 0.000 0.000 0.000 0.000 120 90 4 1 0 1 1
361513 361513 13 1 8.000 5032 58.000 -48.000 0.000 0.000 0.000 0.000 120 90 4 1 0 1 1
361514 361514 13 1 12.000 5032 58.000 -44.000 0.000 0.000 0.000 0.000 120 90 4 1 0 1 1
361515 361515 13 1 16.000 5032 58.000 -44.000 0.000 0.000 0.000 0.000 120 90 4 1 0 1 1
361516 361516 13 1 20.000 5032 58.000 -40.000 0.000 0.000 0.000 0.000 120 90 4 1 0 1 1
361517 361517 13 1 24.000 5032 58.000 -40.000 0.000 0.000 0.000 0.000 120 90 4 1 0 1 1
361518 361518 13 1 28.000 5032 58.000 -36.000 0.000 0.000 0.000 0.000 120 90 4 1 0 1 1
361519 361519 13 1 32.000 5032 58.000 -36.000 0.000 0.000 0.000 0.000 120 90 4 1 0 1 1
361520 361520 13 1 36.000 5032 58.000 -32.000 0.000 0.000 0.000 0.000 120 90 4 1 0 1 1
361521 361521 13 1 40.000 5032 58.000 -32.000 0.000 0.000 0.000 0.000 120 90 4 1 0 1 1
361522 361522 13 1 44.000 5032 58.000 -28.000 0.000 0.000 0.000 0.000 120 90 4 1 0 1 1
361523 361523 13 1 48.000 5032 58.000 -40.000 0.000 0.000 0.000 0.000 120 90 4 1 0 1 1
361524 361524 13 1 52.000 5032 58.000 -36.000 0.000 0.000 0.000 0.000 120 90 4 1 0 1 1
361525 361525 13 1 56.000 5032 58.000 -36.000 0.000 0.000 0.000 0.000 120 90 4 1 0 1 1

[TrayData]
IDNUM NAME L W T OXA OYA OXB OYB PZ MX MY MZ MSA MSB MSC MSD RSP HSP DX DY P PR RECOG PCXA PCYA PCXB PCYB ROT ROTPTN OXA2 OYA2 OXB2 OYB2 START DIR

[PaletteData]
IDNUM N TRAY X Y ROT START DIR

[OptimizeOptions]
ForceArrange=NO
ForceRearrangeTray=NO
SecondAssignPartDiv=YES
PrioritySelect=Mount
NormalBalance=100
FdrSizeLimit=0
ChipSizeSort=0
NzlSizeSort=NO
BlockOpt=NO
StickSameParts=NO
H12TroubleAvoid=NO
OneBlockOpt=NO
OptMode=0
IHSetMode=0
OHSetMode=0
CombiOpt=0
PosEqualDivide=0
SingleUse4mmDF=NO
BoardRecogOrder=0
OptOptions="000011000010000000000000000000000000"
CarryoverDiffNum=0
OnlineSetupFeederNum=0
CarryoverNozzleDiffNum=0
CarryoverNozzleBeamMaxNum=0

[ArrangementOptions]
TactConsideration=0
TableNumber=0
GroupNumber=0
PatternNumber=5

[SoftSwitch<1>]
IDNUM McNum MasterBadMark BadMarkGroup BadMark RecogOrder BoardRecog BoardRecogMode Mrec IH PCBHeightMeasure HeightCorrectMode CarType AutoSpl PasteRecog PrClean AutoChg BrdLngChk MaskRecog Dispense Discharge AltCtrl DisCnt1 DisCnt2 NAFB NBFB Pass CJBRecog SameBadRecog TrayOrder TraySupply RecogErrBad BarcodeRecog PtnBarcodeRecog PtnGrpBarcodeRecog NGChipEjectFirst PinChg Inspect OverJudgeChk NGBoardReCarryIn NGBoardBarcodeAttach IPBoxPrintOut OHL OHR ProgDistRecog NGReCarryInBarcode MountMode FastFeedSpd BRecogAfterPickup MarkSearch LocalPCBHeightMeasure PtnMntCancel PtnPartEmpty1 PtnPartEmpty2 SafeMode MntPosRcgPCBRcgCorr TrayPreSupply CarrybackChk MrecaPickup SupplyPartsIns PcbRotRecog MntPos2 Stage MrecaPickupOp PtnPCBMark BLTRcgHead BLTMntTurn VibSuppressMode PartsErrRetry
1 1 0 0 0 0 1 1 0 0.000 0 1 0 0 0 0 0 0 0 1 1 0 1 1 0 0 0 0 0 0 1 0 0 0 0 0 0 0 0 0 0 0 0.000 0.000 0 0 0 0 1 0 0 0 0 0 0 1 0 0 0 0 0 0 0 0 0 0 0 0 0
2 2 0 0 0 0 1 1 0 0.800 0 1 0 0 0 0 0 0 0 1 1 0 1 1 0 0 0 0 0 0 1 0 0 0 0 0 0 0 0 0 0 0 0.000 0.000 0 0 0 0 1 0 0 0 0 0 0 1 0 0 0 0 0 0 0 0 0 0 0 0 0
3 3 0 0 0 0 1 1 0 1.250 0 1 0 0 0 0 0 0 0 1 1 0 1 1 0 0 0 0 0 0 1 0 0 0 0 0 0 0 0 0 0 0 0.000 0.000 0 0 0 0 1 0 0 0 0 0 0 1 0 0 0 0 0 0 0 0 0 0 0 0 0
4 4 0 0 0 0 1 1 0 1.600 0 1 0 0 0 0 0 0 0 1 1 0 1 1 0 0 0 0 0 0 1 0 0 0 0 0 0 0 0 0 0 0 0.000 0.000 0 0 0 0 1 0 0 0 0 0 0 1 0 0 0 0 0 0 0 0 0 0 0 0 0
5 5 0 0 0 0 1 1 0 6.450 0 1 0 0 0 0 0 0 0 0 0 0 0 0 0 0 0 0 0 0 1 0 0 0 0 0 0 0 0 0 0 0 0.000 0.000 0 0 0 0 1 0 0 0 0 0 0 1 0 0 0 0 0 0 0 0 0 0 0 1 0

[SoftSwitchPerBeam<1>]
IDNUM Head HPartAdMount PickupSizeUpFor4 PickupSizeUpFor8 PickupSizeMaxFor4 PickupSizeMaxFor8 TactBalanceRatio NoUseTable InspectType PickupSizeUpFor2 PickupSizeMaxFor2 RankMountTbl PickupSizeUpByDiagonal PartHeightSizeUp Productivity DispenseStep PickupSizeUpFor16 LargeHeavyParts
1 1 0 0 0 0 0 100 0 0 0 0 0 0 0 0 0 0 0
2 2 0 0 0 0 0 100 0 0 0 0 0 0 0 0 0 0 0
3 3 0 0 0 0 0 100 0 0 0 0 0 0 0 0 0 0 0
4 4 0 0 0 0 0 100 0 0 0 0 0 0 0 0 0 0 0
5 5 0 0 0 0 0 100 0 0 0 0 0 0 0 0 0 0 0
6 6 0 0 0 0 0 100 0 0 0 0 0 0 0 0 0 0 0
7 7 0 0 0 0 0 100 0 0 0 0 0 0 0 0 0 0 0
8 8 0 0 0 0 0 100 0 0 0 0 0 0 0 0 0 0 0
9 9 0 0 0 0 0 100 0 0 0 0 0 0 0 0 0 0 0
10 10 0 0 0 0 0 100 0 0 0 0 0 0 0 0 0 0 0

[ComSwitch<1>]
IDNUM StNum DeliverType BarCode Badmark APC Ptnmark PCBHight LocalPCBHeight
2 1 0 0 0 0 0 0 0
3 1 1 1 1 1 0 1 1
4 2 0 0 0 0 0 0 0
5 2 1 0 0 0 0 0 0
6 3 0 0 0 0 0 0 0
7 3 1 0 0 0 0 0 0
8 4 0 0 0 0 0 0 0
9 4 1 0 0 0 0 0 0
10 5 0 0 0 0 0 0 0
11 5 1 0 0 0 0 0 0

[PCBConveyance<1>]
IDNUM Stage ConveySpeed1 ConveySpeed2 SlowDownDistance PcbHolderMode
1 1 1 1 0 0
2 2 1 1 0 0
3 3 1 1 0 0
4 4 1 1 0 0
5 5 0 0 0 0

[LotOptions<1>]
SolderInspectCond=0
AfterMountInspectCond=0
RankMount=0
RankKind=0
HighDenseMntPriority=0
HighDenseMntChipSize=0.400
HighDenseMntLimit=0.120
OptOptions=""
HighDenseMntOptions="1000"
HighDenseMntClr=0.025
HighDenseMntClr2=10.000

[TransUnitSetting<1>]
IDNUM TABLE SupplyStopMode TransferLimit SupplyTime ElapsedTimeStop TransMaxPeriod TransPositionExt CoatingSpd ScrapingSpd

[TrayTableMode<1>]
IDNUM TBL Mode Side Magazine Priority Flexible
10 10 0 0 0 0 0

[FixedFeeder]
IDNUM Group PU FeederA FeederB FeederC FeederD FeederE FeederF FeederG FeederH FeederI FeederJ PartsA PartsB PartsC PartsD PartsE PartsF PartsG PartsH PartsI PartsJ
1 0 10001 -1 -1 -1 -1 -1 -1 -1 -1 -1 -1 0 0 0 0 0 0 0 0 0 0
2 0 10002 -1 -1 -1 -1 -1 -1 -1 -1 -1 -1 0 0 0 0 0 0 0 0 0 0
3 0 10003 -1 -1 -1 -1 -1 -1 -1 -1 -1 -1 0 0 0 0 0 0 0 0 0 0
4 0 10004 -1 -1 -1 -1 -1 -1 -1 -1 -1 -1 0 0 0 0 0 0 0 0 0 0
5 0 10005 302481 302482 0 0 0 0 0 0 0 0 205 307 0 0 0 0 0 0 0 0
6 0 10006 302481 302481 0 0 0 0 0 0 0 0 233 25 0 0 0 0 0 0 0 0
7 0 10007 302481 302482 0 0 0 0 0 0 0 0 135 149 0 0 0 0 0 0 0 0
8 0 10008 302482 302482 0 0 0 0 0 0 0 0 872 954 0 0 0 0 0 0 0 0
9 0 10009 302481 302481 0 0 0 0 0 0 0 0 425 627 0 0 0 0 0 0 0 0
10 0 10010 302501 302481 0 0 0 0 0 0 0 0 1200 545 0 0 0 0 0 0 0 0
11 0 10011 302481 302481 0 0 0 0 0 0 0 0 101 375 0 0 0 0 0 0 0 0
12 0 10012 302481 302481 0 0 0 0 0 0 0 0 8 15 0 0 0 0 0 0 0 0
13 0 10013 302482 302481 0 0 0 0 0 0 0 0 10 34 0 0 0 0 0 0 0 0
14 0 10014 302481 302481 0 0 0 0 0 0 0 0 2 24 0 0 0 0 0 0 0 0
15 0 10015 302502 302481 0 0 0 0 0 0 0 0 671 64 0 0 0 0 0 0 0 0
16 0 10016 302481 302482 0 0 0 0 0 0 0 0 5 16 0 0 0 0 0 0 0 0
17 0 10017 302482 302481 0 0 0 0 0 0 0 0 48 29 0 0 0 0 0 0 0 0
18 0 20001 -1 -1 -1 -1 -1 -1 -1 -1 -1 -1 0 0 0 0 0 0 0 0 0 0
19 0 20002 -1 -1 -1 -1 -1 -1 -1 -1 -1 -1 0 0 0 0 0 0 0 0 0 0
20 0 20003 -1 -1 -1 -1 -1 -1 -1 -1 -1 -1 0 0 0 0 0 0 0 0 0 0
21 0 20004 -1 -1 -1 -1 -1 -1 -1 -1 -1 -1 0 0 0 0 0 0 0 0 0 0
22 0 20005 -1 -1 -1 -1 -1 -1 -1 -1 -1 -1 0 0 0 0 0 0 0 0 0 0
23 0 20006 -1 -1 -1 -1 -1 -1 -1 -1 -1 -1 0 0 0 0 0 0 0 0 0 0
24 0 20007 302481 302481 0 0 0 0 0 0 0 0 353 361 0 0 0 0 0 0 0 0
25 0 20008 302481 302502 0 0 0 0 0 0 0 0 1344 127 0 0 0 0 0 0 0 0
26 0 20009 302481 302481 0 0 0 0 0 0 0 0 49 266 0 0 0 0 0 0 0 0
27 0 20010 302481 302481 0 0 0 0 0 0 0 0 2536 355 0 0 0 0 0 0 0 0
28 0 20011 302481 302481 0 0 0 0 0 0 0 0 242 19 0 0 0 0 0 0 0 0
29 0 20012 302481 302481 0 0 0 0 0 0 0 0 8 25 0 0 0 0 0 0 0 0
30 0 20013 302482 302481 0 0 0 0 0 0 0 0 9 21 0 0 0 0 0 0 0 0
31 0 20014 302482 302481 0 0 0 0 0 0 0 0 41 91 0 0 0 0 0 0 0 0
32 0 20015 302481 302481 0 0 0 0 0 0 0 0 52 27 0 0 0 0 0 0 0 0
33 0 20016 302481 302481 0 0 0 0 0 0 0 0 54 147 0 0 0 0 0 0 0 0
34 0 20017 302481 302481 0 0 0 0 0 0 0 0 57 66 0 0 0 0 0 0 0 0
69 0 30001 -1 -1 -1 -1 -1 -1 -1 -1 -1 -1 0 0 0 0 0 0 0 0 0 0
70 0 30002 -1 -1 -1 -1 -1 -1 -1 -1 -1 -1 0 0 0 0 0 0 0 0 0 0
71 0 30003 302481 302481 0 0 0 0 0 0 0 0 270 359 0 0 0 0 0 0 0 0
72 0 30004 302482 302482 0 0 0 0 0 0 0 0 1553 152 0 0 0 0 0 0 0 0
73 0 30005 302502 302502 0 0 0 0 0 0 0 0 2370 2515 0 0 0 0 0 0 0 0
74 0 30006 302502 302481 0 0 0 0 0 0 0 0 2526 102 0 0 0 0 0 0 0 0
75 0 30007 302481 302481 0 0 0 0 0 0 0 0 47 50 0 0 0 0 0 0 0 0
76 0 30008 302481 302481 0 0 0 0 0 0 0 0 374 56 0 0 0 0 0 0 0 0
77 0 30009 302482 302481 0 0 0 0 0 0 0 0 1154 317 0 0 0 0 0 0 0 0
78 0 30010 302481 302482 0 0 0 0 0 0 0 0 885 1019 0 0 0 0 0 0 0 0
79 0 30011 302482 302481 0 0 0 0 0 0 0 0 1005 12 0 0 0 0 0 0 0 0
80 0 30012 302481 302481 0 0 0 0 0 0 0 0 8 15 0 0 0 0 0 0 0 0
81 0 30013 302481 302481 0 0 0 0 0 0 0 0 22 191 0 0 0 0 0 0 0 0
82 0 30014 302481 302481 0 0 0 0 0 0 0 0 39 31 0 0 0 0 0 0 0 0
83 0 30015 302481 302481 0 0 0 0 0 0 0 0 351 85 0 0 0 0 0 0 0 0
84 0 30016 302481 302481 0 0 0 0 0 0 0 0 232 272 0 0 0 0 0 0 0 0
85 0 30017 302481 302481 0 0 0 0 0 0 0 0 313 61 0 0 0 0 0 0 0 0
86 0 30018 302481 302481 0 0 0 0 0 0 0 0 273 55 0 0 0 0 0 0 0 0
87 0 30019 302481 302481 0 0 0 0 0 0 0 0 59 51 0 0 0 0 0 0 0 0
88 0 30020 302481 302481 0 0 0 0 0 0 0 0 390 248 0 0 0 0 0 0 0 0
89 0 30021 302481 302482 0 0 0 0 0 0 0 0 331 499 0 0 0 0 0 0 0 0
90 0 30022 302481 302502 0 0 0 0 0 0 0 0 23 40 0 0 0 0 0 0 0 0
91 0 30023 302481 302481 0 0 0 0 0 0 0 0 544 426 0 0 0 0 0 0 0 0
92 0 30024 302502 302502 0 0 0 0 0 0 0 0 1122 384 0 0 0 0 0 0 0 0
93 0 30025 302502 302502 0 0 0 0 0 0 0 0 449 1524 0 0 0 0 0 0 0 0
94 0 30026 302482 -1 0 0 0 0 0 0 0 0 2131 0 0 0 0 0 0 0 0 0
95 0 30027 -1 -1 -1 -1 -1 -1 -1 -1 -1 -1 0 0 0 0 0 0 0 0 0 0
96 0 30028 -1 -1 -1 -1 -1 -1 -1 -1 -1 -1 0 0 0 0 0 0 0 0 0 0
97 0 30029 -1 -1 -1 -1 -1 -1 -1 -1 -1 -1 0 0 0 0 0 0 0 0 0 0
98 0 30030 -1 -1 -1 -1 -1 -1 -1 -1 -1 -1 0 0 0 0 0 0 0 0 0 0
99 0 40001 -1 -1 -1 -1 -1 -1 -1 -1 -1 -1 0 0 0 0 0 0 0 0 0 0
100 0 40002 -1 -1 -1 -1 -1 -1 -1 -1 -1 -1 0 0 0 0 0 0 0 0 0 0
101 0 40003 -1 -1 -1 -1 -1 -1 -1 -1 -1 -1 0 0 0 0 0 0 0 0 0 0
102 0 40004 -1 -1 -1 -1 -1 -1 -1 -1 -1 -1 0 0 0 0 0 0 0 0 0 0
103 0 40005 -1 302481 0 0 0 0 0 0 0 0 0 69 0 0 0 0 0 0 0 0
104 0 40006 302482 302482 0 0 0 0 0 0 0 0 661 854 0 0 0 0 0 0 0 0
105 0 40007 302481 302482 0 0 0 0 0 0 0 0 357 969 0 0 0 0 0 0 0 0
106 0 40008 302481 302481 0 0 0 0 0 0 0 0 1117 157 0 0 0 0 0 0 0 0
107 0 40009 302481 302481 0 0 0 0 0 0 0 0 430 642 0 0 0 0 0 0 0 0
108 0 40010 302481 302481 0 0 0 0 0 0 0 0 404 2336 0 0 0 0 0 0 0 0
109 0 40011 302481 302481 0 0 0 0 0 0 0 0 424 2533 0 0 0 0 0 0 0 0
110 0 40012 302481 302502 0 0 0 0 0 0 0 0 356 2539 0 0 0 0 0 0 0 0
111 0 40013 302481 302481 0 0 0 0 0 0 0 0 8 25 0 0 0 0 0 0 0 0
112 0 40014 302481 302481 0 0 0 0 0 0 0 0 76 58 0 0 0 0 0 0 0 0
113 0 40015 302481 302481 0 0 0 0 0 0 0 0 112 26 0 0 0 0 0 0 0 0
114 0 40016 302481 302481 0 0 0 0 0 0 0 0 32 83 0 0 0 0 0 0 0 0
115 0 40017 302482 302481 0 0 0 0 0 0 0 0 78 103 0 0 0 0 0 0 0 0
116 0 40018 302481 302482 0 0 0 0 0 0 0 0 6 63 0 0 0 0 0 0 0 0
117 0 40019 302481 302481 0 0 0 0 0 0 0 0 299 35 0 0 0 0 0 0 0 0
118 0 40020 302481 302481 0 0 0 0 0 0 0 0 100 1197 0 0 0 0 0 0 0 0
119 0 40021 302481 302502 0 0 0 0 0 0 0 0 268 90 0 0 0 0 0 0 0 0
120 0 40022 302482 302502 0 0 0 0 0 0 0 0 1261 2554 0 0 0 0 0 0 0 0
121 0 40023 302481 302481 0 0 0 0 0 0 0 0 592 2543 0 0 0 0 0 0 0 0
122 0 40024 302481 302481 0 0 0 0 0 0 0 0 94 741 0 0 0 0 0 0 0 0
123 0 40025 302502 302481 0 0 0 0 0 0 0 0 1257 71 0 0 0 0 0 0 0 0
124 0 40026 302481 302482 0 0 0 0 0 0 0 0 2206 2374 0 0 0 0 0 0 0 0
125 0 40027 302482 302481 0 0 0 0 0 0 0 0 1492 8 0 0 0 0 0 0 0 0
126 0 40028 302481 302482 0 0 0 0 0 0 0 0 120 437 0 0 0 0 0 0 0 0
127 0 40029 302481 302482 0 0 0 0 0 0 0 0 97 650 0 0 0 0 0 0 0 0
128 0 40030 302481 -1 0 0 0 0 0 0 0 0 15 0 0 0 0 0 0 0 0 0
129 0 50001 302502 302502 0 0 0 0 0 0 0 0 2516 1221 0 0 0 0 0 0 0 0
130 0 50002 302502 302481 0 0 0 0 0 0 0 0 1571 38 0 0 0 0 0 0 0 0
131 0 50003 302502 302502 0 0 0 0 0 0 0 0 1139 1385 0 0 0 0 0 0 0 0
132 0 50004 302481 302502 0 0 0 0 0 0 0 0 303 1122 0 0 0 0 0 0 0 0
133 0 50005 302502 302502 0 0 0 0 0 0 0 0 386 384 0 0 0 0 0 0 0 0
134 0 50006 302482 302502 0 0 0 0 0 0 0 0 423 259 0 0 0 0 0 0 0 0
135 0 50007 302502 302482 0 0 0 0 0 0 0 0 1369 429 0 0 0 0 0 0 0 0
136 0 50008 302482 302502 0 0 0 0 0 0 0 0 251 368 0 0 0 0 0 0 0 0
137 0 50009 302482 302481 0 0 0 0 0 0 0 0 1282 539 0 0 0 0 0 0 0 0
138 0 50010 302481 302481 0 0 0 0 0 0 0 0 20 129 0 0 0 0 0 0 0 0
139 0 50011 302481 302482 0 0 0 0 0 0 0 0 350 128 0 0 0 0 0 0 0 0
140 0 50012 302482 302502 0 0 0 0 0 0 0 0 409 160 0 0 0 0 0 0 0 0
141 0 50013 302502 302502 0 0 0 0 0 0 0 0 40 40 0 0 0 0 0 0 0 0
142 0 50014 302482 302502 0 0 0 0 0 0 0 0 647 178 0 0 0 0 0 0 0 0
143 0 50015 302502 302502 0 0 0 0 0 0 0 0 192 318 0 0 0 0 0 0 0 0
144 0 50016 302502 302502 0 0 0 0 0 0 0 0 395 146 0 0 0 0 0 0 0 0
145 0 50017 302481 302481 0 0 0 0 0 0 0 0 280 593 0 0 0 0 0 0 0 0
146 0 50018 302481 302481 0 0 0 0 0 0 0 0 138 119 0 0 0 0 0 0 0 0
147 0 50019 302502 302481 0 0 0 0 0 0 0 0 74 358 0 0 0 0 0 0 0 0
148 0 50020 302481 302502 0 0 0 0 0 0 0 0 519 2157 0 0 0 0 0 0 0 0
149 0 50021 302502 302502 0 0 0 0 0 0 0 0 44 416 0 0 0 0 0 0 0 0
150 0 50022 302502 302342 0 0 0 0 0 0 0 0 2367 337 0 0 0 0 0 0 0 0
151 0 50023 302502 302482 0 0 0 0 0 0 0 0 436 556 0 0 0 0 0 0 0 0
152 0 50024 302502 302342 0 0 0 0 0 0 0 0 170 1538 0 0 0 0 0 0 0 0
153 0 50025 302482 302502 0 0 0 0 0 0 0 0 186 262 0 0 0 0 0 0 0 0
154 0 50026 302502 302482 0 0 0 0 0 0 0 0 1443 408 0 0 0 0 0 0 0 0
155 0 50027 302502 302342 0 0 0 0 0 0 0 0 1565 1113 0 0 0 0 0 0 0 0
156 0 50028 302481 302502 0 0 0 0 0 0 0 0 1550 1140 0 0 0 0 0 0 0 0
157 0 50029 302502 302502 0 0 0 0 0 0 0 0 1286 2538 0 0 0 0 0 0 0 0
158 0 50030 302482 302481 0 0 0 0 0 0 0 0 1267 92 0 0 0 0 0 0 0 0
159 0 60001 -1 302482 0 0 0 0 0 0 0 0 0 1579 0 0 0 0 0 0 0 0
160 0 60002 302481 302481 0 0 0 0 0 0 0 0 33 354 0 0 0 0 0 0 0 0
161 0 60003 302481 302501 0 0 0 0 0 0 0 0 414 269 0 0 0 0 0 0 0 0
162 0 60004 302482 302481 0 0 0 0 0 0 0 0 256 458 0 0 0 0 0 0 0 0
163 0 60005 302481 302481 0 0 0 0 0 0 0 0 385 1283 0 0 0 0 0 0 0 0
164 0 60006 302481 302481 0 0 0 0 0 0 0 0 17 389 0 0 0 0 0 0 0 0
165 0 60007 302481 302481 0 0 0 0 0 0 0 0 241 77 0 0 0 0 0 0 0 0
166 0 60008 302482 302481 0 0 0 0 0 0 0 0 648 208 0 0 0 0 0 0 0 0
167 0 60009 302481 302481 0 0 0 0 0 0 0 0 695 305 0 0 0 0 0 0 0 0
168 0 60010 302481 302481 0 0 0 0 0 0 0 0 1 3 0 0 0 0 0 0 0 0
169 0 60011 302502 302482 0 0 0 0 0 0 0 0 1118 546 0 0 0 0 0 0 0 0
170 0 60012 302482 302481 0 0 0 0 0 0 0 0 28 68 0 0 0 0 0 0 0 0
171 0 60013 302481 302481 0 0 0 0 0 0 0 0 7 21 0 0 0 0 0 0 0 0
172 0 60014 302481 302481 0 0 0 0 0 0 0 0 47 84 0 0 0 0 0 0 0 0
173 0 60015 302481 302481 0 0 0 0 0 0 0 0 98 139 0 0 0 0 0 0 0 0
174 0 60016 302481 302481 0 0 0 0 0 0 0 0 8 75 0 0 0 0 0 0 0 0
175 0 60017 302481 302481 0 0 0 0 0 0 0 0 73 333 0 0 0 0 0 0 0 0
176 0 60018 302481 302481 0 0 0 0 0 0 0 0 70 236 0 0 0 0 0 0 0 0
177 0 60019 302481 302481 0 0 0 0 0 0 0 0 107 332 0 0 0 0 0 0 0 0
178 0 60020 302481 302481 0 0 0 0 0 0 0 0 231 18 0 0 0 0 0 0 0 0
179 0 60021 302482 302481 0 0 0 0 0 0 0 0 235 30 0 0 0 0 0 0 0 0
180 0 60022 302482 302481 0 0 0 0 0 0 0 0 1544 79 0 0 0 0 0 0 0 0
181 0 60023 302482 302481 0 0 0 0 0 0 0 0 652 455 0 0 0 0 0 0 0 0
182 0 60024 302481 302501 0 0 0 0 0 0 0 0 2377 360 0 0 0 0 0 0 0 0
183 0 60025 302481 302481 0 0 0 0 0 0 0 0 598 72 0 0 0 0 0 0 0 0
184 0 60026 302482 302481 0 0 0 0 0 0 0 0 725 265 0 0 0 0 0 0 0 0
185 0 60027 302482 302481 0 0 0 0 0 0 0 0 1548 599 0 0 0 0 0 0 0 0
186 0 60028 302481 302481 0 0 0 0 0 0 0 0 53 452 0 0 0 0 0 0 0 0
187 0 60029 302481 302482 0 0 0 0 0 0 0 0 130 1575 0 0 0 0 0 0 0 0
188 0 60030 302481 -1 0 0 0 0 0 0 0 0 577 0 0 0 0 0 0 0 0 0
189 0 70001 303623 0 0 0 0 0 0 0 0 0 2375 0 0 0 0 0 0 0 0 0
190 0 70002 303624 0 0 0 0 0 0 0 0 0 2531 0 0 0 0 0 0 0 0 0
191 0 70003 302983 0 0 0 0 0 0 0 0 0 2530 0 0 0 0 0 0 0 0 0
192 0 70004 302823 0 0 0 0 0 0 0 0 0 1530 0 0 0 0 0 0 0 0 0
193 0 70005 302823 0 0 0 0 0 0 0 0 0 1191 0 0 0 0 0 0 0 0 0
194 0 70006 303624 0 0 0 0 0 0 0 0 0 2378 0 0 0 0 0 0 0 0 0
195 0 70007 302823 0 0 0 0 0 0 0 0 0 1193 0 0 0 0 0 0 0 0 0
196 0 70008 303624 0 0 0 0 0 0 0 0 0 2381 0 0 0 0 0 0 0 0 0
197 0 70009 304425 0 0 0 0 0 0 0 0 0 1285 0 0 0 0 0 0 0 0 0
198 0 70011 302824 0 0 0 0 0 0 0 0 0 2372 0 0 0 0 0 0 0 0 0
199 0 70012 302823 0 0 0 0 0 0 0 0 0 1120 0 0 0 0 0 0 0 0 0
200 0 70013 303624 0 0 0 0 0 0 0 0 0 1549 0 0 0 0 0 0 0 0 0
201 0 70014 303624 0 0 0 0 0 0 0 0 0 1114 0 0 0 0 0 0 0 0 0
202 0 70015 303623 0 0 0 0 0 0 0 0 0 2369 0 0 0 0 0 0 0 0 0
203 0 70017 302982 0 0 0 0 0 0 0 0 0 1552 0 0 0 0 0 0 0 0 0
204 0 70018 303624 0 0 0 0 0 0 0 0 0 387 0 0 0 0 0 0 0 0 0
205 0 70019 303623 0 0 0 0 0 0 0 0 0 1135 0 0 0 0 0 0 0 0 0
206 0 70020 303624 0 0 0 0 0 0 0 0 0 1121 0 0 0 0 0 0 0 0 0
207 0 70021 302982 0 0 0 0 0 0 0 0 0 1287 0 0 0 0 0 0 0 0 0
208 0 70022 302823 0 0 0 0 0 0 0 0 0 509 0 0 0 0 0 0 0 0 0
209 0 70023 302823 0 0 0 0 0 0 0 0 0 284 0 0 0 0 0 0 0 0 0
210 0 70024 303623 0 0 0 0 0 0 0 0 0 827 0 0 0 0 0 0 0 0 0
211 0 70025 303623 0 0 0 0 0 0 0 0 0 2371 0 0 0 0 0 0 0 0 0
212 0 70026 302823 0 0 0 0 0 0 0 0 0 402 0 0 0 0 0 0 0 0 0
213 0 70027 302822 0 0 0 0 0 0 0 0 0 95 0 0 0 0 0 0 0 0 0
214 0 70028 303624 0 0 0 0 0 0 0 0 0 2358 0 0 0 0 0 0 0 0 0
215 0 70029 303623 0 0 0 0 0 0 0 0 0 2525 0 0 0 0 0 0 0 0 0
216 0 70030 303623 0 0 0 0 0 0 0 0 0 2524 0 0 0 0 0 0 0 0 0
217 0 10018 302481 302481 0 0 0 0 0 0 0 0 362 113 0 0 0 0 0 0 0 0
218 0 10019 302481 302481 0 0 0 0 0 0 0 0 188 249 0 0 0 0 0 0 0 0
219 0 10020 302502 302481 0 0 0 0 0 0 0 0 391 108 0 0 0 0 0 0 0 0
220 0 10021 302481 302481 0 0 0 0 0 0 0 0 594 131 0 0 0 0 0 0 0 0
221 0 10022 302481 302482 0 0 0 0 0 0 0 0 557 4 0 0 0 0 0 0 0 0
222 0 10023 302481 302482 0 0 0 0 0 0 0 0 36 1027 0 0 0 0 0 0 0 0
223 0 10024 302482 302482 0 0 0 0 0 0 0 0 904 881 0 0 0 0 0 0 0 0
224 0 10025 -1 -1 -1 -1 -1 -1 -1 -1 -1 -1 0 0 0 0 0 0 0 0 0 0
225 0 10026 -1 -1 -1 -1 -1 -1 -1 -1 -1 -1 0 0 0 0 0 0 0 0 0 0
226 0 10027 -1 -1 -1 -1 -1 -1 -1 -1 -1 -1 0 0 0 0 0 0 0 0 0 0
227 0 10028 -1 -1 -1 -1 -1 -1 -1 -1 -1 -1 0 0 0 0 0 0 0 0 0 0
228 0 10029 -1 -1 -1 -1 -1 -1 -1 -1 -1 -1 0 0 0 0 0 0 0 0 0 0
229 0 10030 -1 -1 -1 -1 -1 -1 -1 -1 -1 -1 0 0 0 0 0 0 0 0 0 0
230 0 20018 302481 302481 0 0 0 0 0 0 0 0 37 65 0 0 0 0 0 0 0 0
231 0 20019 302481 302482 0 0 0 0 0 0 0 0 104 410 0 0 0 0 0 0 0 0
232 0 20020 302481 302481 0 0 0 0 0 0 0 0 197 109 0 0 0 0 0 0 0 0
233 0 20021 302481 302482 0 0 0 0 0 0 0 0 576 352 0 0 0 0 0 0 0 0
234 0 20022 302482 302481 0 0 0 0 0 0 0 0 184 111 0 0 0 0 0 0 0 0
235 0 20023 302481 302482 0 0 0 0 0 0 0 0 13 257 0 0 0 0 0 0 0 0
236 0 20024 302481 302482 0 0 0 0 0 0 0 0 415 649 0 0 0 0 0 0 0 0
237 0 20025 -1 -1 -1 -1 -1 -1 -1 -1 -1 -1 0 0 0 0 0 0 0 0 0 0
238 0 20026 -1 -1 -1 -1 -1 -1 -1 -1 -1 -1 0 0 0 0 0 0 0 0 0 0
239 0 20027 -1 -1 -1 -1 -1 -1 -1 -1 -1 -1 0 0 0 0 0 0 0 0 0 0
240 0 20028 -1 -1 -1 -1 -1 -1 -1 -1 -1 -1 0 0 0 0 0 0 0 0 0 0
241 0 20029 -1 -1 -1 -1 -1 -1 -1 -1 -1 -1 0 0 0 0 0 0 0 0 0 0
242 0 20030 -1 -1 -1 -1 -1 -1 -1 -1 -1 -1 0 0 0 0 0 0 0 0 0 0
243 0 70016 302823 0 0 0 0 0 0 0 0 0 439 0 0 0 0 0 0 0 0 0
244 0 80001 302482 302502 0 0 0 0 0 0 0 0 2365 86 0 0 0 0 0 0 0 0
245 0 80002 302502 302502 0 0 0 0 0 0 0 0 1123 705 0 0 0 0 0 0 0 0
246 0 80003 302502 302502 0 0 0 0 0 0 0 0 482 1556 0 0 0 0 0 0 0 0
247 0 80004 302502 302502 0 0 0 0 0 0 0 0 1115 1573 0 0 0 0 0 0 0 0
248 0 80005 302502 302502 0 0 0 0 0 0 0 0 1557 1546 0 0 0 0 0 0 0 0
249 0 80006 302502 302342 0 0 0 0 0 0 0 0 1525 174 0 0 0 0 0 0 0 0
250 0 80007 302502 302502 0 0 0 0 0 0 0 0 80 347 0 0 0 0 0 0 0 0
251 0 80008 302342 302502 0 0 0 0 0 0 0 0 1199 121 0 0 0 0 0 0 0 0
252 0 80009 302502 302502 0 0 0 0 0 0 0 0 110 434 0 0 0 0 0 0 0 0
253 0 80010 302342 302502 0 0 0 0 0 0 0 0 448 1112 0 0 0 0 0 0 0 0
254 0 80011 302502 302502 0 0 0 0 0 0 0 0 511 1116 0 0 0 0 0 0 0 0
255 0 80012 302502 302502 0 0 0 0 0 0 0 0 11 2512 0 0 0 0 0 0 0 0
256 0 80013 302502 302502 0 0 0 0 0 0 0 0 40 40 0 0 0 0 0 0 0 0
257 0 80014 302502 302482 0 0 0 0 0 0 0 0 62 267 0 0 0 0 0 0 0 0
258 0 80015 302502 302502 0 0 0 0 0 0 0 0 46 89 0 0 0 0 0 0 0 0
259 0 80016 302502 302482 0 0 0 0 0 0 0 0 417 179 0 0 0 0 0 0 0 0
260 0 80017 302502 302502 0 0 0 0 0 0 0 0 2529 116 0 0 0 0 0 0 0 0
261 0 80018 302502 302482 0 0 0 0 0 0 0 0 283 309 0 0 0 0 0 0 0 0
262 0 80019 302482 302342 0 0 0 0 0 0 0 0 45 1198 0 0 0 0 0 0 0 0
263 0 80020 302502 302502 0 0 0 0 0 0 0 0 366 87 0 0 0 0 0 0 0 0
264 0 80021 302482 302502 0 0 0 0 0 0 0 0 1555 2367 0 0 0 0 0 0 0 0
265 0 80022 302823 0 0 0 0 0 0 0 0 0 2338 0 0 0 0 0 0 0 0 0
266 0 80023 302823 0 0 0 0 0 0 0 0 0 1545 0 0 0 0 0 0 0 0 0
267 0 80024 302823 0 0 0 0 0 0 0 0 0 181 0 0 0 0 0 0 0 0 0
268 0 80025 302502 302502 0 0 0 0 0 0 0 0 2368 114 0 0 0 0 0 0 0 0
269 0 80026 302982 0 0 0 0 0 0 0 0 0 2523 0 0 0 0 0 0 0 0 0
270 0 80027 302482 302342 0 0 0 0 0 0 0 0 1554 314 0 0 0 0 0 0 0 0
271 0 80028 302502 302482 0 0 0 0 0 0 0 0 505 343 0 0 0 0 0 0 0 0
272 0 80029 302502 302502 0 0 0 0 0 0 0 0 460 1563 0 0 0 0 0 0 0 0
273 0 80030 302823 0 0 0 0 0 0 0 0 0 2360 0 0 0 0 0 0 0 0 0
274 0 90001 -1 -1 -1 -1 -1 -1 -1 -1 -1 -1 0 0 0 0 0 0 0 0 0 0
275 0 90002 -1 -1 -1 -1 -1 -1 -1 -1 -1 -1 0 0 0 0 0 0 0 0 0 0
276 0 90003 -1 -1 -1 -1 -1 -1 -1 -1 -1 -1 0 0 0 0 0 0 0 0 0 0
277 0 90004 -1 -1 -1 -1 -1 -1 -1 -1 -1 -1 0 0 0 0 0 0 0 0 0 0
278 0 90005 -1 -1 -1 -1 -1 -1 -1 -1 -1 -1 0 0 0 0 0 0 0 0 0 0
279 0 90006 -1 -1 -1 -1 -1 -1 -1 -1 -1 -1 0 0 0 0 0 0 0 0 0 0
280 0 90007 -1 -1 -1 -1 -1 -1 -1 -1 -1 -1 0 0 0 0 0 0 0 0 0 0
281 0 90008 -1 -1 -1 -1 -1 -1 -1 -1 -1 -1 0 0 0 0 0 0 0 0 0 0
282 0 90009 -1 -1 -1 -1 -1 -1 -1 -1 -1 -1 0 0 0 0 0 0 0 0 0 0
283 0 90010 -1 -1 -1 -1 -1 -1 -1 -1 -1 -1 0 0 0 0 0 0 0 0 0 0
284 0 90011 -1 -1 -1 -1 -1 -1 -1 -1 -1 -1 0 0 0 0 0 0 0 0 0 0
285 0 90012 -1 -1 -1 -1 -1 -1 -1 -1 -1 -1 0 0 0 0 0 0 0 0 0 0
286 0 90013 -1 -1 -1 -1 -1 -1 -1 -1 -1 -1 0 0 0 0 0 0 0 0 0 0
287 0 90014 -1 -1 -1 -1 -1 -1 -1 -1 -1 -1 0 0 0 0 0 0 0 0 0 0
288 0 90015 -1 -1 -1 -1 -1 -1 -1 -1 -1 -1 0 0 0 0 0 0 0 0 0 0
289 0 90016 -1 -1 -1 -1 -1 -1 -1 -1 -1 -1 0 0 0 0 0 0 0 0 0 0
290 0 90017 -1 -1 -1 -1 -1 -1 -1 -1 -1 -1 0 0 0 0 0 0 0 0 0 0
291 0 90018 -1 -1 -1 -1 -1 -1 -1 -1 -1 -1 0 0 0 0 0 0 0 0 0 0
292 0 90019 -1 -1 -1 -1 -1 -1 -1 -1 -1 -1 0 0 0 0 0 0 0 0 0 0
293 0 90020 -1 -1 -1 -1 -1 -1 -1 -1 -1 -1 0 0 0 0 0 0 0 0 0 0
294 0 90021 -1 -1 -1 -1 -1 -1 -1 -1 -1 -1 0 0 0 0 0 0 0 0 0 0
295 0 90022 -1 -1 -1 -1 -1 -1 -1 -1 -1 -1 0 0 0 0 0 0 0 0 0 0
296 0 90023 -1 -1 -1 -1 -1 -1 -1 -1 -1 -1 0 0 0 0 0 0 0 0 0 0
297 0 90024 -1 -1 -1 -1 -1 -1 -1 -1 -1 -1 0 0 0 0 0 0 0 0 0 0
298 0 90025 -1 -1 -1 -1 -1 -1 -1 -1 -1 -1 0 0 0 0 0 0 0 0 0 0
299 0 90026 -1 -1 -1 -1 -1 -1 -1 -1 -1 -1 0 0 0 0 0 0 0 0 0 0
300 0 90027 -1 -1 -1 -1 -1 -1 -1 -1 -1 -1 0 0 0 0 0 0 0 0 0 0
301 0 90028 -1 -1 -1 -1 -1 -1 -1 -1 -1 -1 0 0 0 0 0 0 0 0 0 0
302 0 90029 -1 -1 -1 -1 -1 -1 -1 -1 -1 -1 0 0 0 0 0 0 0 0 0 0
303 0 90030 -1 -1 -1 -1 -1 -1 -1 -1 -1 -1 0 0 0 0 0 0 0 0 0 0
304 0 101001 -1 -1 -1 -1 -1 -1 -1 -1 -1 -1 0 0 0 0 0 0 0 0 0 0
305 0 101002 -1 -1 -1 -1 -1 -1 -1 -1 -1 -1 0 0 0 0 0 0 0 0 0 0
306 0 101003 -1 -1 -1 -1 -1 -1 -1 -1 -1 -1 0 0 0 0 0 0 0 0 0 0
307 0 101004 -1 -1 -1 -1 -1 -1 -1 -1 -1 -1 0 0 0 0 0 0 0 0 0 0
308 0 101005 -1 -1 -1 -1 -1 -1 -1 -1 -1 -1 0 0 0 0 0 0 0 0 0 0
309 0 101006 -1 -1 -1 -1 -1 -1 -1 -1 -1 -1 0 0 0 0 0 0 0 0 0 0
310 0 101007 -1 -1 -1 -1 -1 -1 -1 -1 -1 -1 0 0 0 0 0 0 0 0 0 0
311 0 101008 -1 -1 -1 -1 -1 -1 -1 -1 -1 -1 0 0 0 0 0 0 0 0 0 0
312 0 101009 -1 -1 -1 -1 -1 -1 -1 -1 -1 -1 0 0 0 0 0 0 0 0 0 0
313 0 101010 -1 -1 -1 -1 -1 -1 -1 -1 -1 -1 0 0 0 0 0 0 0 0 0 0
314 0 101011 -1 -1 -1 -1 -1 -1 -1 -1 -1 -1 0 0 0 0 0 0 0 0 0 0
315 0 101012 -1 -1 -1 -1 -1 -1 -1 -1 -1 -1 0 0 0 0 0 0 0 0 0 0
316 0 101013 -1 -1 -1 -1 -1 -1 -1 -1 -1 -1 0 0 0 0 0 0 0 0 0 0
317 0 101014 -1 -1 -1 -1 -1 -1 -1 -1 -1 -1 0 0 0 0 0 0 0 0 0 0
318 0 101015 -1 -1 -1 -1 -1 -1 -1 -1 -1 -1 0 0 0 0 0 0 0 0 0 0
319 0 101016 -1 -1 -1 -1 -1 -1 -1 -1 -1 -1 0 0 0 0 0 0 0 0 0 0
320 0 101017 -1 -1 -1 -1 -1 -1 -1 -1 -1 -1 0 0 0 0 0 0 0 0 0 0
321 0 101018 -1 -1 -1 -1 -1 -1 -1 -1 -1 -1 0 0 0 0 0 0 0 0 0 0
322 0 101019 -1 -1 -1 -1 -1 -1 -1 -1 -1 -1 0 0 0 0 0 0 0 0 0 0
323 0 101020 -1 -1 -1 -1 -1 -1 -1 -1 -1 -1 0 0 0 0 0 0 0 0 0 0
324 0 102001 -1 -1 -1 -1 -1 -1 -1 -1 -1 -1 0 0 0 0 0 0 0 0 0 0
325 0 102002 -1 -1 -1 -1 -1 -1 -1 -1 -1 -1 0 0 0 0 0 0 0 0 0 0
326 0 102003 -1 -1 -1 -1 -1 -1 -1 -1 -1 -1 0 0 0 0 0 0 0 0 0 0
327 0 102004 -1 -1 -1 -1 -1 -1 -1 -1 -1 -1 0 0 0 0 0 0 0 0 0 0
328 0 102005 -1 -1 -1 -1 -1 -1 -1 -1 -1 -1 0 0 0 0 0 0 0 0 0 0
329 0 102006 -1 -1 -1 -1 -1 -1 -1 -1 -1 -1 0 0 0 0 0 0 0 0 0 0
330 0 102007 -1 -1 -1 -1 -1 -1 -1 -1 -1 -1 0 0 0 0 0 0 0 0 0 0
331 0 102008 -1 -1 -1 -1 -1 -1 -1 -1 -1 -1 0 0 0 0 0 0 0 0 0 0
332 0 102009 -1 -1 -1 -1 -1 -1 -1 -1 -1 -1 0 0 0 0 0 0 0 0 0 0
333 0 102010 -1 -1 -1 -1 -1 -1 -1 -1 -1 -1 0 0 0 0 0 0 0 0 0 0
334 0 102011 -1 -1 -1 -1 -1 -1 -1 -1 -1 -1 0 0 0 0 0 0 0 0 0 0
335 0 102012 -1 -1 -1 -1 -1 -1 -1 -1 -1 -1 0 0 0 0 0 0 0 0 0 0
336 0 102013 -1 -1 -1 -1 -1 -1 -1 -1 -1 -1 0 0 0 0 0 0 0 0 0 0
337 0 102014 -1 -1 -1 -1 -1 -1 -1 -1 -1 -1 0 0 0 0 0 0 0 0 0 0
338 0 102015 -1 -1 -1 -1 -1 -1 -1 -1 -1 -1 0 0 0 0 0 0 0 0 0 0
339 0 102016 -1 -1 -1 -1 -1 -1 -1 -1 -1 -1 0 0 0 0 0 0 0 0 0 0
340 0 102017 -1 -1 -1 -1 -1 -1 -1 -1 -1 -1 0 0 0 0 0 0 0 0 0 0
341 0 102018 -1 -1 -1 -1 -1 -1 -1 -1 -1 -1 0 0 0 0 0 0 0 0 0 0
342 0 102019 -1 -1 -1 -1 -1 -1 -1 -1 -1 -1 0 0 0 0 0 0 0 0 0 0
343 0 102020 -1 -1 -1 -1 -1 -1 -1 -1 -1 -1 0 0 0 0 0 0 0 0 0 0

[StockData]
IDNUM N PA PB PC PD PE PF PG PH PI PJ TA TB TC TD TE TF TG TH TI TJ Force LdFrmW WaferRot
1 10005 205 307 0 0 0 0 0 0 0 0 302481 302482 0 0 0 0 0 0 0 0 0 0.000 0
2 10006 233 25 0 0 0 0 0 0 0 0 302481 302481 0 0 0 0 0 0 0 0 0 0.000 0
3 10007 135 149 0 0 0 0 0 0 0 0 302481 302482 0 0 0 0 0 0 0 0 0 0.000 0
4 10008 872 954 0 0 0 0 0 0 0 0 302482 302482 0 0 0 0 0 0 0 0 0 0.000 0
5 10009 425 627 0 0 0 0 0 0 0 0 302481 302481 0 0 0 0 0 0 0 0 0 0.000 0
6 10010 1200 545 0 0 0 0 0 0 0 0 302501 302481 0 0 0 0 0 0 0 0 0 0.000 0
7 10011 101 375 0 0 0 0 0 0 0 0 302481 302481 0 0 0 0 0 0 0 0 0 0.000 0
8 10012 8 15 0 0 0 0 0 0 0 0 302481 302481 0 0 0 0 0 0 0 0 0 0.000 0
9 10013 10 34 0 0 0 0 0 0 0 0 302482 302481 0 0 0 0 0 0 0 0 0 0.000 0
10 10014 2 24 0 0 0 0 0 0 0 0 302481 302481 0 0 0 0 0 0 0 0 0 0.000 0
11 10015 671 64 0 0 0 0 0 0 0 0 302502 302481 0 0 0 0 0 0 0 0 0 0.000 0
12 10016 5 16 0 0 0 0 0 0 0 0 302481 302482 0 0 0 0 0 0 0 0 0 0.000 0
13 10017 48 29 0 0 0 0 0 0 0 0 302482 302481 0 0 0 0 0 0 0 0 0 0.000 0
14 10018 362 113 0 0 0 0 0 0 0 0 302481 302481 0 0 0 0 0 0 0 0 0 0.000 0
15 10019 188 249 0 0 0 0 0 0 0 0 302481 302481 0 0 0 0 0 0 0 0 0 0.000 0
16 10020 391 108 0 0 0 0 0 0 0 0 302502 302481 0 0 0 0 0 0 0 0 0 0.000 0
17 10021 594 131 0 0 0 0 0 0 0 0 302481 302481 0 0 0 0 0 0 0 0 0 0.000 0
18 10022 557 4 0 0 0 0 0 0 0 0 302481 302482 0 0 0 0 0 0 0 0 0 0.000 0
19 10023 36 1027 0 0 0 0 0 0 0 0 302481 302482 0 0 0 0 0 0 0 0 0 0.000 0
20 10024 904 881 0 0 0 0 0 0 0 0 302482 302482 0 0 0 0 0 0 0 0 0 0.000 0
21 20007 353 361 0 0 0 0 0 0 0 0 302481 302481 0 0 0 0 0 0 0 0 0 0.000 0
22 20008 1344 127 0 0 0 0 0 0 0 0 302481 302502 0 0 0 0 0 0 0 0 0 0.000 0
23 20009 49 266 0 0 0 0 0 0 0 0 302481 302481 0 0 0 0 0 0 0 0 0 0.000 0
24 20010 2536 355 0 0 0 0 0 0 0 0 302481 302481 0 0 0 0 0 0 0 0 0 0.000 0
25 20011 242 19 0 0 0 0 0 0 0 0 302481 302481 0 0 0 0 0 0 0 0 0 0.000 0
26 20012 8 25 0 0 0 0 0 0 0 0 302481 302481 0 0 0 0 0 0 0 0 0 0.000 0
27 20013 9 21 0 0 0 0 0 0 0 0 302482 302481 0 0 0 0 0 0 0 0 0 0.000 0
28 20014 41 91 0 0 0 0 0 0 0 0 302482 302481 0 0 0 0 0 0 0 0 0 0.000 0
29 20015 52 27 0 0 0 0 0 0 0 0 302481 302481 0 0 0 0 0 0 0 0 0 0.000 0
30 20016 54 147 0 0 0 0 0 0 0 0 302481 302481 0 0 0 0 0 0 0 0 0 0.000 0
31 20017 57 66 0 0 0 0 0 0 0 0 302481 302481 0 0 0 0 0 0 0 0 0 0.000 0
32 20018 37 65 0 0 0 0 0 0 0 0 302481 302481 0 0 0 0 0 0 0 0 0 0.000 0
33 20019 104 410 0 0 0 0 0 0 0 0 302481 302482 0 0 0 0 0 0 0 0 0 0.000 0
34 20020 197 109 0 0 0 0 0 0 0 0 302481 302481 0 0 0 0 0 0 0 0 0 0.000 0
35 20021 576 352 0 0 0 0 0 0 0 0 302481 302482 0 0 0 0 0 0 0 0 0 0.000 0
36 20022 184 111 0 0 0 0 0 0 0 0 302482 302481 0 0 0 0 0 0 0 0 0 0.000 0
37 20023 13 257 0 0 0 0 0 0 0 0 302481 302482 0 0 0 0 0 0 0 0 0 0.000 0
38 20024 415 649 0 0 0 0 0 0 0 0 302481 302482 0 0 0 0 0 0 0 0 0 0.000 0
39 30003 270 359 0 0 0 0 0 0 0 0 302481 302481 0 0 0 0 0 0 0 0 0 0.000 0
40 30004 1553 152 0 0 0 0 0 0 0 0 302482 302482 0 0 0 0 0 0 0 0 0 0.000 0
41 30005 2370 2515 0 0 0 0 0 0 0 0 302502 302502 0 0 0 0 0 0 0 0 0 0.000 0
42 30006 2526 102 0 0 0 0 0 0 0 0 302502 302481 0 0 0 0 0 0 0 0 0 0.000 0
43 30007 47 50 0 0 0 0 0 0 0 0 302481 302481 0 0 0 0 0 0 0 0 0 0.000 0
44 30008 374 56 0 0 0 0 0 0 0 0 302481 302481 0 0 0 0 0 0 0 0 0 0.000 0
45 30009 1154 317 0 0 0 0 0 0 0 0 302482 302481 0 0 0 0 0 0 0 0 0 0.000 0
46 30010 885 1019 0 0 0 0 0 0 0 0 302481 302482 0 0 0 0 0 0 0 0 0 0.000 0
47 30011 1005 12 0 0 0 0 0 0 0 0 302482 302481 0 0 0 0 0 0 0 0 0 0.000 0
48 30012 8 15 0 0 0 0 0 0 0 0 302481 302481 0 0 0 0 0 0 0 0 0 0.000 0
49 30013 22 191 0 0 0 0 0 0 0 0 302481 302481 0 0 0 0 0 0 0 0 0 0.000 0
50 30014 39 31 0 0 0 0 0 0 0 0 302481 302481 0 0 0 0 0 0 0 0 0 0.000 0
51 30015 351 85 0 0 0 0 0 0 0 0 302481 302481 0 0 0 0 0 0 0 0 0 0.000 0
52 30016 232 272 0 0 0 0 0 0 0 0 302481 302481 0 0 0 0 0 0 0 0 0 0.000 0
53 30017 313 61 0 0 0 0 0 0 0 0 302481 302481 0 0 0 0 0 0 0 0 0 0.000 0
54 30018 273 55 0 0 0 0 0 0 0 0 302481 302481 0 0 0 0 0 0 0 0 0 0.000 0
55 30019 59 51 0 0 0 0 0 0 0 0 302481 302481 0 0 0 0 0 0 0 0 0 0.000 0
56 30020 390 248 0 0 0 0 0 0 0 0 302481 302481 0 0 0 0 0 0 0 0 0 0.000 0
57 30021 331 499 0 0 0 0 0 0 0 0 302481 302482 0 0 0 0 0 0 0 0 0 0.000 0
58 30022 23 40 0 0 0 0 0 0 0 0 302481 302502 0 0 0 0 0 0 0 0 0 0.000 0
59 30023 544 426 0 0 0 0 0 0 0 0 302481 302481 0 0 0 0 0 0 0 0 0 0.000 0
60 30024 1122 384 0 0 0 0 0 0 0 0 302502 302502 0 0 0 0 0 0 0 0 0 0.000 0
61 30025 449 1524 0 0 0 0 0 0 0 0 302502 302502 0 0 0 0 0 0 0 0 0 0.000 0
62 30026 2131 0 0 0 0 0 0 0 0 0 302482 0 0 0 0 0 0 0 0 0 0 0.000 0
63 40005 0 69 0 0 0 0 0 0 0 0 0 302481 0 0 0 0 0 0 0 0 0 0.000 0
64 40006 661 854 0 0 0 0 0 0 0 0 302482 302482 0 0 0 0 0 0 0 0 0 0.000 0
65 40007 357 969 0 0 0 0 0 0 0 0 302481 302482 0 0 0 0 0 0 0 0 0 0.000 0
66 40008 1117 157 0 0 0 0 0 0 0 0 302481 302481 0 0 0 0 0 0 0 0 0 0.000 0
67 40009 430 642 0 0 0 0 0 0 0 0 302481 302481 0 0 0 0 0 0 0 0 0 0.000 0
68 40010 404 2336 0 0 0 0 0 0 0 0 302481 302481 0 0 0 0 0 0 0 0 0 0.000 0
69 40011 424 2533 0 0 0 0 0 0 0 0 302481 302481 0 0 0 0 0 0 0 0 0 0.000 0
70 40012 356 2539 0 0 0 0 0 0 0 0 302481 302502 0 0 0 0 0 0 0 0 0 0.000 0
71 40013 8 25 0 0 0 0 0 0 0 0 302481 302481 0 0 0 0 0 0 0 0 0 0.000 0
72 40014 76 58 0 0 0 0 0 0 0 0 302481 302481 0 0 0 0 0 0 0 0 0 0.000 0
73 40015 112 26 0 0 0 0 0 0 0 0 302481 302481 0 0 0 0 0 0 0 0 0 0.000 0
74 40016 32 83 0 0 0 0 0 0 0 0 302481 302481 0 0 0 0 0 0 0 0 0 0.000 0
75 40017 78 103 0 0 0 0 0 0 0 0 302482 302481 0 0 0 0 0 0 0 0 0 0.000 0
76 40018 6 63 0 0 0 0 0 0 0 0 302481 302482 0 0 0 0 0 0 0 0 0 0.000 0
77 40019 299 35 0 0 0 0 0 0 0 0 302481 302481 0 0 0 0 0 0 0 0 0 0.000 0
78 40020 100 1197 0 0 0 0 0 0 0 0 302481 302481 0 0 0 0 0 0 0 0 0 0.000 0
79 40021 268 90 0 0 0 0 0 0 0 0 302481 302502 0 0 0 0 0 0 0 0 0 0.000 0
80 40022 1261 2554 0 0 0 0 0 0 0 0 302482 302502 0 0 0 0 0 0 0 0 0 0.000 0
81 40023 592 2543 0 0 0 0 0 0 0 0 302481 302481 0 0 0 0 0 0 0 0 0 0.000 0
82 40024 94 741 0 0 0 0 0 0 0 0 302481 302481 0 0 0 0 0 0 0 0 0 0.000 0
83 40025 1257 71 0 0 0 0 0 0 0 0 302502 302481 0 0 0 0 0 0 0 0 0 0.000 0
84 40026 2206 2374 0 0 0 0 0 0 0 0 302481 302482 0 0 0 0 0 0 0 0 0 0.000 0
85 40027 1492 8 0 0 0 0 0 0 0 0 302482 302481 0 0 0 0 0 0 0 0 0 0.000 0
86 40028 120 437 0 0 0 0 0 0 0 0 302481 302482 0 0 0 0 0 0 0 0 0 0.000 0
87 40029 97 650 0 0 0 0 0 0 0 0 302481 302482 0 0 0 0 0 0 0 0 0 0.000 0
88 40030 15 0 0 0 0 0 0 0 0 0 302481 0 0 0 0 0 0 0 0 0 0 0.000 0
89 50001 2516 1221 0 0 0 0 0 0 0 0 302502 302502 0 0 0 0 0 0 0 0 0 0.000 0
90 50002 1571 38 0 0 0 0 0 0 0 0 302502 302481 0 0 0 0 0 0 0 0 0 0.000 0
91 50003 1139 1385 0 0 0 0 0 0 0 0 302502 302502 0 0 0 0 0 0 0 0 0 0.000 0
92 50004 303 1122 0 0 0 0 0 0 0 0 302481 302502 0 0 0 0 0 0 0 0 0 0.000 0
93 50005 386 384 0 0 0 0 0 0 0 0 302502 302502 0 0 0 0 0 0 0 0 0 0.000 0
94 50006 423 259 0 0 0 0 0 0 0 0 302482 302502 0 0 0 0 0 0 0 0 0 0.000 0
95 50007 1369 429 0 0 0 0 0 0 0 0 302502 302482 0 0 0 0 0 0 0 0 0 0.000 0
96 50008 251 368 0 0 0 0 0 0 0 0 302482 302502 0 0 0 0 0 0 0 0 0 0.000 0
97 50009 1282 539 0 0 0 0 0 0 0 0 302482 302481 0 0 0 0 0 0 0 0 0 0.000 0
98 50010 20 129 0 0 0 0 0 0 0 0 302481 302481 0 0 0 0 0 0 0 0 0 0.000 0
99 50011 350 128 0 0 0 0 0 0 0 0 302481 302482 0 0 0 0 0 0 0 0 0 0.000 0
100 50012 409 160 0 0 0 0 0 0 0 0 302482 302502 0 0 0 0 0 0 0 0 0 0.000 0
101 50013 40 40 0 0 0 0 0 0 0 0 302502 302502 0 0 0 0 0 0 0 0 0 0.000 0
102 50014 647 178 0 0 0 0 0 0 0 0 302482 302502 0 0 0 0 0 0 0 0 0 0.000 0
103 50015 192 318 0 0 0 0 0 0 0 0 302502 302502 0 0 0 0 0 0 0 0 0 0.000 0
104 50016 395 146 0 0 0 0 0 0 0 0 302502 302502 0 0 0 0 0 0 0 0 0 0.000 0
105 50017 280 593 0 0 0 0 0 0 0 0 302481 302481 0 0 0 0 0 0 0 0 0 0.000 0
106 50018 138 119 0 0 0 0 0 0 0 0 302481 302481 0 0 0 0 0 0 0 0 0 0.000 0
107 50019 74 358 0 0 0 0 0 0 0 0 302502 302481 0 0 0 0 0 0 0 0 0 0.000 0
108 50020 519 2157 0 0 0 0 0 0 0 0 302481 302502 0 0 0 0 0 0 0 0 0 0.000 0
109 50021 44 416 0 0 0 0 0 0 0 0 302502 302502 0 0 0 0 0 0 0 0 0 0.000 0
110 50022 2367 337 0 0 0 0 0 0 0 0 302502 302342 0 0 0 0 0 0 0 0 0 0.000 0
111 50023 436 556 0 0 0 0 0 0 0 0 302502 302482 0 0 0 0 0 0 0 0 0 0.000 0
112 50024 170 1538 0 0 0 0 0 0 0 0 302502 302342 0 0 0 0 0 0 0 0 0 0.000 0
113 50025 186 262 0 0 0 0 0 0 0 0 302482 302502 0 0 0 0 0 0 0 0 0 0.000 0
114 50026 1443 408 0 0 0 0 0 0 0 0 302502 302482 0 0 0 0 0 0 0 0 0 0.000 0
115 50027 1565 1113 0 0 0 0 0 0 0 0 302502 302342 0 0 0 0 0 0 0 0 0 0.000 0
116 50028 1550 1140 0 0 0 0 0 0 0 0 302481 302502 0 0 0 0 0 0 0 0 0 0.000 0
117 50029 1286 2538 0 0 0 0 0 0 0 0 302502 302502 0 0 0 0 0 0 0 0 0 0.000 0
118 50030 1267 92 0 0 0 0 0 0 0 0 302482 302481 0 0 0 0 0 0 0 0 0 0.000 0
119 60001 0 1579 0 0 0 0 0 0 0 0 0 302482 0 0 0 0 0 0 0 0 0 0.000 0
120 60002 33 354 0 0 0 0 0 0 0 0 302481 302481 0 0 0 0 0 0 0 0 0 0.000 0
121 60003 414 269 0 0 0 0 0 0 0 0 302481 302501 0 0 0 0 0 0 0 0 0 0.000 0
122 60004 256 458 0 0 0 0 0 0 0 0 302482 302481 0 0 0 0 0 0 0 0 0 0.000 0
123 60005 385 1283 0 0 0 0 0 0 0 0 302481 302481 0 0 0 0 0 0 0 0 0 0.000 0
124 60006 17 389 0 0 0 0 0 0 0 0 302481 302481 0 0 0 0 0 0 0 0 0 0.000 0
125 60007 241 77 0 0 0 0 0 0 0 0 302481 302481 0 0 0 0 0 0 0 0 0 0.000 0
126 60008 648 208 0 0 0 0 0 0 0 0 302482 302481 0 0 0 0 0 0 0 0 0 0.000 0
127 60009 695 305 0 0 0 0 0 0 0 0 302481 302481 0 0 0 0 0 0 0 0 0 0.000 0
128 60010 1 3 0 0 0 0 0 0 0 0 302481 302481 0 0 0 0 0 0 0 0 0 0.000 0
129 60011 1118 546 0 0 0 0 0 0 0 0 302502 302482 0 0 0 0 0 0 0 0 0 0.000 0
130 60012 28 68 0 0 0 0 0 0 0 0 302482 302481 0 0 0 0 0 0 0 0 0 0.000 0
131 60013 7 21 0 0 0 0 0 0 0 0 302481 302481 0 0 0 0 0 0 0 0 0 0.000 0
132 60014 47 84 0 0 0 0 0 0 0 0 302481 302481 0 0 0 0 0 0 0 0 0 0.000 0
133 60015 98 139 0 0 0 0 0 0 0 0 302481 302481 0 0 0 0 0 0 0 0 0 0.000 0
134 60016 8 75 0 0 0 0 0 0 0 0 302481 302481 0 0 0 0 0 0 0 0 0 0.000 0
135 60017 73 333 0 0 0 0 0 0 0 0 302481 302481 0 0 0 0 0 0 0 0 0 0.000 0
136 60018 70 236 0 0 0 0 0 0 0 0 302481 302481 0 0 0 0 0 0 0 0 0 0.000 0
137 60019 107 332 0 0 0 0 0 0 0 0 302481 302481 0 0 0 0 0 0 0 0 0 0.000 0
138 60020 231 18 0 0 0 0 0 0 0 0 302481 302481 0 0 0 0 0 0 0 0 0 0.000 0
139 60021 235 30 0 0 0 0 0 0 0 0 302482 302481 0 0 0 0 0 0 0 0 0 0.000 0
140 60022 1544 79 0 0 0 0 0 0 0 0 302482 302481 0 0 0 0 0 0 0 0 0 0.000 0
141 60023 652 455 0 0 0 0 0 0 0 0 302482 302481 0 0 0 0 0 0 0 0 0 0.000 0
142 60024 2377 360 0 0 0 0 0 0 0 0 302481 302501 0 0 0 0 0 0 0 0 0 0.000 0
143 60025 598 72 0 0 0 0 0 0 0 0 302481 302481 0 0 0 0 0 0 0 0 0 0.000 0
144 60026 725 265 0 0 0 0 0 0 0 0 302482 302481 0 0 0 0 0 0 0 0 0 0.000 0
145 60027 1548 599 0 0 0 0 0 0 0 0 302482 302481 0 0 0 0 0 0 0 0 0 0.000 0
146 60028 53 452 0 0 0 0 0 0 0 0 302481 302481 0 0 0 0 0 0 0 0 0 0.000 0
147 60029 130 1575 0 0 0 0 0 0 0 0 302481 302482 0 0 0 0 0 0 0 0 0 0.000 0
148 60030 577 0 0 0 0 0 0 0 0 0 302481 0 0 0 0 0 0 0 0 0 0 0.000 0
149 70001 2375 0 0 0 0 0 0 0 0 0 303623 0 0 0 0 0 0 0 0 0 0 0.000 0
150 70002 2531 0 0 0 0 0 0 0 0 0 303624 0 0 0 0 0 0 0 0 0 0 0.000 0
151 70003 2530 0 0 0 0 0 0 0 0 0 302983 0 0 0 0 0 0 0 0 0 0 0.000 0
152 70004 1530 0 0 0 0 0 0 0 0 0 302823 0 0 0 0 0 0 0 0 0 0 0.000 0
153 70005 1191 0 0 0 0 0 0 0 0 0 302823 0 0 0 0 0 0 0 0 0 0 0.000 0
154 70006 2378 0 0 0 0 0 0 0 0 0 303624 0 0 0 0 0 0 0 0 0 0 0.000 0
155 70007 1193 0 0 0 0 0 0 0 0 0 302823 0 0 0 0 0 0 0 0 0 0 0.000 0
156 70008 2381 0 0 0 0 0 0 0 0 0 303624 0 0 0 0 0 0 0 0 0 0 0.000 0
157 70009 1285 0 0 0 0 0 0 0 0 0 304425 0 0 0 0 0 0 0 0 0 0 0.000 0
158 70011 2372 0 0 0 0 0 0 0 0 0 302824 0 0 0 0 0 0 0 0 0 0 0.000 0
159 70012 1120 0 0 0 0 0 0 0 0 0 302823 0 0 0 0 0 0 0 0 0 0 0.000 0
160 70013 1549 0 0 0 0 0 0 0 0 0 303624 0 0 0 0 0 0 0 0 0 0 0.000 0
161 70014 1114 0 0 0 0 0 0 0 0 0 303624 0 0 0 0 0 0 0 0 0 0 0.000 0
162 70015 2369 0 0 0 0 0 0 0 0 0 303623 0 0 0 0 0 0 0 0 0 0 0.000 0
163 70016 439 0 0 0 0 0 0 0 0 0 302823 0 0 0 0 0 0 0 0 0 0 0.000 0
164 70017 1552 0 0 0 0 0 0 0 0 0 302982 0 0 0 0 0 0 0 0 0 0 0.000 0
165 70018 387 0 0 0 0 0 0 0 0 0 303624 0 0 0 0 0 0 0 0 0 0 0.000 0
166 70019 1135 0 0 0 0 0 0 0 0 0 303623 0 0 0 0 0 0 0 0 0 0 0.000 0
167 70020 1121 0 0 0 0 0 0 0 0 0 303624 0 0 0 0 0 0 0 0 0 0 0.000 0
168 70021 1287 0 0 0 0 0 0 0 0 0 302982 0 0 0 0 0 0 0 0 0 0 0.000 0
169 70022 509 0 0 0 0 0 0 0 0 0 302823 0 0 0 0 0 0 0 0 0 0 0.000 0
170 70023 284 0 0 0 0 0 0 0 0 0 302823 0 0 0 0 0 0 0 0 0 0 0.000 0
171 70024 827 0 0 0 0 0 0 0 0 0 303623 0 0 0 0 0 0 0 0 0 0 0.000 0
172 70025 2371 0 0 0 0 0 0 0 0 0 303623 0 0 0 0 0 0 0 0 0 0 0.000 0
173 70026 402 0 0 0 0 0 0 0 0 0 302823 0 0 0 0 0 0 0 0 0 0 0.000 0
174 70027 95 0 0 0 0 0 0 0 0 0 302822 0 0 0 0 0 0 0 0 0 0 0.000 0
175 70028 2358 0 0 0 0 0 0 0 0 0 303624 0 0 0 0 0 0 0 0 0 0 0.000 0
176 70029 2525 0 0 0 0 0 0 0 0 0 303623 0 0 0 0 0 0 0 0 0 0 0.000 0
177 70030 2524 0 0 0 0 0 0 0 0 0 303623 0 0 0 0 0 0 0 0 0 0 0.000 0
178 80001 2365 86 0 0 0 0 0 0 0 0 302482 302502 0 0 0 0 0 0 0 0 0 0.000 0
179 80002 1123 705 0 0 0 0 0 0 0 0 302502 302502 0 0 0 0 0 0 0 0 0 0.000 0
180 80003 482 1556 0 0 0 0 0 0 0 0 302502 302502 0 0 0 0 0 0 0 0 0 0.000 0
181 80004 1115 1573 0 0 0 0 0 0 0 0 302502 302502 0 0 0 0 0 0 0 0 0 0.000 0
182 80005 1557 1546 0 0 0 0 0 0 0 0 302502 302502 0 0 0 0 0 0 0 0 0 0.000 0
183 80006 1525 174 0 0 0 0 0 0 0 0 302502 302342 0 0 0 0 0 0 0 0 0 0.000 0
184 80007 80 347 0 0 0 0 0 0 0 0 302502 302502 0 0 0 0 0 0 0 0 0 0.000 0
185 80008 1199 121 0 0 0 0 0 0 0 0 302342 302502 0 0 0 0 0 0 0 0 0 0.000 0
186 80009 110 434 0 0 0 0 0 0 0 0 302502 302502 0 0 0 0 0 0 0 0 0 0.000 0
187 80010 448 1112 0 0 0 0 0 0 0 0 302342 302502 0 0 0 0 0 0 0 0 0 0.000 0
188 80011 511 1116 0 0 0 0 0 0 0 0 302502 302502 0 0 0 0 0 0 0 0 0 0.000 0
189 80012 11 2512 0 0 0 0 0 0 0 0 302502 302502 0 0 0 0 0 0 0 0 0 0.000 0
190 80013 40 40 0 0 0 0 0 0 0 0 302502 302502 0 0 0 0 0 0 0 0 0 0.000 0
191 80014 62 267 0 0 0 0 0 0 0 0 302502 302482 0 0 0 0 0 0 0 0 0 0.000 0
192 80015 46 89 0 0 0 0 0 0 0 0 302502 302502 0 0 0 0 0 0 0 0 0 0.000 0
193 80016 417 179 0 0 0 0 0 0 0 0 302502 302482 0 0 0 0 0 0 0 0 0 0.000 0
194 80017 2529 116 0 0 0 0 0 0 0 0 302502 302502 0 0 0 0 0 0 0 0 0 0.000 0
195 80018 283 309 0 0 0 0 0 0 0 0 302502 302482 0 0 0 0 0 0 0 0 0 0.000 0
196 80019 45 1198 0 0 0 0 0 0 0 0 302482 302342 0 0 0 0 0 0 0 0 0 0.000 0
197 80020 366 87 0 0 0 0 0 0 0 0 302502 302502 0 0 0 0 0 0 0 0 0 0.000 0
198 80021 1555 2367 0 0 0 0 0 0 0 0 302482 302502 0 0 0 0 0 0 0 0 0 0.000 0
199 80022 2338 0 0 0 0 0 0 0 0 0 302823 0 0 0 0 0 0 0 0 0 0 0.000 0
200 80023 1545 0 0 0 0 0 0 0 0 0 302823 0 0 0 0 0 0 0 0 0 0 0.000 0
201 80024 181 0 0 0 0 0 0 0 0 0 302823 0 0 0 0 0 0 0 0 0 0 0.000 0
202 80025 2368 114 0 0 0 0 0 0 0 0 302502 302502 0 0 0 0 0 0 0 0 0 0.000 0
203 80026 2523 0 0 0 0 0 0 0 0 0 302982 0 0 0 0 0 0 0 0 0 0 0.000 0
204 80027 1554 314 0 0 0 0 0 0 0 0 302482 302342 0 0 0 0 0 0 0 0 0 0.000 0
205 80028 505 343 0 0 0 0 0 0 0 0 302502 302482 0 0 0 0 0 0 0 0 0 0.000 0
206 80029 460 1563 0 0 0 0 0 0 0 0 302502 302502 0 0 0 0 0 0 0 0 0 0.000 0
207 80030 2360 0 0 0 0 0 0 0 0 0 302823 0 0 0 0 0 0 0 0 0 0 0.000 0

[VstockData<1>]
IDNUM N PA PB PC PD PE PF PG PH PI PJ TA TB TC TD TE TF TG TH TI TJ Force LdFrmW WaferRot

[FixedNozzleStock]
IDNUM Group N P
11 0 831 -1
12 0 832 -1
13 0 833 -1
14 0 834 -1
15 0 835 -1
32 0 131 -1
33 0 132 -1
34 0 133 -1
35 0 134 -1
36 0 135 -1
37 0 136 -1
38 0 137 -1
39 0 138 -1
40 0 141 -1
41 0 142 -1
42 0 143 -1
43 0 144 -1
44 0 145 -1
45 0 146 -1
46 0 147 -1
47 0 148 -1
64 0 231 -1
65 0 232 -1
66 0 233 -1
67 0 234 -1
68 0 235 -1
69 0 236 -1
70 0 237 -1
71 0 238 -1
72 0 241 -1
73 0 242 -1
74 0 243 -1
75 0 244 -1
76 0 245 -1
77 0 246 -1
78 0 247 -1
79 0 248 -1
160 0 331 -1
161 0 332 -1
162 0 333 -1
163 0 334 -1
164 0 335 -1
165 0 336 -1
166 0 337 -1
167 0 338 -1
168 0 341 -1
169 0 342 -1
170 0 343 -1
171 0 344 -1
172 0 345 -1
173 0 346 -1
174 0 347 -1
175 0 348 -1
192 0 431 -1
193 0 432 -1
194 0 433 -1
195 0 434 -1
196 0 435 -1
197 0 436 -1
198 0 437 -1
199 0 438 -1
200 0 441 -1
201 0 442 -1
202 0 443 -1
203 0 444 -1
204 0 445 -1
205 0 446 -1
206 0 447 -1
207 0 448 -1
216 0 531 -1
217 0 532 -1
218 0 533 -1
219 0 534 -1
220 0 541 -1
221 0 542 -1
222 0 543 -1
223 0 544 -1
240 0 631 -1
241 0 632 -1
242 0 633 -1
243 0 634 -1
244 0 635 -1
245 0 636 -1
246 0 637 -1
247 0 638 -1
248 0 641 -1
249 0 642 -1
250 0 643 -1
251 0 644 -1
252 0 645 -1
253 0 646 -1
254 0 647 -1
255 0 648 -1
266 0 731 -1
267 0 732 -1
268 0 733 -1
269 0 734 -1
270 0 1011 1002
271 0 1012 1002
272 0 1013 1003
273 0 1014 1003
274 0 1015 1003
275 0 1021 1004
276 0 1022 1005
277 0 1023 1006
278 0 1024 1421
279 0 1025 4444
280 0 1031 -1
281 0 1032 -1
282 0 1033 -1
283 0 1034 -1
284 0 1035 -1
285 0 111 230
286 0 112 230
287 0 113 230
288 0 114 230
289 0 115 230
290 0 116 230
291 0 117 230
292 0 118 230
293 0 121 230
294 0 122 230
295 0 123 230
296 0 124 230
297 0 125 230
298 0 126 230
299 0 127 230
300 0 128 230
301 0 211 230
302 0 212 230
303 0 213 230
304 0 214 230
305 0 215 230
306 0 216 230
307 0 217 230
308 0 218 230
309 0 221 230
310 0 222 230
311 0 223 230
312 0 224 230
313 0 225 230
314 0 226 230
315 0 227 230
316 0 228 230
317 0 311 235
318 0 312 235
319 0 313 230
320 0 314 230
321 0 315 230
322 0 316 230
323 0 317 230
324 0 318 230
325 0 321 235
326 0 322 230
327 0 323 230
328 0 324 230
329 0 325 230
330 0 326 230
331 0 327 230
332 0 328 230
333 0 411 230
334 0 412 230
335 0 413 230
336 0 414 230
337 0 415 230
338 0 416 230
339 0 417 230
340 0 418 230
341 0 421 230
342 0 422 230
343 0 423 230
344 0 424 230
345 0 425 230
346 0 426 230
347 0 427 230
348 0 428 230
349 0 511 235
350 0 512 235
351 0 513 235
352 0 514 235
353 0 515 235
354 0 516 235
355 0 517 230
356 0 518 230
357 0 521 235
358 0 522 235
359 0 523 235
360 0 524 235
361 0 525 235
362 0 526 230
363 0 527 230
364 0 528 230
365 0 535 -1
366 0 536 -1
367 0 537 -1
368 0 538 -1
369 0 545 -1
370 0 546 -1
371 0 547 -1
372 0 548 -1
373 0 611 230
374 0 612 230
375 0 613 230
376 0 614 230
377 0 615 230
378 0 616 230
379 0 617 230
380 0 618 230
381 0 621 230
382 0 622 230
383 0 623 230
384 0 624 230
385 0 625 230
386 0 626 230
387 0 627 230
388 0 628 230
389 0 711 240
390 0 712 240
391 0 713 140
392 0 714 140
393 0 721 240
394 0 722 230
395 0 723 140
396 0 724 120
397 0 741 -1
398 0 742 -1
399 0 743 -1
400 0 744 -1
401 0 811 240
402 0 812 235
403 0 813 235
404 0 814 235
405 0 815 235
406 0 816 235
407 0 817 235
408 0 818 235
409 0 821 235
410 0 822 235
411 0 823 235
412 0 824 235
413 0 825 235
414 0 826 235
415 0 827 235
416 0 828 230
417 0 836 -1
418 0 837 -1
419 0 838 -1
420 0 841 -1
421 0 842 -1
422 0 843 -1
423 0 844 -1
424 0 845 -1
425 0 846 -1
426 0 847 -1
427 0 848 -1
428 0 911 1002
429 0 912 1003
430 0 913 1003
431 0 914 1003
432 0 915 1421
433 0 921 1004
434 0 922 1005
435 0 923 2405
436 0 924 2467
437 0 925 4444
438 0 931 1006
439 0 932 1006
440 0 933 -1
441 0 934 -1
442 0 935 -1

[NozzleStock]
IDNUM N P Force
1 111 230 0
2 112 230 0
3 113 230 0
4 114 230 0
5 115 230 0
6 116 230 0
7 117 230 0
8 118 230 0
9 121 230 0
10 122 230 0
11 123 230 0
12 124 230 0
13 125 230 0
14 126 230 0
15 127 230 0
16 128 230 0
17 211 230 0
18 212 230 0
19 213 230 0
20 214 230 0
21 215 230 0
22 216 230 0
23 217 230 0
24 218 230 0
25 221 230 0
26 222 230 0
27 223 230 0
28 224 230 0
29 225 230 0
30 226 230 0
31 227 230 0
32 228 230 0
33 311 235 0
34 312 235 0
35 313 230 0
36 314 230 0
37 315 230 0
38 316 230 0
39 317 230 0
40 318 230 0
41 321 235 0
42 322 230 0
43 323 230 0
44 324 230 0
45 325 230 0
46 326 230 0
47 327 230 0
48 328 230 0
49 411 230 0
50 412 230 0
51 413 230 0
52 414 230 0
53 415 230 0
54 416 230 0
55 417 230 0
56 418 230 0
57 421 230 0
58 422 230 0
59 423 230 0
60 424 230 0
61 425 230 0
62 426 230 0
63 427 230 0
64 428 230 0
65 511 235 0
66 512 235 0
67 513 235 0
68 514 235 0
69 515 235 0
70 516 235 0
71 517 230 0
72 518 230 0
73 521 235 0
74 522 235 0
75 523 235 0
76 524 235 0
77 525 235 0
78 526 230 0
79 527 230 0
80 528 230 0
81 611 230 0
82 612 230 0
83 613 230 0
84 614 230 0
85 615 230 0
86 616 230 0
87 617 230 0
88 618 230 0
89 621 230 0
90 622 230 0
91 623 230 0
92 624 230 0
93 625 230 0
94 626 230 0
95 627 230 0
96 628 230 0
97 711 240 0
98 712 240 0
99 713 140 0
100 714 140 0
101 721 240 0
102 722 230 0
103 723 140 0
104 724 120 0
105 811 240 0
106 812 235 0
107 813 235 0
108 814 235 0
109 815 235 0
110 816 235 0
111 817 235 0
112 818 235 0
113 821 235 0
114 822 235 0
115 823 235 0
116 824 235 0
117 825 235 0
118 826 235 0
119 827 235 0
120 828 230 0
121 911 1002 0
122 912 1003 0
123 913 1003 0
124 914 1003 0
125 915 1421 0
126 921 1004 0
127 922 1005 0
128 923 2405 0
129 924 2467 0
130 925 4444 0
131 931 1006 0
132 932 1006 0
133 1011 1002 0
134 1012 1002 0
135 1013 1003 0
136 1014 1003 0
137 1015 1003 0
138 1021 1004 0
139 1022 1005 0
140 1023 1006 0
141 1024 1421 0
142 1025 4444 0

[PickUpNozzleStock]
IDNUM N P

[FixedNozzle]
IDNUM Group Head NozzleA NozzleB NozzleC NozzleD NozzleE NozzleF NozzleG NozzleH NozzleI NozzleJ NozzleK NozzleL NozzleM NozzleN NozzleO NozzleP NozzleQ NozzleR NozzleS NozzleT NozzleU NozzleV NozzleW NozzleX

[NozzlePosition<1>]
IDNUM HEAD NPA NPB NPC NPD NPE NPF NPG NPH NPI NPJ NPK NPL NPM NPN NPO NPP NPQ NPR NPS NPT NPU NPV NPW NPX TURN
1 1 121 122 123 124 125 126 127 128 111 112 113 114 115 116 117 118 0 0 0 0 0 0 0 0 1
2 2 221 222 223 224 225 226 227 228 211 212 213 214 215 216 217 218 0 0 0 0 0 0 0 0 1
3 3 321 322 323 324 325 326 327 328 311 312 313 314 315 316 317 318 0 0 0 0 0 0 0 0 1
4 4 421 422 423 424 425 426 427 428 411 412 413 414 415 416 417 418 0 0 0 0 0 0 0 0 1
5 5 521 522 523 524 525 526 527 528 511 512 513 514 515 516 517 518 0 0 0 0 0 0 0 0 1
6 6 621 622 623 624 625 626 627 628 611 612 613 614 615 616 617 618 0 0 0 0 0 0 0 0 1
7 7 721 722 723 724 711 712 713 714 0 0 0 0 0 0 0 0 0 0 0 0 0 0 0 0 1
8 8 821 822 823 824 825 826 827 828 811 812 813 814 815 816 817 818 0 0 0 0 0 0 0 0 1
9 9 0 0 0 0 0 0 0 0 0 0 0 0 0 0 0 0 0 0 0 0 0 0 0 0 1
10 10 0 0 0 0 0 0 0 0 0 0 0 0 0 0 0 0 0 0 0 0 0 0 0 0 1

[DANozzlePosition<1>]
IDNUM HEAD NPA NPB NPC

[EjectorPosition<1>]
IDNUM HEAD EPA EPB

[VagueFixFeederSetupRules]
IDNUM Name Priority Condition Assign NOT

[VagueFixFeederSetupRuleCondition]
IDNUM Join Type Operator Value NEXT

[VagueFixFeederSetupRuleAssign]
IDNUM Category MCType HeadType MachineNo TableNo NEXT

[USER_ExportOptions]
Lot=""

[ArrangementGroupCondition]
IDNUM CondID Priority
1 102 0
2 101 0
3 1 0
4 2 0
5 3 0
6 4 0
7 5 0
8 6 0
9 7 0
10 8 0
11 9 0
12 10 0

